,0
0,1
1,2
2,3
3,4
4,5
5,6
6,7
7,8
8,9
9,10
10,11
11,12
12,13
13,14
14,15
15,16
16,17
17,18
18,19
19,20
20,21
21,22
22,23
23,24
24,25
25,26
26,27
27,28
28,29
29,30
30,31
31,32
32,33
33,34
34,35
35,36
36,37
37,38
38,39
39,40
40,41
41,42
42,43
43,44
44,45
45,46
46,47
47,48
48,49
49,50
50,51
51,52
52,53
53,54
54,55
55,56
56,57
57,58
58,59
59,60
60,61
61,62
62,63
63,64
64,65
65,66
66,67
67,68
68,69
69,70
70,71
71,72
72,73
73,74
74,75
75,76
76,77
77,78
78,79
79,80
80,81
81,82
82,83
83,84
84,85
85,86
86,87
87,88
88,89
89,90
90,91
91,92
92,93
93,94
94,95
95,96
96,97
97,98
98,99
99,100
100,101
101,102
102,103
103,104
104,105
105,106
106,107
107,108
108,109
109,110
110,111
111,112
112,113
113,114
114,115
115,116
0 0,117
0 1,118
0 2,119
0 3,120
0 4,121
0 5,122
0 6,123
0 7,124
0 8,125
0 9,126
0 10,127
0 11,128
0 12,129
0 13,130
0 14,131
0 15,132
0 16,133
0 17,134
0 18,135
0 19,136
0 20,137
0 21,138
0 22,139
0 23,140
0 24,141
0 25,142
0 26,143
0 27,144
0 28,145
0 29,146
0 30,147
0 31,148
0 32,149
0 33,150
0 34,151
0 35,152
0 36,153
0 37,154
0 38,155
0 39,156
0 40,157
0 41,158
0 42,159
0 43,160
0 44,161
0 45,162
0 46,163
0 47,164
0 48,165
0 49,166
0 50,167
0 51,168
0 52,169
0 53,170
0 54,171
0 55,172
0 56,173
0 57,174
0 58,175
0 59,176
0 60,177
0 61,178
0 62,179
0 63,180
0 64,181
0 65,182
0 66,183
0 67,184
0 68,185
0 69,186
0 70,187
0 71,188
0 72,189
0 73,190
0 74,191
0 75,192
0 76,193
0 77,194
0 78,195
0 79,196
0 80,197
0 81,198
0 82,199
0 83,200
0 84,201
0 85,202
0 86,203
0 87,204
0 88,205
0 89,206
0 90,207
0 91,208
0 92,209
0 93,210
0 94,211
0 95,212
0 96,213
0 97,214
0 98,215
0 99,216
0 100,217
0 101,218
0 102,219
0 103,220
0 104,221
0 105,222
0 106,223
0 107,224
0 108,225
0 109,226
0 110,227
0 111,228
0 112,229
0 113,230
0 114,231
0 115,232
1 0,233
1 1,234
1 2,235
1 3,236
1 4,237
1 5,238
1 6,239
1 7,240
1 8,241
1 9,242
1 10,243
1 11,244
1 12,245
1 13,246
1 14,247
1 15,248
1 16,249
1 17,250
1 18,251
1 19,252
1 20,253
1 21,254
1 22,255
1 23,256
1 24,257
1 25,258
1 26,259
1 27,260
1 28,261
1 29,262
1 30,263
1 31,264
1 32,265
1 33,266
1 34,267
1 35,268
1 36,269
1 37,270
1 38,271
1 39,272
1 40,273
1 41,274
1 42,275
1 43,276
1 44,277
1 45,278
1 46,279
1 47,280
1 48,281
1 49,282
1 50,283
1 51,284
1 52,285
1 53,286
1 54,287
1 55,288
1 56,289
1 57,290
1 58,291
1 59,292
1 60,293
1 61,294
1 62,295
1 63,296
1 64,297
1 65,298
1 66,299
1 67,300
1 68,301
1 69,302
1 70,303
1 71,304
1 72,305
1 73,306
1 74,307
1 75,308
1 76,309
1 77,310
1 78,311
1 79,312
1 80,313
1 81,314
1 82,315
1 83,316
1 84,317
1 85,318
1 86,319
1 87,320
1 88,321
1 89,322
1 90,323
1 91,324
1 92,325
1 93,326
1 94,327
1 95,328
1 96,329
1 97,330
1 98,331
1 99,332
1 100,333
1 101,334
1 102,335
1 103,336
1 104,337
1 105,338
1 106,339
1 107,340
1 108,341
1 109,342
1 110,343
1 111,344
1 112,345
1 113,346
1 114,347
1 115,348
2 0,349
2 1,350
2 2,351
2 3,352
2 4,353
2 5,354
2 6,355
2 7,356
2 8,357
2 9,358
2 10,359
2 11,360
2 12,361
2 13,362
2 14,363
2 15,364
2 16,365
2 17,366
2 18,367
2 19,368
2 20,369
2 21,370
2 22,371
2 23,372
2 24,373
2 25,374
2 26,375
2 27,376
2 28,377
2 29,378
2 30,379
2 31,380
2 32,381
2 33,382
2 34,383
2 35,384
2 36,385
2 37,386
2 38,387
2 39,388
2 40,389
2 41,390
2 42,391
2 43,392
2 44,393
2 45,394
2 46,395
2 47,396
2 48,397
2 49,398
2 50,399
2 51,400
2 52,401
2 53,402
2 54,403
2 55,404
2 56,405
2 57,406
2 58,407
2 59,408
2 60,409
2 61,410
2 62,411
2 63,412
2 64,413
2 65,414
2 66,415
2 67,416
2 68,417
2 69,418
2 70,419
2 71,420
2 72,421
2 73,422
2 74,423
2 75,424
2 76,425
2 77,426
2 78,427
2 79,428
2 80,429
2 81,430
2 82,431
2 83,432
2 84,433
2 85,434
2 86,435
2 87,436
2 88,437
2 89,438
2 90,439
2 91,440
2 92,441
2 93,442
2 94,443
2 95,444
2 96,445
2 97,446
2 98,447
2 99,448
2 100,449
2 101,450
2 102,451
2 103,452
2 104,453
2 105,454
2 106,455
2 107,456
2 108,457
2 109,458
2 110,459
2 111,460
2 112,461
2 113,462
2 114,463
2 115,464
3 0,465
3 1,466
3 2,467
3 3,468
3 4,469
3 5,470
3 6,471
3 7,472
3 8,473
3 9,474
3 10,475
3 11,476
3 12,477
3 13,478
3 14,479
3 15,480
3 16,481
3 17,482
3 18,483
3 19,484
3 20,485
3 21,486
3 22,487
3 23,488
3 24,489
3 25,490
3 26,491
3 27,492
3 28,493
3 29,494
3 30,495
3 31,496
3 32,497
3 33,498
3 34,499
3 35,500
3 36,501
3 37,502
3 38,503
3 39,504
3 40,505
3 41,506
3 42,507
3 43,508
3 44,509
3 45,510
3 46,511
3 47,512
3 48,513
3 49,514
3 50,515
3 51,516
3 52,517
3 53,518
3 54,519
3 55,520
3 56,521
3 57,522
3 58,523
3 59,524
3 60,525
3 61,526
3 62,527
3 63,528
3 64,529
3 65,530
3 66,531
3 67,532
3 68,533
3 69,534
3 70,535
3 71,536
3 72,537
3 73,538
3 74,539
3 75,540
3 76,541
3 77,542
3 78,543
3 79,544
3 80,545
3 81,546
3 82,547
3 83,548
3 84,549
3 85,550
3 86,551
3 87,552
3 88,553
3 89,554
3 90,555
3 91,556
3 92,557
3 93,558
3 94,559
3 95,560
3 96,561
3 97,562
3 98,563
3 99,564
3 100,565
3 101,566
3 102,567
3 103,568
3 104,569
3 105,570
3 106,571
3 107,572
3 108,573
3 109,574
3 110,575
3 111,576
3 112,577
3 113,578
3 114,579
3 115,580
4 0,581
4 1,582
4 2,583
4 3,584
4 4,585
4 5,586
4 6,587
4 7,588
4 8,589
4 9,590
4 10,591
4 11,592
4 12,593
4 13,594
4 14,595
4 15,596
4 16,597
4 17,598
4 18,599
4 19,600
4 20,601
4 21,602
4 22,603
4 23,604
4 24,605
4 25,606
4 26,607
4 27,608
4 28,609
4 29,610
4 30,611
4 31,612
4 32,613
4 33,614
4 34,615
4 35,616
4 36,617
4 37,618
4 38,619
4 39,620
4 40,621
4 41,622
4 42,623
4 43,624
4 44,625
4 45,626
4 46,627
4 47,628
4 48,629
4 49,630
4 50,631
4 51,632
4 52,633
4 53,634
4 54,635
4 55,636
4 56,637
4 57,638
4 58,639
4 59,640
4 60,641
4 61,642
4 62,643
4 63,644
4 64,645
4 65,646
4 66,647
4 67,648
4 68,649
4 69,650
4 70,651
4 71,652
4 72,653
4 73,654
4 74,655
4 75,656
4 76,657
4 77,658
4 78,659
4 79,660
4 80,661
4 81,662
4 82,663
4 83,664
4 84,665
4 85,666
4 86,667
4 87,668
4 88,669
4 89,670
4 90,671
4 91,672
4 92,673
4 93,674
4 94,675
4 95,676
4 96,677
4 97,678
4 98,679
4 99,680
4 100,681
4 101,682
4 102,683
4 103,684
4 104,685
4 105,686
4 106,687
4 107,688
4 108,689
4 109,690
4 110,691
4 111,692
4 112,693
4 113,694
4 114,695
4 115,696
5 0,697
5 1,698
5 2,699
5 3,700
5 4,701
5 5,702
5 6,703
5 7,704
5 8,705
5 9,706
5 10,707
5 11,708
5 12,709
5 13,710
5 14,711
5 15,712
5 16,713
5 17,714
5 18,715
5 19,716
5 20,717
5 21,718
5 22,719
5 23,720
5 24,721
5 25,722
5 26,723
5 27,724
5 28,725
5 29,726
5 30,727
5 31,728
5 32,729
5 33,730
5 34,731
5 35,732
5 36,733
5 37,734
5 38,735
5 39,736
5 40,737
5 41,738
5 42,739
5 43,740
5 44,741
5 45,742
5 46,743
5 47,744
5 48,745
5 49,746
5 50,747
5 51,748
5 52,749
5 53,750
5 54,751
5 55,752
5 56,753
5 57,754
5 58,755
5 59,756
5 60,757
5 61,758
5 62,759
5 63,760
5 64,761
5 65,762
5 66,763
5 67,764
5 68,765
5 69,766
5 70,767
5 71,768
5 72,769
5 73,770
5 74,771
5 75,772
5 76,773
5 77,774
5 78,775
5 79,776
5 80,777
5 81,778
5 82,779
5 83,780
5 84,781
5 85,782
5 86,783
5 87,784
5 88,785
5 89,786
5 90,787
5 91,788
5 92,789
5 93,790
5 94,791
5 95,792
5 96,793
5 97,794
5 98,795
5 99,796
5 100,797
5 101,798
5 102,799
5 103,800
5 104,801
5 105,802
5 106,803
5 107,804
5 108,805
5 109,806
5 110,807
5 111,808
5 112,809
5 113,810
5 114,811
5 115,812
6 0,813
6 1,814
6 2,815
6 3,816
6 4,817
6 5,818
6 6,819
6 7,820
6 8,821
6 9,822
6 10,823
6 11,824
6 12,825
6 13,826
6 14,827
6 15,828
6 16,829
6 17,830
6 18,831
6 19,832
6 20,833
6 21,834
6 22,835
6 23,836
6 24,837
6 25,838
6 26,839
6 27,840
6 28,841
6 29,842
6 30,843
6 31,844
6 32,845
6 33,846
6 34,847
6 35,848
6 36,849
6 37,850
6 38,851
6 39,852
6 40,853
6 41,854
6 42,855
6 43,856
6 44,857
6 45,858
6 46,859
6 47,860
6 48,861
6 49,862
6 50,863
6 51,864
6 52,865
6 53,866
6 54,867
6 55,868
6 56,869
6 57,870
6 58,871
6 59,872
6 60,873
6 61,874
6 62,875
6 63,876
6 64,877
6 65,878
6 66,879
6 67,880
6 68,881
6 69,882
6 70,883
6 71,884
6 72,885
6 73,886
6 74,887
6 75,888
6 76,889
6 77,890
6 78,891
6 79,892
6 80,893
6 81,894
6 82,895
6 83,896
6 84,897
6 85,898
6 86,899
6 87,900
6 88,901
6 89,902
6 90,903
6 91,904
6 92,905
6 93,906
6 94,907
6 95,908
6 96,909
6 97,910
6 98,911
6 99,912
6 100,913
6 101,914
6 102,915
6 103,916
6 104,917
6 105,918
6 106,919
6 107,920
6 108,921
6 109,922
6 110,923
6 111,924
6 112,925
6 113,926
6 114,927
6 115,928
7 0,929
7 1,930
7 2,931
7 3,932
7 4,933
7 5,934
7 6,935
7 7,936
7 8,937
7 9,938
7 10,939
7 11,940
7 12,941
7 13,942
7 14,943
7 15,944
7 16,945
7 17,946
7 18,947
7 19,948
7 20,949
7 21,950
7 22,951
7 23,952
7 24,953
7 25,954
7 26,955
7 27,956
7 28,957
7 29,958
7 30,959
7 31,960
7 32,961
7 33,962
7 34,963
7 35,964
7 36,965
7 37,966
7 38,967
7 39,968
7 40,969
7 41,970
7 42,971
7 43,972
7 44,973
7 45,974
7 46,975
7 47,976
7 48,977
7 49,978
7 50,979
7 51,980
7 52,981
7 53,982
7 54,983
7 55,984
7 56,985
7 57,986
7 58,987
7 59,988
7 60,989
7 61,990
7 62,991
7 63,992
7 64,993
7 65,994
7 66,995
7 67,996
7 68,997
7 69,998
7 70,999
7 71,1000
7 72,1001
7 73,1002
7 74,1003
7 75,1004
7 76,1005
7 77,1006
7 78,1007
7 79,1008
7 80,1009
7 81,1010
7 82,1011
7 83,1012
7 84,1013
7 85,1014
7 86,1015
7 87,1016
7 88,1017
7 89,1018
7 90,1019
7 91,1020
7 92,1021
7 93,1022
7 94,1023
7 95,1024
7 96,1025
7 97,1026
7 98,1027
7 99,1028
7 100,1029
7 101,1030
7 102,1031
7 103,1032
7 104,1033
7 105,1034
7 106,1035
7 107,1036
7 108,1037
7 109,1038
7 110,1039
7 111,1040
7 112,1041
7 113,1042
7 114,1043
7 115,1044
8 0,1045
8 1,1046
8 2,1047
8 3,1048
8 4,1049
8 5,1050
8 6,1051
8 7,1052
8 8,1053
8 9,1054
8 10,1055
8 11,1056
8 12,1057
8 13,1058
8 14,1059
8 15,1060
8 16,1061
8 17,1062
8 18,1063
8 19,1064
8 20,1065
8 21,1066
8 22,1067
8 23,1068
8 24,1069
8 25,1070
8 26,1071
8 27,1072
8 28,1073
8 29,1074
8 30,1075
8 31,1076
8 32,1077
8 33,1078
8 34,1079
8 35,1080
8 36,1081
8 37,1082
8 38,1083
8 39,1084
8 40,1085
8 41,1086
8 42,1087
8 43,1088
8 44,1089
8 45,1090
8 46,1091
8 47,1092
8 48,1093
8 49,1094
8 50,1095
8 51,1096
8 52,1097
8 53,1098
8 54,1099
8 55,1100
8 56,1101
8 57,1102
8 58,1103
8 59,1104
8 60,1105
8 61,1106
8 62,1107
8 63,1108
8 64,1109
8 65,1110
8 66,1111
8 67,1112
8 68,1113
8 69,1114
8 70,1115
8 71,1116
8 72,1117
8 73,1118
8 74,1119
8 75,1120
8 76,1121
8 77,1122
8 78,1123
8 79,1124
8 80,1125
8 81,1126
8 82,1127
8 83,1128
8 84,1129
8 85,1130
8 86,1131
8 87,1132
8 88,1133
8 89,1134
8 90,1135
8 91,1136
8 92,1137
8 93,1138
8 94,1139
8 95,1140
8 96,1141
8 97,1142
8 98,1143
8 99,1144
8 100,1145
8 101,1146
8 102,1147
8 103,1148
8 104,1149
8 105,1150
8 106,1151
8 107,1152
8 108,1153
8 109,1154
8 110,1155
8 111,1156
8 112,1157
8 113,1158
8 114,1159
8 115,1160
9 0,1161
9 1,1162
9 2,1163
9 3,1164
9 4,1165
9 5,1166
9 6,1167
9 7,1168
9 8,1169
9 9,1170
9 10,1171
9 11,1172
9 12,1173
9 13,1174
9 14,1175
9 15,1176
9 16,1177
9 17,1178
9 18,1179
9 19,1180
9 20,1181
9 21,1182
9 22,1183
9 23,1184
9 24,1185
9 25,1186
9 26,1187
9 27,1188
9 28,1189
9 29,1190
9 30,1191
9 31,1192
9 32,1193
9 33,1194
9 34,1195
9 35,1196
9 36,1197
9 37,1198
9 38,1199
9 39,1200
9 40,1201
9 41,1202
9 42,1203
9 43,1204
9 44,1205
9 45,1206
9 46,1207
9 47,1208
9 48,1209
9 49,1210
9 50,1211
9 51,1212
9 52,1213
9 53,1214
9 54,1215
9 55,1216
9 56,1217
9 57,1218
9 58,1219
9 59,1220
9 60,1221
9 61,1222
9 62,1223
9 63,1224
9 64,1225
9 65,1226
9 66,1227
9 67,1228
9 68,1229
9 69,1230
9 70,1231
9 71,1232
9 72,1233
9 73,1234
9 74,1235
9 75,1236
9 76,1237
9 77,1238
9 78,1239
9 79,1240
9 80,1241
9 81,1242
9 82,1243
9 83,1244
9 84,1245
9 85,1246
9 86,1247
9 87,1248
9 88,1249
9 89,1250
9 90,1251
9 91,1252
9 92,1253
9 93,1254
9 94,1255
9 95,1256
9 96,1257
9 97,1258
9 98,1259
9 99,1260
9 100,1261
9 101,1262
9 102,1263
9 103,1264
9 104,1265
9 105,1266
9 106,1267
9 107,1268
9 108,1269
9 109,1270
9 110,1271
9 111,1272
9 112,1273
9 113,1274
9 114,1275
9 115,1276
10 0,1277
10 1,1278
10 2,1279
10 3,1280
10 4,1281
10 5,1282
10 6,1283
10 7,1284
10 8,1285
10 9,1286
10 10,1287
10 11,1288
10 12,1289
10 13,1290
10 14,1291
10 15,1292
10 16,1293
10 17,1294
10 18,1295
10 19,1296
10 20,1297
10 21,1298
10 22,1299
10 23,1300
10 24,1301
10 25,1302
10 26,1303
10 27,1304
10 28,1305
10 29,1306
10 30,1307
10 31,1308
10 32,1309
10 33,1310
10 34,1311
10 35,1312
10 36,1313
10 37,1314
10 38,1315
10 39,1316
10 40,1317
10 41,1318
10 42,1319
10 43,1320
10 44,1321
10 45,1322
10 46,1323
10 47,1324
10 48,1325
10 49,1326
10 50,1327
10 51,1328
10 52,1329
10 53,1330
10 54,1331
10 55,1332
10 56,1333
10 57,1334
10 58,1335
10 59,1336
10 60,1337
10 61,1338
10 62,1339
10 63,1340
10 64,1341
10 65,1342
10 66,1343
10 67,1344
10 68,1345
10 69,1346
10 70,1347
10 71,1348
10 72,1349
10 73,1350
10 74,1351
10 75,1352
10 76,1353
10 77,1354
10 78,1355
10 79,1356
10 80,1357
10 81,1358
10 82,1359
10 83,1360
10 84,1361
10 85,1362
10 86,1363
10 87,1364
10 88,1365
10 89,1366
10 90,1367
10 91,1368
10 92,1369
10 93,1370
10 94,1371
10 95,1372
10 96,1373
10 97,1374
10 98,1375
10 99,1376
10 100,1377
10 101,1378
10 102,1379
10 103,1380
10 104,1381
10 105,1382
10 106,1383
10 107,1384
10 108,1385
10 109,1386
10 110,1387
10 111,1388
10 112,1389
10 113,1390
10 114,1391
10 115,1392
11 0,1393
11 1,1394
11 2,1395
11 3,1396
11 4,1397
11 5,1398
11 6,1399
11 7,1400
11 8,1401
11 9,1402
11 10,1403
11 11,1404
11 12,1405
11 13,1406
11 14,1407
11 15,1408
11 16,1409
11 17,1410
11 18,1411
11 19,1412
11 20,1413
11 21,1414
11 22,1415
11 23,1416
11 24,1417
11 25,1418
11 26,1419
11 27,1420
11 28,1421
11 29,1422
11 30,1423
11 31,1424
11 32,1425
11 33,1426
11 34,1427
11 35,1428
11 36,1429
11 37,1430
11 38,1431
11 39,1432
11 40,1433
11 41,1434
11 42,1435
11 43,1436
11 44,1437
11 45,1438
11 46,1439
11 47,1440
11 48,1441
11 49,1442
11 50,1443
11 51,1444
11 52,1445
11 53,1446
11 54,1447
11 55,1448
11 56,1449
11 57,1450
11 58,1451
11 59,1452
11 60,1453
11 61,1454
11 62,1455
11 63,1456
11 64,1457
11 65,1458
11 66,1459
11 67,1460
11 68,1461
11 69,1462
11 70,1463
11 71,1464
11 72,1465
11 73,1466
11 74,1467
11 75,1468
11 76,1469
11 77,1470
11 78,1471
11 79,1472
11 80,1473
11 81,1474
11 82,1475
11 83,1476
11 84,1477
11 85,1478
11 86,1479
11 87,1480
11 88,1481
11 89,1482
11 90,1483
11 91,1484
11 92,1485
11 93,1486
11 94,1487
11 95,1488
11 96,1489
11 97,1490
11 98,1491
11 99,1492
11 100,1493
11 101,1494
11 102,1495
11 103,1496
11 104,1497
11 105,1498
11 106,1499
11 107,1500
11 108,1501
11 109,1502
11 110,1503
11 111,1504
11 112,1505
11 113,1506
11 114,1507
11 115,1508
12 0,1509
12 1,1510
12 2,1511
12 3,1512
12 4,1513
12 5,1514
12 6,1515
12 7,1516
12 8,1517
12 9,1518
12 10,1519
12 11,1520
12 12,1521
12 13,1522
12 14,1523
12 15,1524
12 16,1525
12 17,1526
12 18,1527
12 19,1528
12 20,1529
12 21,1530
12 22,1531
12 23,1532
12 24,1533
12 25,1534
12 26,1535
12 27,1536
12 28,1537
12 29,1538
12 30,1539
12 31,1540
12 32,1541
12 33,1542
12 34,1543
12 35,1544
12 36,1545
12 37,1546
12 38,1547
12 39,1548
12 40,1549
12 41,1550
12 42,1551
12 43,1552
12 44,1553
12 45,1554
12 46,1555
12 47,1556
12 48,1557
12 49,1558
12 50,1559
12 51,1560
12 52,1561
12 53,1562
12 54,1563
12 55,1564
12 56,1565
12 57,1566
12 58,1567
12 59,1568
12 60,1569
12 61,1570
12 62,1571
12 63,1572
12 64,1573
12 65,1574
12 66,1575
12 67,1576
12 68,1577
12 69,1578
12 70,1579
12 71,1580
12 72,1581
12 73,1582
12 74,1583
12 75,1584
12 76,1585
12 77,1586
12 78,1587
12 79,1588
12 80,1589
12 81,1590
12 82,1591
12 83,1592
12 84,1593
12 85,1594
12 86,1595
12 87,1596
12 88,1597
12 89,1598
12 90,1599
12 91,1600
12 92,1601
12 93,1602
12 94,1603
12 95,1604
12 96,1605
12 97,1606
12 98,1607
12 99,1608
12 100,1609
12 101,1610
12 102,1611
12 103,1612
12 104,1613
12 105,1614
12 106,1615
12 107,1616
12 108,1617
12 109,1618
12 110,1619
12 111,1620
12 112,1621
12 113,1622
12 114,1623
12 115,1624
13 0,1625
13 1,1626
13 2,1627
13 3,1628
13 4,1629
13 5,1630
13 6,1631
13 7,1632
13 8,1633
13 9,1634
13 10,1635
13 11,1636
13 12,1637
13 13,1638
13 14,1639
13 15,1640
13 16,1641
13 17,1642
13 18,1643
13 19,1644
13 20,1645
13 21,1646
13 22,1647
13 23,1648
13 24,1649
13 25,1650
13 26,1651
13 27,1652
13 28,1653
13 29,1654
13 30,1655
13 31,1656
13 32,1657
13 33,1658
13 34,1659
13 35,1660
13 36,1661
13 37,1662
13 38,1663
13 39,1664
13 40,1665
13 41,1666
13 42,1667
13 43,1668
13 44,1669
13 45,1670
13 46,1671
13 47,1672
13 48,1673
13 49,1674
13 50,1675
13 51,1676
13 52,1677
13 53,1678
13 54,1679
13 55,1680
13 56,1681
13 57,1682
13 58,1683
13 59,1684
13 60,1685
13 61,1686
13 62,1687
13 63,1688
13 64,1689
13 65,1690
13 66,1691
13 67,1692
13 68,1693
13 69,1694
13 70,1695
13 71,1696
13 72,1697
13 73,1698
13 74,1699
13 75,1700
13 76,1701
13 77,1702
13 78,1703
13 79,1704
13 80,1705
13 81,1706
13 82,1707
13 83,1708
13 84,1709
13 85,1710
13 86,1711
13 87,1712
13 88,1713
13 89,1714
13 90,1715
13 91,1716
13 92,1717
13 93,1718
13 94,1719
13 95,1720
13 96,1721
13 97,1722
13 98,1723
13 99,1724
13 100,1725
13 101,1726
13 102,1727
13 103,1728
13 104,1729
13 105,1730
13 106,1731
13 107,1732
13 108,1733
13 109,1734
13 110,1735
13 111,1736
13 112,1737
13 113,1738
13 114,1739
13 115,1740
14 0,1741
14 1,1742
14 2,1743
14 3,1744
14 4,1745
14 5,1746
14 6,1747
14 7,1748
14 8,1749
14 9,1750
14 10,1751
14 11,1752
14 12,1753
14 13,1754
14 14,1755
14 15,1756
14 16,1757
14 17,1758
14 18,1759
14 19,1760
14 20,1761
14 21,1762
14 22,1763
14 23,1764
14 24,1765
14 25,1766
14 26,1767
14 27,1768
14 28,1769
14 29,1770
14 30,1771
14 31,1772
14 32,1773
14 33,1774
14 34,1775
14 35,1776
14 36,1777
14 37,1778
14 38,1779
14 39,1780
14 40,1781
14 41,1782
14 42,1783
14 43,1784
14 44,1785
14 45,1786
14 46,1787
14 47,1788
14 48,1789
14 49,1790
14 50,1791
14 51,1792
14 52,1793
14 53,1794
14 54,1795
14 55,1796
14 56,1797
14 57,1798
14 58,1799
14 59,1800
14 60,1801
14 61,1802
14 62,1803
14 63,1804
14 64,1805
14 65,1806
14 66,1807
14 67,1808
14 68,1809
14 69,1810
14 70,1811
14 71,1812
14 72,1813
14 73,1814
14 74,1815
14 75,1816
14 76,1817
14 77,1818
14 78,1819
14 79,1820
14 80,1821
14 81,1822
14 82,1823
14 83,1824
14 84,1825
14 85,1826
14 86,1827
14 87,1828
14 88,1829
14 89,1830
14 90,1831
14 91,1832
14 92,1833
14 93,1834
14 94,1835
14 95,1836
14 96,1837
14 97,1838
14 98,1839
14 99,1840
14 100,1841
14 101,1842
14 102,1843
14 103,1844
14 104,1845
14 105,1846
14 106,1847
14 107,1848
14 108,1849
14 109,1850
14 110,1851
14 111,1852
14 112,1853
14 113,1854
14 114,1855
14 115,1856
15 0,1857
15 1,1858
15 2,1859
15 3,1860
15 4,1861
15 5,1862
15 6,1863
15 7,1864
15 8,1865
15 9,1866
15 10,1867
15 11,1868
15 12,1869
15 13,1870
15 14,1871
15 15,1872
15 16,1873
15 17,1874
15 18,1875
15 19,1876
15 20,1877
15 21,1878
15 22,1879
15 23,1880
15 24,1881
15 25,1882
15 26,1883
15 27,1884
15 28,1885
15 29,1886
15 30,1887
15 31,1888
15 32,1889
15 33,1890
15 34,1891
15 35,1892
15 36,1893
15 37,1894
15 38,1895
15 39,1896
15 40,1897
15 41,1898
15 42,1899
15 43,1900
15 44,1901
15 45,1902
15 46,1903
15 47,1904
15 48,1905
15 49,1906
15 50,1907
15 51,1908
15 52,1909
15 53,1910
15 54,1911
15 55,1912
15 56,1913
15 57,1914
15 58,1915
15 59,1916
15 60,1917
15 61,1918
15 62,1919
15 63,1920
15 64,1921
15 65,1922
15 66,1923
15 67,1924
15 68,1925
15 69,1926
15 70,1927
15 71,1928
15 72,1929
15 73,1930
15 74,1931
15 75,1932
15 76,1933
15 77,1934
15 78,1935
15 79,1936
15 80,1937
15 81,1938
15 82,1939
15 83,1940
15 84,1941
15 85,1942
15 86,1943
15 87,1944
15 88,1945
15 89,1946
15 90,1947
15 91,1948
15 92,1949
15 93,1950
15 94,1951
15 95,1952
15 96,1953
15 97,1954
15 98,1955
15 99,1956
15 100,1957
15 101,1958
15 102,1959
15 103,1960
15 104,1961
15 105,1962
15 106,1963
15 107,1964
15 108,1965
15 109,1966
15 110,1967
15 111,1968
15 112,1969
15 113,1970
15 114,1971
15 115,1972
16 0,1973
16 1,1974
16 2,1975
16 3,1976
16 4,1977
16 5,1978
16 6,1979
16 7,1980
16 8,1981
16 9,1982
16 10,1983
16 11,1984
16 12,1985
16 13,1986
16 14,1987
16 15,1988
16 16,1989
16 17,1990
16 18,1991
16 19,1992
16 20,1993
16 21,1994
16 22,1995
16 23,1996
16 24,1997
16 25,1998
16 26,1999
16 27,2000
16 28,2001
16 29,2002
16 30,2003
16 31,2004
16 32,2005
16 33,2006
16 34,2007
16 35,2008
16 36,2009
16 37,2010
16 38,2011
16 39,2012
16 40,2013
16 41,2014
16 42,2015
16 43,2016
16 44,2017
16 45,2018
16 46,2019
16 47,2020
16 48,2021
16 49,2022
16 50,2023
16 51,2024
16 52,2025
16 53,2026
16 54,2027
16 55,2028
16 56,2029
16 57,2030
16 58,2031
16 59,2032
16 60,2033
16 61,2034
16 62,2035
16 63,2036
16 64,2037
16 65,2038
16 66,2039
16 67,2040
16 68,2041
16 69,2042
16 70,2043
16 71,2044
16 72,2045
16 73,2046
16 74,2047
16 75,2048
16 76,2049
16 77,2050
16 78,2051
16 79,2052
16 80,2053
16 81,2054
16 82,2055
16 83,2056
16 84,2057
16 85,2058
16 86,2059
16 87,2060
16 88,2061
16 89,2062
16 90,2063
16 91,2064
16 92,2065
16 93,2066
16 94,2067
16 95,2068
16 96,2069
16 97,2070
16 98,2071
16 99,2072
16 100,2073
16 101,2074
16 102,2075
16 103,2076
16 104,2077
16 105,2078
16 106,2079
16 107,2080
16 108,2081
16 109,2082
16 110,2083
16 111,2084
16 112,2085
16 113,2086
16 114,2087
16 115,2088
17 0,2089
17 1,2090
17 2,2091
17 3,2092
17 4,2093
17 5,2094
17 6,2095
17 7,2096
17 8,2097
17 9,2098
17 10,2099
17 11,2100
17 12,2101
17 13,2102
17 14,2103
17 15,2104
17 16,2105
17 17,2106
17 18,2107
17 19,2108
17 20,2109
17 21,2110
17 22,2111
17 23,2112
17 24,2113
17 25,2114
17 26,2115
17 27,2116
17 28,2117
17 29,2118
17 30,2119
17 31,2120
17 32,2121
17 33,2122
17 34,2123
17 35,2124
17 36,2125
17 37,2126
17 38,2127
17 39,2128
17 40,2129
17 41,2130
17 42,2131
17 43,2132
17 44,2133
17 45,2134
17 46,2135
17 47,2136
17 48,2137
17 49,2138
17 50,2139
17 51,2140
17 52,2141
17 53,2142
17 54,2143
17 55,2144
17 56,2145
17 57,2146
17 58,2147
17 59,2148
17 60,2149
17 61,2150
17 62,2151
17 63,2152
17 64,2153
17 65,2154
17 66,2155
17 67,2156
17 68,2157
17 69,2158
17 70,2159
17 71,2160
17 72,2161
17 73,2162
17 74,2163
17 75,2164
17 76,2165
17 77,2166
17 78,2167
17 79,2168
17 80,2169
17 81,2170
17 82,2171
17 83,2172
17 84,2173
17 85,2174
17 86,2175
17 87,2176
17 88,2177
17 89,2178
17 90,2179
17 91,2180
17 92,2181
17 93,2182
17 94,2183
17 95,2184
17 96,2185
17 97,2186
17 98,2187
17 99,2188
17 100,2189
17 101,2190
17 102,2191
17 103,2192
17 104,2193
17 105,2194
17 106,2195
17 107,2196
17 108,2197
17 109,2198
17 110,2199
17 111,2200
17 112,2201
17 113,2202
17 114,2203
17 115,2204
18 0,2205
18 1,2206
18 2,2207
18 3,2208
18 4,2209
18 5,2210
18 6,2211
18 7,2212
18 8,2213
18 9,2214
18 10,2215
18 11,2216
18 12,2217
18 13,2218
18 14,2219
18 15,2220
18 16,2221
18 17,2222
18 18,2223
18 19,2224
18 20,2225
18 21,2226
18 22,2227
18 23,2228
18 24,2229
18 25,2230
18 26,2231
18 27,2232
18 28,2233
18 29,2234
18 30,2235
18 31,2236
18 32,2237
18 33,2238
18 34,2239
18 35,2240
18 36,2241
18 37,2242
18 38,2243
18 39,2244
18 40,2245
18 41,2246
18 42,2247
18 43,2248
18 44,2249
18 45,2250
18 46,2251
18 47,2252
18 48,2253
18 49,2254
18 50,2255
18 51,2256
18 52,2257
18 53,2258
18 54,2259
18 55,2260
18 56,2261
18 57,2262
18 58,2263
18 59,2264
18 60,2265
18 61,2266
18 62,2267
18 63,2268
18 64,2269
18 65,2270
18 66,2271
18 67,2272
18 68,2273
18 69,2274
18 70,2275
18 71,2276
18 72,2277
18 73,2278
18 74,2279
18 75,2280
18 76,2281
18 77,2282
18 78,2283
18 79,2284
18 80,2285
18 81,2286
18 82,2287
18 83,2288
18 84,2289
18 85,2290
18 86,2291
18 87,2292
18 88,2293
18 89,2294
18 90,2295
18 91,2296
18 92,2297
18 93,2298
18 94,2299
18 95,2300
18 96,2301
18 97,2302
18 98,2303
18 99,2304
18 100,2305
18 101,2306
18 102,2307
18 103,2308
18 104,2309
18 105,2310
18 106,2311
18 107,2312
18 108,2313
18 109,2314
18 110,2315
18 111,2316
18 112,2317
18 113,2318
18 114,2319
18 115,2320
19 0,2321
19 1,2322
19 2,2323
19 3,2324
19 4,2325
19 5,2326
19 6,2327
19 7,2328
19 8,2329
19 9,2330
19 10,2331
19 11,2332
19 12,2333
19 13,2334
19 14,2335
19 15,2336
19 16,2337
19 17,2338
19 18,2339
19 19,2340
19 20,2341
19 21,2342
19 22,2343
19 23,2344
19 24,2345
19 25,2346
19 26,2347
19 27,2348
19 28,2349
19 29,2350
19 30,2351
19 31,2352
19 32,2353
19 33,2354
19 34,2355
19 35,2356
19 36,2357
19 37,2358
19 38,2359
19 39,2360
19 40,2361
19 41,2362
19 42,2363
19 43,2364
19 44,2365
19 45,2366
19 46,2367
19 47,2368
19 48,2369
19 49,2370
19 50,2371
19 51,2372
19 52,2373
19 53,2374
19 54,2375
19 55,2376
19 56,2377
19 57,2378
19 58,2379
19 59,2380
19 60,2381
19 61,2382
19 62,2383
19 63,2384
19 64,2385
19 65,2386
19 66,2387
19 67,2388
19 68,2389
19 69,2390
19 70,2391
19 71,2392
19 72,2393
19 73,2394
19 74,2395
19 75,2396
19 76,2397
19 77,2398
19 78,2399
19 79,2400
19 80,2401
19 81,2402
19 82,2403
19 83,2404
19 84,2405
19 85,2406
19 86,2407
19 87,2408
19 88,2409
19 89,2410
19 90,2411
19 91,2412
19 92,2413
19 93,2414
19 94,2415
19 95,2416
19 96,2417
19 97,2418
19 98,2419
19 99,2420
19 100,2421
19 101,2422
19 102,2423
19 103,2424
19 104,2425
19 105,2426
19 106,2427
19 107,2428
19 108,2429
19 109,2430
19 110,2431
19 111,2432
19 112,2433
19 113,2434
19 114,2435
19 115,2436
20 0,2437
20 1,2438
20 2,2439
20 3,2440
20 4,2441
20 5,2442
20 6,2443
20 7,2444
20 8,2445
20 9,2446
20 10,2447
20 11,2448
20 12,2449
20 13,2450
20 14,2451
20 15,2452
20 16,2453
20 17,2454
20 18,2455
20 19,2456
20 20,2457
20 21,2458
20 22,2459
20 23,2460
20 24,2461
20 25,2462
20 26,2463
20 27,2464
20 28,2465
20 29,2466
20 30,2467
20 31,2468
20 32,2469
20 33,2470
20 34,2471
20 35,2472
20 36,2473
20 37,2474
20 38,2475
20 39,2476
20 40,2477
20 41,2478
20 42,2479
20 43,2480
20 44,2481
20 45,2482
20 46,2483
20 47,2484
20 48,2485
20 49,2486
20 50,2487
20 51,2488
20 52,2489
20 53,2490
20 54,2491
20 55,2492
20 56,2493
20 57,2494
20 58,2495
20 59,2496
20 60,2497
20 61,2498
20 62,2499
20 63,2500
20 64,2501
20 65,2502
20 66,2503
20 67,2504
20 68,2505
20 69,2506
20 70,2507
20 71,2508
20 72,2509
20 73,2510
20 74,2511
20 75,2512
20 76,2513
20 77,2514
20 78,2515
20 79,2516
20 80,2517
20 81,2518
20 82,2519
20 83,2520
20 84,2521
20 85,2522
20 86,2523
20 87,2524
20 88,2525
20 89,2526
20 90,2527
20 91,2528
20 92,2529
20 93,2530
20 94,2531
20 95,2532
20 96,2533
20 97,2534
20 98,2535
20 99,2536
20 100,2537
20 101,2538
20 102,2539
20 103,2540
20 104,2541
20 105,2542
20 106,2543
20 107,2544
20 108,2545
20 109,2546
20 110,2547
20 111,2548
20 112,2549
20 113,2550
20 114,2551
20 115,2552
21 0,2553
21 1,2554
21 2,2555
21 3,2556
21 4,2557
21 5,2558
21 6,2559
21 7,2560
21 8,2561
21 9,2562
21 10,2563
21 11,2564
21 12,2565
21 13,2566
21 14,2567
21 15,2568
21 16,2569
21 17,2570
21 18,2571
21 19,2572
21 20,2573
21 21,2574
21 22,2575
21 23,2576
21 24,2577
21 25,2578
21 26,2579
21 27,2580
21 28,2581
21 29,2582
21 30,2583
21 31,2584
21 32,2585
21 33,2586
21 34,2587
21 35,2588
21 36,2589
21 37,2590
21 38,2591
21 39,2592
21 40,2593
21 41,2594
21 42,2595
21 43,2596
21 44,2597
21 45,2598
21 46,2599
21 47,2600
21 48,2601
21 49,2602
21 50,2603
21 51,2604
21 52,2605
21 53,2606
21 54,2607
21 55,2608
21 56,2609
21 57,2610
21 58,2611
21 59,2612
21 60,2613
21 61,2614
21 62,2615
21 63,2616
21 64,2617
21 65,2618
21 66,2619
21 67,2620
21 68,2621
21 69,2622
21 70,2623
21 71,2624
21 72,2625
21 73,2626
21 74,2627
21 75,2628
21 76,2629
21 77,2630
21 78,2631
21 79,2632
21 80,2633
21 81,2634
21 82,2635
21 83,2636
21 84,2637
21 85,2638
21 86,2639
21 87,2640
21 88,2641
21 89,2642
21 90,2643
21 91,2644
21 92,2645
21 93,2646
21 94,2647
21 95,2648
21 96,2649
21 97,2650
21 98,2651
21 99,2652
21 100,2653
21 101,2654
21 102,2655
21 103,2656
21 104,2657
21 105,2658
21 106,2659
21 107,2660
21 108,2661
21 109,2662
21 110,2663
21 111,2664
21 112,2665
21 113,2666
21 114,2667
21 115,2668
22 0,2669
22 1,2670
22 2,2671
22 3,2672
22 4,2673
22 5,2674
22 6,2675
22 7,2676
22 8,2677
22 9,2678
22 10,2679
22 11,2680
22 12,2681
22 13,2682
22 14,2683
22 15,2684
22 16,2685
22 17,2686
22 18,2687
22 19,2688
22 20,2689
22 21,2690
22 22,2691
22 23,2692
22 24,2693
22 25,2694
22 26,2695
22 27,2696
22 28,2697
22 29,2698
22 30,2699
22 31,2700
22 32,2701
22 33,2702
22 34,2703
22 35,2704
22 36,2705
22 37,2706
22 38,2707
22 39,2708
22 40,2709
22 41,2710
22 42,2711
22 43,2712
22 44,2713
22 45,2714
22 46,2715
22 47,2716
22 48,2717
22 49,2718
22 50,2719
22 51,2720
22 52,2721
22 53,2722
22 54,2723
22 55,2724
22 56,2725
22 57,2726
22 58,2727
22 59,2728
22 60,2729
22 61,2730
22 62,2731
22 63,2732
22 64,2733
22 65,2734
22 66,2735
22 67,2736
22 68,2737
22 69,2738
22 70,2739
22 71,2740
22 72,2741
22 73,2742
22 74,2743
22 75,2744
22 76,2745
22 77,2746
22 78,2747
22 79,2748
22 80,2749
22 81,2750
22 82,2751
22 83,2752
22 84,2753
22 85,2754
22 86,2755
22 87,2756
22 88,2757
22 89,2758
22 90,2759
22 91,2760
22 92,2761
22 93,2762
22 94,2763
22 95,2764
22 96,2765
22 97,2766
22 98,2767
22 99,2768
22 100,2769
22 101,2770
22 102,2771
22 103,2772
22 104,2773
22 105,2774
22 106,2775
22 107,2776
22 108,2777
22 109,2778
22 110,2779
22 111,2780
22 112,2781
22 113,2782
22 114,2783
22 115,2784
23 0,2785
23 1,2786
23 2,2787
23 3,2788
23 4,2789
23 5,2790
23 6,2791
23 7,2792
23 8,2793
23 9,2794
23 10,2795
23 11,2796
23 12,2797
23 13,2798
23 14,2799
23 15,2800
23 16,2801
23 17,2802
23 18,2803
23 19,2804
23 20,2805
23 21,2806
23 22,2807
23 23,2808
23 24,2809
23 25,2810
23 26,2811
23 27,2812
23 28,2813
23 29,2814
23 30,2815
23 31,2816
23 32,2817
23 33,2818
23 34,2819
23 35,2820
23 36,2821
23 37,2822
23 38,2823
23 39,2824
23 40,2825
23 41,2826
23 42,2827
23 43,2828
23 44,2829
23 45,2830
23 46,2831
23 47,2832
23 48,2833
23 49,2834
23 50,2835
23 51,2836
23 52,2837
23 53,2838
23 54,2839
23 55,2840
23 56,2841
23 57,2842
23 58,2843
23 59,2844
23 60,2845
23 61,2846
23 62,2847
23 63,2848
23 64,2849
23 65,2850
23 66,2851
23 67,2852
23 68,2853
23 69,2854
23 70,2855
23 71,2856
23 72,2857
23 73,2858
23 74,2859
23 75,2860
23 76,2861
23 77,2862
23 78,2863
23 79,2864
23 80,2865
23 81,2866
23 82,2867
23 83,2868
23 84,2869
23 85,2870
23 86,2871
23 87,2872
23 88,2873
23 89,2874
23 90,2875
23 91,2876
23 92,2877
23 93,2878
23 94,2879
23 95,2880
23 96,2881
23 97,2882
23 98,2883
23 99,2884
23 100,2885
23 101,2886
23 102,2887
23 103,2888
23 104,2889
23 105,2890
23 106,2891
23 107,2892
23 108,2893
23 109,2894
23 110,2895
23 111,2896
23 112,2897
23 113,2898
23 114,2899
23 115,2900
24 0,2901
24 1,2902
24 2,2903
24 3,2904
24 4,2905
24 5,2906
24 6,2907
24 7,2908
24 8,2909
24 9,2910
24 10,2911
24 11,2912
24 12,2913
24 13,2914
24 14,2915
24 15,2916
24 16,2917
24 17,2918
24 18,2919
24 19,2920
24 20,2921
24 21,2922
24 22,2923
24 23,2924
24 24,2925
24 25,2926
24 26,2927
24 27,2928
24 28,2929
24 29,2930
24 30,2931
24 31,2932
24 32,2933
24 33,2934
24 34,2935
24 35,2936
24 36,2937
24 37,2938
24 38,2939
24 39,2940
24 40,2941
24 41,2942
24 42,2943
24 43,2944
24 44,2945
24 45,2946
24 46,2947
24 47,2948
24 48,2949
24 49,2950
24 50,2951
24 51,2952
24 52,2953
24 53,2954
24 54,2955
24 55,2956
24 56,2957
24 57,2958
24 58,2959
24 59,2960
24 60,2961
24 61,2962
24 62,2963
24 63,2964
24 64,2965
24 65,2966
24 66,2967
24 67,2968
24 68,2969
24 69,2970
24 70,2971
24 71,2972
24 72,2973
24 73,2974
24 74,2975
24 75,2976
24 76,2977
24 77,2978
24 78,2979
24 79,2980
24 80,2981
24 81,2982
24 82,2983
24 83,2984
24 84,2985
24 85,2986
24 86,2987
24 87,2988
24 88,2989
24 89,2990
24 90,2991
24 91,2992
24 92,2993
24 93,2994
24 94,2995
24 95,2996
24 96,2997
24 97,2998
24 98,2999
24 99,3000
24 100,3001
24 101,3002
24 102,3003
24 103,3004
24 104,3005
24 105,3006
24 106,3007
24 107,3008
24 108,3009
24 109,3010
24 110,3011
24 111,3012
24 112,3013
24 113,3014
24 114,3015
24 115,3016
25 0,3017
25 1,3018
25 2,3019
25 3,3020
25 4,3021
25 5,3022
25 6,3023
25 7,3024
25 8,3025
25 9,3026
25 10,3027
25 11,3028
25 12,3029
25 13,3030
25 14,3031
25 15,3032
25 16,3033
25 17,3034
25 18,3035
25 19,3036
25 20,3037
25 21,3038
25 22,3039
25 23,3040
25 24,3041
25 25,3042
25 26,3043
25 27,3044
25 28,3045
25 29,3046
25 30,3047
25 31,3048
25 32,3049
25 33,3050
25 34,3051
25 35,3052
25 36,3053
25 37,3054
25 38,3055
25 39,3056
25 40,3057
25 41,3058
25 42,3059
25 43,3060
25 44,3061
25 45,3062
25 46,3063
25 47,3064
25 48,3065
25 49,3066
25 50,3067
25 51,3068
25 52,3069
25 53,3070
25 54,3071
25 55,3072
25 56,3073
25 57,3074
25 58,3075
25 59,3076
25 60,3077
25 61,3078
25 62,3079
25 63,3080
25 64,3081
25 65,3082
25 66,3083
25 67,3084
25 68,3085
25 69,3086
25 70,3087
25 71,3088
25 72,3089
25 73,3090
25 74,3091
25 75,3092
25 76,3093
25 77,3094
25 78,3095
25 79,3096
25 80,3097
25 81,3098
25 82,3099
25 83,3100
25 84,3101
25 85,3102
25 86,3103
25 87,3104
25 88,3105
25 89,3106
25 90,3107
25 91,3108
25 92,3109
25 93,3110
25 94,3111
25 95,3112
25 96,3113
25 97,3114
25 98,3115
25 99,3116
25 100,3117
25 101,3118
25 102,3119
25 103,3120
25 104,3121
25 105,3122
25 106,3123
25 107,3124
25 108,3125
25 109,3126
25 110,3127
25 111,3128
25 112,3129
25 113,3130
25 114,3131
25 115,3132
26 0,3133
26 1,3134
26 2,3135
26 3,3136
26 4,3137
26 5,3138
26 6,3139
26 7,3140
26 8,3141
26 9,3142
26 10,3143
26 11,3144
26 12,3145
26 13,3146
26 14,3147
26 15,3148
26 16,3149
26 17,3150
26 18,3151
26 19,3152
26 20,3153
26 21,3154
26 22,3155
26 23,3156
26 24,3157
26 25,3158
26 26,3159
26 27,3160
26 28,3161
26 29,3162
26 30,3163
26 31,3164
26 32,3165
26 33,3166
26 34,3167
26 35,3168
26 36,3169
26 37,3170
26 38,3171
26 39,3172
26 40,3173
26 41,3174
26 42,3175
26 43,3176
26 44,3177
26 45,3178
26 46,3179
26 47,3180
26 48,3181
26 49,3182
26 50,3183
26 51,3184
26 52,3185
26 53,3186
26 54,3187
26 55,3188
26 56,3189
26 57,3190
26 58,3191
26 59,3192
26 60,3193
26 61,3194
26 62,3195
26 63,3196
26 64,3197
26 65,3198
26 66,3199
26 67,3200
26 68,3201
26 69,3202
26 70,3203
26 71,3204
26 72,3205
26 73,3206
26 74,3207
26 75,3208
26 76,3209
26 77,3210
26 78,3211
26 79,3212
26 80,3213
26 81,3214
26 82,3215
26 83,3216
26 84,3217
26 85,3218
26 86,3219
26 87,3220
26 88,3221
26 89,3222
26 90,3223
26 91,3224
26 92,3225
26 93,3226
26 94,3227
26 95,3228
26 96,3229
26 97,3230
26 98,3231
26 99,3232
26 100,3233
26 101,3234
26 102,3235
26 103,3236
26 104,3237
26 105,3238
26 106,3239
26 107,3240
26 108,3241
26 109,3242
26 110,3243
26 111,3244
26 112,3245
26 113,3246
26 114,3247
26 115,3248
27 0,3249
27 1,3250
27 2,3251
27 3,3252
27 4,3253
27 5,3254
27 6,3255
27 7,3256
27 8,3257
27 9,3258
27 10,3259
27 11,3260
27 12,3261
27 13,3262
27 14,3263
27 15,3264
27 16,3265
27 17,3266
27 18,3267
27 19,3268
27 20,3269
27 21,3270
27 22,3271
27 23,3272
27 24,3273
27 25,3274
27 26,3275
27 27,3276
27 28,3277
27 29,3278
27 30,3279
27 31,3280
27 32,3281
27 33,3282
27 34,3283
27 35,3284
27 36,3285
27 37,3286
27 38,3287
27 39,3288
27 40,3289
27 41,3290
27 42,3291
27 43,3292
27 44,3293
27 45,3294
27 46,3295
27 47,3296
27 48,3297
27 49,3298
27 50,3299
27 51,3300
27 52,3301
27 53,3302
27 54,3303
27 55,3304
27 56,3305
27 57,3306
27 58,3307
27 59,3308
27 60,3309
27 61,3310
27 62,3311
27 63,3312
27 64,3313
27 65,3314
27 66,3315
27 67,3316
27 68,3317
27 69,3318
27 70,3319
27 71,3320
27 72,3321
27 73,3322
27 74,3323
27 75,3324
27 76,3325
27 77,3326
27 78,3327
27 79,3328
27 80,3329
27 81,3330
27 82,3331
27 83,3332
27 84,3333
27 85,3334
27 86,3335
27 87,3336
27 88,3337
27 89,3338
27 90,3339
27 91,3340
27 92,3341
27 93,3342
27 94,3343
27 95,3344
27 96,3345
27 97,3346
27 98,3347
27 99,3348
27 100,3349
27 101,3350
27 102,3351
27 103,3352
27 104,3353
27 105,3354
27 106,3355
27 107,3356
27 108,3357
27 109,3358
27 110,3359
27 111,3360
27 112,3361
27 113,3362
27 114,3363
27 115,3364
28 0,3365
28 1,3366
28 2,3367
28 3,3368
28 4,3369
28 5,3370
28 6,3371
28 7,3372
28 8,3373
28 9,3374
28 10,3375
28 11,3376
28 12,3377
28 13,3378
28 14,3379
28 15,3380
28 16,3381
28 17,3382
28 18,3383
28 19,3384
28 20,3385
28 21,3386
28 22,3387
28 23,3388
28 24,3389
28 25,3390
28 26,3391
28 27,3392
28 28,3393
28 29,3394
28 30,3395
28 31,3396
28 32,3397
28 33,3398
28 34,3399
28 35,3400
28 36,3401
28 37,3402
28 38,3403
28 39,3404
28 40,3405
28 41,3406
28 42,3407
28 43,3408
28 44,3409
28 45,3410
28 46,3411
28 47,3412
28 48,3413
28 49,3414
28 50,3415
28 51,3416
28 52,3417
28 53,3418
28 54,3419
28 55,3420
28 56,3421
28 57,3422
28 58,3423
28 59,3424
28 60,3425
28 61,3426
28 62,3427
28 63,3428
28 64,3429
28 65,3430
28 66,3431
28 67,3432
28 68,3433
28 69,3434
28 70,3435
28 71,3436
28 72,3437
28 73,3438
28 74,3439
28 75,3440
28 76,3441
28 77,3442
28 78,3443
28 79,3444
28 80,3445
28 81,3446
28 82,3447
28 83,3448
28 84,3449
28 85,3450
28 86,3451
28 87,3452
28 88,3453
28 89,3454
28 90,3455
28 91,3456
28 92,3457
28 93,3458
28 94,3459
28 95,3460
28 96,3461
28 97,3462
28 98,3463
28 99,3464
28 100,3465
28 101,3466
28 102,3467
28 103,3468
28 104,3469
28 105,3470
28 106,3471
28 107,3472
28 108,3473
28 109,3474
28 110,3475
28 111,3476
28 112,3477
28 113,3478
28 114,3479
28 115,3480
29 0,3481
29 1,3482
29 2,3483
29 3,3484
29 4,3485
29 5,3486
29 6,3487
29 7,3488
29 8,3489
29 9,3490
29 10,3491
29 11,3492
29 12,3493
29 13,3494
29 14,3495
29 15,3496
29 16,3497
29 17,3498
29 18,3499
29 19,3500
29 20,3501
29 21,3502
29 22,3503
29 23,3504
29 24,3505
29 25,3506
29 26,3507
29 27,3508
29 28,3509
29 29,3510
29 30,3511
29 31,3512
29 32,3513
29 33,3514
29 34,3515
29 35,3516
29 36,3517
29 37,3518
29 38,3519
29 39,3520
29 40,3521
29 41,3522
29 42,3523
29 43,3524
29 44,3525
29 45,3526
29 46,3527
29 47,3528
29 48,3529
29 49,3530
29 50,3531
29 51,3532
29 52,3533
29 53,3534
29 54,3535
29 55,3536
29 56,3537
29 57,3538
29 58,3539
29 59,3540
29 60,3541
29 61,3542
29 62,3543
29 63,3544
29 64,3545
29 65,3546
29 66,3547
29 67,3548
29 68,3549
29 69,3550
29 70,3551
29 71,3552
29 72,3553
29 73,3554
29 74,3555
29 75,3556
29 76,3557
29 77,3558
29 78,3559
29 79,3560
29 80,3561
29 81,3562
29 82,3563
29 83,3564
29 84,3565
29 85,3566
29 86,3567
29 87,3568
29 88,3569
29 89,3570
29 90,3571
29 91,3572
29 92,3573
29 93,3574
29 94,3575
29 95,3576
29 96,3577
29 97,3578
29 98,3579
29 99,3580
29 100,3581
29 101,3582
29 102,3583
29 103,3584
29 104,3585
29 105,3586
29 106,3587
29 107,3588
29 108,3589
29 109,3590
29 110,3591
29 111,3592
29 112,3593
29 113,3594
29 114,3595
29 115,3596
30 0,3597
30 1,3598
30 2,3599
30 3,3600
30 4,3601
30 5,3602
30 6,3603
30 7,3604
30 8,3605
30 9,3606
30 10,3607
30 11,3608
30 12,3609
30 13,3610
30 14,3611
30 15,3612
30 16,3613
30 17,3614
30 18,3615
30 19,3616
30 20,3617
30 21,3618
30 22,3619
30 23,3620
30 24,3621
30 25,3622
30 26,3623
30 27,3624
30 28,3625
30 29,3626
30 30,3627
30 31,3628
30 32,3629
30 33,3630
30 34,3631
30 35,3632
30 36,3633
30 37,3634
30 38,3635
30 39,3636
30 40,3637
30 41,3638
30 42,3639
30 43,3640
30 44,3641
30 45,3642
30 46,3643
30 47,3644
30 48,3645
30 49,3646
30 50,3647
30 51,3648
30 52,3649
30 53,3650
30 54,3651
30 55,3652
30 56,3653
30 57,3654
30 58,3655
30 59,3656
30 60,3657
30 61,3658
30 62,3659
30 63,3660
30 64,3661
30 65,3662
30 66,3663
30 67,3664
30 68,3665
30 69,3666
30 70,3667
30 71,3668
30 72,3669
30 73,3670
30 74,3671
30 75,3672
30 76,3673
30 77,3674
30 78,3675
30 79,3676
30 80,3677
30 81,3678
30 82,3679
30 83,3680
30 84,3681
30 85,3682
30 86,3683
30 87,3684
30 88,3685
30 89,3686
30 90,3687
30 91,3688
30 92,3689
30 93,3690
30 94,3691
30 95,3692
30 96,3693
30 97,3694
30 98,3695
30 99,3696
30 100,3697
30 101,3698
30 102,3699
30 103,3700
30 104,3701
30 105,3702
30 106,3703
30 107,3704
30 108,3705
30 109,3706
30 110,3707
30 111,3708
30 112,3709
30 113,3710
30 114,3711
30 115,3712
31 0,3713
31 1,3714
31 2,3715
31 3,3716
31 4,3717
31 5,3718
31 6,3719
31 7,3720
31 8,3721
31 9,3722
31 10,3723
31 11,3724
31 12,3725
31 13,3726
31 14,3727
31 15,3728
31 16,3729
31 17,3730
31 18,3731
31 19,3732
31 20,3733
31 21,3734
31 22,3735
31 23,3736
31 24,3737
31 25,3738
31 26,3739
31 27,3740
31 28,3741
31 29,3742
31 30,3743
31 31,3744
31 32,3745
31 33,3746
31 34,3747
31 35,3748
31 36,3749
31 37,3750
31 38,3751
31 39,3752
31 40,3753
31 41,3754
31 42,3755
31 43,3756
31 44,3757
31 45,3758
31 46,3759
31 47,3760
31 48,3761
31 49,3762
31 50,3763
31 51,3764
31 52,3765
31 53,3766
31 54,3767
31 55,3768
31 56,3769
31 57,3770
31 58,3771
31 59,3772
31 60,3773
31 61,3774
31 62,3775
31 63,3776
31 64,3777
31 65,3778
31 66,3779
31 67,3780
31 68,3781
31 69,3782
31 70,3783
31 71,3784
31 72,3785
31 73,3786
31 74,3787
31 75,3788
31 76,3789
31 77,3790
31 78,3791
31 79,3792
31 80,3793
31 81,3794
31 82,3795
31 83,3796
31 84,3797
31 85,3798
31 86,3799
31 87,3800
31 88,3801
31 89,3802
31 90,3803
31 91,3804
31 92,3805
31 93,3806
31 94,3807
31 95,3808
31 96,3809
31 97,3810
31 98,3811
31 99,3812
31 100,3813
31 101,3814
31 102,3815
31 103,3816
31 104,3817
31 105,3818
31 106,3819
31 107,3820
31 108,3821
31 109,3822
31 110,3823
31 111,3824
31 112,3825
31 113,3826
31 114,3827
31 115,3828
32 0,3829
32 1,3830
32 2,3831
32 3,3832
32 4,3833
32 5,3834
32 6,3835
32 7,3836
32 8,3837
32 9,3838
32 10,3839
32 11,3840
32 12,3841
32 13,3842
32 14,3843
32 15,3844
32 16,3845
32 17,3846
32 18,3847
32 19,3848
32 20,3849
32 21,3850
32 22,3851
32 23,3852
32 24,3853
32 25,3854
32 26,3855
32 27,3856
32 28,3857
32 29,3858
32 30,3859
32 31,3860
32 32,3861
32 33,3862
32 34,3863
32 35,3864
32 36,3865
32 37,3866
32 38,3867
32 39,3868
32 40,3869
32 41,3870
32 42,3871
32 43,3872
32 44,3873
32 45,3874
32 46,3875
32 47,3876
32 48,3877
32 49,3878
32 50,3879
32 51,3880
32 52,3881
32 53,3882
32 54,3883
32 55,3884
32 56,3885
32 57,3886
32 58,3887
32 59,3888
32 60,3889
32 61,3890
32 62,3891
32 63,3892
32 64,3893
32 65,3894
32 66,3895
32 67,3896
32 68,3897
32 69,3898
32 70,3899
32 71,3900
32 72,3901
32 73,3902
32 74,3903
32 75,3904
32 76,3905
32 77,3906
32 78,3907
32 79,3908
32 80,3909
32 81,3910
32 82,3911
32 83,3912
32 84,3913
32 85,3914
32 86,3915
32 87,3916
32 88,3917
32 89,3918
32 90,3919
32 91,3920
32 92,3921
32 93,3922
32 94,3923
32 95,3924
32 96,3925
32 97,3926
32 98,3927
32 99,3928
32 100,3929
32 101,3930
32 102,3931
32 103,3932
32 104,3933
32 105,3934
32 106,3935
32 107,3936
32 108,3937
32 109,3938
32 110,3939
32 111,3940
32 112,3941
32 113,3942
32 114,3943
32 115,3944
33 0,3945
33 1,3946
33 2,3947
33 3,3948
33 4,3949
33 5,3950
33 6,3951
33 7,3952
33 8,3953
33 9,3954
33 10,3955
33 11,3956
33 12,3957
33 13,3958
33 14,3959
33 15,3960
33 16,3961
33 17,3962
33 18,3963
33 19,3964
33 20,3965
33 21,3966
33 22,3967
33 23,3968
33 24,3969
33 25,3970
33 26,3971
33 27,3972
33 28,3973
33 29,3974
33 30,3975
33 31,3976
33 32,3977
33 33,3978
33 34,3979
33 35,3980
33 36,3981
33 37,3982
33 38,3983
33 39,3984
33 40,3985
33 41,3986
33 42,3987
33 43,3988
33 44,3989
33 45,3990
33 46,3991
33 47,3992
33 48,3993
33 49,3994
33 50,3995
33 51,3996
33 52,3997
33 53,3998
33 54,3999
33 55,4000
33 56,4001
33 57,4002
33 58,4003
33 59,4004
33 60,4005
33 61,4006
33 62,4007
33 63,4008
33 64,4009
33 65,4010
33 66,4011
33 67,4012
33 68,4013
33 69,4014
33 70,4015
33 71,4016
33 72,4017
33 73,4018
33 74,4019
33 75,4020
33 76,4021
33 77,4022
33 78,4023
33 79,4024
33 80,4025
33 81,4026
33 82,4027
33 83,4028
33 84,4029
33 85,4030
33 86,4031
33 87,4032
33 88,4033
33 89,4034
33 90,4035
33 91,4036
33 92,4037
33 93,4038
33 94,4039
33 95,4040
33 96,4041
33 97,4042
33 98,4043
33 99,4044
33 100,4045
33 101,4046
33 102,4047
33 103,4048
33 104,4049
33 105,4050
33 106,4051
33 107,4052
33 108,4053
33 109,4054
33 110,4055
33 111,4056
33 112,4057
33 113,4058
33 114,4059
33 115,4060
34 0,4061
34 1,4062
34 2,4063
34 3,4064
34 4,4065
34 5,4066
34 6,4067
34 7,4068
34 8,4069
34 9,4070
34 10,4071
34 11,4072
34 12,4073
34 13,4074
34 14,4075
34 15,4076
34 16,4077
34 17,4078
34 18,4079
34 19,4080
34 20,4081
34 21,4082
34 22,4083
34 23,4084
34 24,4085
34 25,4086
34 26,4087
34 27,4088
34 28,4089
34 29,4090
34 30,4091
34 31,4092
34 32,4093
34 33,4094
34 34,4095
34 35,4096
34 36,4097
34 37,4098
34 38,4099
34 39,4100
34 40,4101
34 41,4102
34 42,4103
34 43,4104
34 44,4105
34 45,4106
34 46,4107
34 47,4108
34 48,4109
34 49,4110
34 50,4111
34 51,4112
34 52,4113
34 53,4114
34 54,4115
34 55,4116
34 56,4117
34 57,4118
34 58,4119
34 59,4120
34 60,4121
34 61,4122
34 62,4123
34 63,4124
34 64,4125
34 65,4126
34 66,4127
34 67,4128
34 68,4129
34 69,4130
34 70,4131
34 71,4132
34 72,4133
34 73,4134
34 74,4135
34 75,4136
34 76,4137
34 77,4138
34 78,4139
34 79,4140
34 80,4141
34 81,4142
34 82,4143
34 83,4144
34 84,4145
34 85,4146
34 86,4147
34 87,4148
34 88,4149
34 89,4150
34 90,4151
34 91,4152
34 92,4153
34 93,4154
34 94,4155
34 95,4156
34 96,4157
34 97,4158
34 98,4159
34 99,4160
34 100,4161
34 101,4162
34 102,4163
34 103,4164
34 104,4165
34 105,4166
34 106,4167
34 107,4168
34 108,4169
34 109,4170
34 110,4171
34 111,4172
34 112,4173
34 113,4174
34 114,4175
34 115,4176
35 0,4177
35 1,4178
35 2,4179
35 3,4180
35 4,4181
35 5,4182
35 6,4183
35 7,4184
35 8,4185
35 9,4186
35 10,4187
35 11,4188
35 12,4189
35 13,4190
35 14,4191
35 15,4192
35 16,4193
35 17,4194
35 18,4195
35 19,4196
35 20,4197
35 21,4198
35 22,4199
35 23,4200
35 24,4201
35 25,4202
35 26,4203
35 27,4204
35 28,4205
35 29,4206
35 30,4207
35 31,4208
35 32,4209
35 33,4210
35 34,4211
35 35,4212
35 36,4213
35 37,4214
35 38,4215
35 39,4216
35 40,4217
35 41,4218
35 42,4219
35 43,4220
35 44,4221
35 45,4222
35 46,4223
35 47,4224
35 48,4225
35 49,4226
35 50,4227
35 51,4228
35 52,4229
35 53,4230
35 54,4231
35 55,4232
35 56,4233
35 57,4234
35 58,4235
35 59,4236
35 60,4237
35 61,4238
35 62,4239
35 63,4240
35 64,4241
35 65,4242
35 66,4243
35 67,4244
35 68,4245
35 69,4246
35 70,4247
35 71,4248
35 72,4249
35 73,4250
35 74,4251
35 75,4252
35 76,4253
35 77,4254
35 78,4255
35 79,4256
35 80,4257
35 81,4258
35 82,4259
35 83,4260
35 84,4261
35 85,4262
35 86,4263
35 87,4264
35 88,4265
35 89,4266
35 90,4267
35 91,4268
35 92,4269
35 93,4270
35 94,4271
35 95,4272
35 96,4273
35 97,4274
35 98,4275
35 99,4276
35 100,4277
35 101,4278
35 102,4279
35 103,4280
35 104,4281
35 105,4282
35 106,4283
35 107,4284
35 108,4285
35 109,4286
35 110,4287
35 111,4288
35 112,4289
35 113,4290
35 114,4291
35 115,4292
36 0,4293
36 1,4294
36 2,4295
36 3,4296
36 4,4297
36 5,4298
36 6,4299
36 7,4300
36 8,4301
36 9,4302
36 10,4303
36 11,4304
36 12,4305
36 13,4306
36 14,4307
36 15,4308
36 16,4309
36 17,4310
36 18,4311
36 19,4312
36 20,4313
36 21,4314
36 22,4315
36 23,4316
36 24,4317
36 25,4318
36 26,4319
36 27,4320
36 28,4321
36 29,4322
36 30,4323
36 31,4324
36 32,4325
36 33,4326
36 34,4327
36 35,4328
36 36,4329
36 37,4330
36 38,4331
36 39,4332
36 40,4333
36 41,4334
36 42,4335
36 43,4336
36 44,4337
36 45,4338
36 46,4339
36 47,4340
36 48,4341
36 49,4342
36 50,4343
36 51,4344
36 52,4345
36 53,4346
36 54,4347
36 55,4348
36 56,4349
36 57,4350
36 58,4351
36 59,4352
36 60,4353
36 61,4354
36 62,4355
36 63,4356
36 64,4357
36 65,4358
36 66,4359
36 67,4360
36 68,4361
36 69,4362
36 70,4363
36 71,4364
36 72,4365
36 73,4366
36 74,4367
36 75,4368
36 76,4369
36 77,4370
36 78,4371
36 79,4372
36 80,4373
36 81,4374
36 82,4375
36 83,4376
36 84,4377
36 85,4378
36 86,4379
36 87,4380
36 88,4381
36 89,4382
36 90,4383
36 91,4384
36 92,4385
36 93,4386
36 94,4387
36 95,4388
36 96,4389
36 97,4390
36 98,4391
36 99,4392
36 100,4393
36 101,4394
36 102,4395
36 103,4396
36 104,4397
36 105,4398
36 106,4399
36 107,4400
36 108,4401
36 109,4402
36 110,4403
36 111,4404
36 112,4405
36 113,4406
36 114,4407
36 115,4408
37 0,4409
37 1,4410
37 2,4411
37 3,4412
37 4,4413
37 5,4414
37 6,4415
37 7,4416
37 8,4417
37 9,4418
37 10,4419
37 11,4420
37 12,4421
37 13,4422
37 14,4423
37 15,4424
37 16,4425
37 17,4426
37 18,4427
37 19,4428
37 20,4429
37 21,4430
37 22,4431
37 23,4432
37 24,4433
37 25,4434
37 26,4435
37 27,4436
37 28,4437
37 29,4438
37 30,4439
37 31,4440
37 32,4441
37 33,4442
37 34,4443
37 35,4444
37 36,4445
37 37,4446
37 38,4447
37 39,4448
37 40,4449
37 41,4450
37 42,4451
37 43,4452
37 44,4453
37 45,4454
37 46,4455
37 47,4456
37 48,4457
37 49,4458
37 50,4459
37 51,4460
37 52,4461
37 53,4462
37 54,4463
37 55,4464
37 56,4465
37 57,4466
37 58,4467
37 59,4468
37 60,4469
37 61,4470
37 62,4471
37 63,4472
37 64,4473
37 65,4474
37 66,4475
37 67,4476
37 68,4477
37 69,4478
37 70,4479
37 71,4480
37 72,4481
37 73,4482
37 74,4483
37 75,4484
37 76,4485
37 77,4486
37 78,4487
37 79,4488
37 80,4489
37 81,4490
37 82,4491
37 83,4492
37 84,4493
37 85,4494
37 86,4495
37 87,4496
37 88,4497
37 89,4498
37 90,4499
37 91,4500
37 92,4501
37 93,4502
37 94,4503
37 95,4504
37 96,4505
37 97,4506
37 98,4507
37 99,4508
37 100,4509
37 101,4510
37 102,4511
37 103,4512
37 104,4513
37 105,4514
37 106,4515
37 107,4516
37 108,4517
37 109,4518
37 110,4519
37 111,4520
37 112,4521
37 113,4522
37 114,4523
37 115,4524
38 0,4525
38 1,4526
38 2,4527
38 3,4528
38 4,4529
38 5,4530
38 6,4531
38 7,4532
38 8,4533
38 9,4534
38 10,4535
38 11,4536
38 12,4537
38 13,4538
38 14,4539
38 15,4540
38 16,4541
38 17,4542
38 18,4543
38 19,4544
38 20,4545
38 21,4546
38 22,4547
38 23,4548
38 24,4549
38 25,4550
38 26,4551
38 27,4552
38 28,4553
38 29,4554
38 30,4555
38 31,4556
38 32,4557
38 33,4558
38 34,4559
38 35,4560
38 36,4561
38 37,4562
38 38,4563
38 39,4564
38 40,4565
38 41,4566
38 42,4567
38 43,4568
38 44,4569
38 45,4570
38 46,4571
38 47,4572
38 48,4573
38 49,4574
38 50,4575
38 51,4576
38 52,4577
38 53,4578
38 54,4579
38 55,4580
38 56,4581
38 57,4582
38 58,4583
38 59,4584
38 60,4585
38 61,4586
38 62,4587
38 63,4588
38 64,4589
38 65,4590
38 66,4591
38 67,4592
38 68,4593
38 69,4594
38 70,4595
38 71,4596
38 72,4597
38 73,4598
38 74,4599
38 75,4600
38 76,4601
38 77,4602
38 78,4603
38 79,4604
38 80,4605
38 81,4606
38 82,4607
38 83,4608
38 84,4609
38 85,4610
38 86,4611
38 87,4612
38 88,4613
38 89,4614
38 90,4615
38 91,4616
38 92,4617
38 93,4618
38 94,4619
38 95,4620
38 96,4621
38 97,4622
38 98,4623
38 99,4624
38 100,4625
38 101,4626
38 102,4627
38 103,4628
38 104,4629
38 105,4630
38 106,4631
38 107,4632
38 108,4633
38 109,4634
38 110,4635
38 111,4636
38 112,4637
38 113,4638
38 114,4639
38 115,4640
39 0,4641
39 1,4642
39 2,4643
39 3,4644
39 4,4645
39 5,4646
39 6,4647
39 7,4648
39 8,4649
39 9,4650
39 10,4651
39 11,4652
39 12,4653
39 13,4654
39 14,4655
39 15,4656
39 16,4657
39 17,4658
39 18,4659
39 19,4660
39 20,4661
39 21,4662
39 22,4663
39 23,4664
39 24,4665
39 25,4666
39 26,4667
39 27,4668
39 28,4669
39 29,4670
39 30,4671
39 31,4672
39 32,4673
39 33,4674
39 34,4675
39 35,4676
39 36,4677
39 37,4678
39 38,4679
39 39,4680
39 40,4681
39 41,4682
39 42,4683
39 43,4684
39 44,4685
39 45,4686
39 46,4687
39 47,4688
39 48,4689
39 49,4690
39 50,4691
39 51,4692
39 52,4693
39 53,4694
39 54,4695
39 55,4696
39 56,4697
39 57,4698
39 58,4699
39 59,4700
39 60,4701
39 61,4702
39 62,4703
39 63,4704
39 64,4705
39 65,4706
39 66,4707
39 67,4708
39 68,4709
39 69,4710
39 70,4711
39 71,4712
39 72,4713
39 73,4714
39 74,4715
39 75,4716
39 76,4717
39 77,4718
39 78,4719
39 79,4720
39 80,4721
39 81,4722
39 82,4723
39 83,4724
39 84,4725
39 85,4726
39 86,4727
39 87,4728
39 88,4729
39 89,4730
39 90,4731
39 91,4732
39 92,4733
39 93,4734
39 94,4735
39 95,4736
39 96,4737
39 97,4738
39 98,4739
39 99,4740
39 100,4741
39 101,4742
39 102,4743
39 103,4744
39 104,4745
39 105,4746
39 106,4747
39 107,4748
39 108,4749
39 109,4750
39 110,4751
39 111,4752
39 112,4753
39 113,4754
39 114,4755
39 115,4756
40 0,4757
40 1,4758
40 2,4759
40 3,4760
40 4,4761
40 5,4762
40 6,4763
40 7,4764
40 8,4765
40 9,4766
40 10,4767
40 11,4768
40 12,4769
40 13,4770
40 14,4771
40 15,4772
40 16,4773
40 17,4774
40 18,4775
40 19,4776
40 20,4777
40 21,4778
40 22,4779
40 23,4780
40 24,4781
40 25,4782
40 26,4783
40 27,4784
40 28,4785
40 29,4786
40 30,4787
40 31,4788
40 32,4789
40 33,4790
40 34,4791
40 35,4792
40 36,4793
40 37,4794
40 38,4795
40 39,4796
40 40,4797
40 41,4798
40 42,4799
40 43,4800
40 44,4801
40 45,4802
40 46,4803
40 47,4804
40 48,4805
40 49,4806
40 50,4807
40 51,4808
40 52,4809
40 53,4810
40 54,4811
40 55,4812
40 56,4813
40 57,4814
40 58,4815
40 59,4816
40 60,4817
40 61,4818
40 62,4819
40 63,4820
40 64,4821
40 65,4822
40 66,4823
40 67,4824
40 68,4825
40 69,4826
40 70,4827
40 71,4828
40 72,4829
40 73,4830
40 74,4831
40 75,4832
40 76,4833
40 77,4834
40 78,4835
40 79,4836
40 80,4837
40 81,4838
40 82,4839
40 83,4840
40 84,4841
40 85,4842
40 86,4843
40 87,4844
40 88,4845
40 89,4846
40 90,4847
40 91,4848
40 92,4849
40 93,4850
40 94,4851
40 95,4852
40 96,4853
40 97,4854
40 98,4855
40 99,4856
40 100,4857
40 101,4858
40 102,4859
40 103,4860
40 104,4861
40 105,4862
40 106,4863
40 107,4864
40 108,4865
40 109,4866
40 110,4867
40 111,4868
40 112,4869
40 113,4870
40 114,4871
40 115,4872
41 0,4873
41 1,4874
41 2,4875
41 3,4876
41 4,4877
41 5,4878
41 6,4879
41 7,4880
41 8,4881
41 9,4882
41 10,4883
41 11,4884
41 12,4885
41 13,4886
41 14,4887
41 15,4888
41 16,4889
41 17,4890
41 18,4891
41 19,4892
41 20,4893
41 21,4894
41 22,4895
41 23,4896
41 24,4897
41 25,4898
41 26,4899
41 27,4900
41 28,4901
41 29,4902
41 30,4903
41 31,4904
41 32,4905
41 33,4906
41 34,4907
41 35,4908
41 36,4909
41 37,4910
41 38,4911
41 39,4912
41 40,4913
41 41,4914
41 42,4915
41 43,4916
41 44,4917
41 45,4918
41 46,4919
41 47,4920
41 48,4921
41 49,4922
41 50,4923
41 51,4924
41 52,4925
41 53,4926
41 54,4927
41 55,4928
41 56,4929
41 57,4930
41 58,4931
41 59,4932
41 60,4933
41 61,4934
41 62,4935
41 63,4936
41 64,4937
41 65,4938
41 66,4939
41 67,4940
41 68,4941
41 69,4942
41 70,4943
41 71,4944
41 72,4945
41 73,4946
41 74,4947
41 75,4948
41 76,4949
41 77,4950
41 78,4951
41 79,4952
41 80,4953
41 81,4954
41 82,4955
41 83,4956
41 84,4957
41 85,4958
41 86,4959
41 87,4960
41 88,4961
41 89,4962
41 90,4963
41 91,4964
41 92,4965
41 93,4966
41 94,4967
41 95,4968
41 96,4969
41 97,4970
41 98,4971
41 99,4972
41 100,4973
41 101,4974
41 102,4975
41 103,4976
41 104,4977
41 105,4978
41 106,4979
41 107,4980
41 108,4981
41 109,4982
41 110,4983
41 111,4984
41 112,4985
41 113,4986
41 114,4987
41 115,4988
42 0,4989
42 1,4990
42 2,4991
42 3,4992
42 4,4993
42 5,4994
42 6,4995
42 7,4996
42 8,4997
42 9,4998
42 10,4999
42 11,5000
42 12,5001
42 13,5002
42 14,5003
42 15,5004
42 16,5005
42 17,5006
42 18,5007
42 19,5008
42 20,5009
42 21,5010
42 22,5011
42 23,5012
42 24,5013
42 25,5014
42 26,5015
42 27,5016
42 28,5017
42 29,5018
42 30,5019
42 31,5020
42 32,5021
42 33,5022
42 34,5023
42 35,5024
42 36,5025
42 37,5026
42 38,5027
42 39,5028
42 40,5029
42 41,5030
42 42,5031
42 43,5032
42 44,5033
42 45,5034
42 46,5035
42 47,5036
42 48,5037
42 49,5038
42 50,5039
42 51,5040
42 52,5041
42 53,5042
42 54,5043
42 55,5044
42 56,5045
42 57,5046
42 58,5047
42 59,5048
42 60,5049
42 61,5050
42 62,5051
42 63,5052
42 64,5053
42 65,5054
42 66,5055
42 67,5056
42 68,5057
42 69,5058
42 70,5059
42 71,5060
42 72,5061
42 73,5062
42 74,5063
42 75,5064
42 76,5065
42 77,5066
42 78,5067
42 79,5068
42 80,5069
42 81,5070
42 82,5071
42 83,5072
42 84,5073
42 85,5074
42 86,5075
42 87,5076
42 88,5077
42 89,5078
42 90,5079
42 91,5080
42 92,5081
42 93,5082
42 94,5083
42 95,5084
42 96,5085
42 97,5086
42 98,5087
42 99,5088
42 100,5089
42 101,5090
42 102,5091
42 103,5092
42 104,5093
42 105,5094
42 106,5095
42 107,5096
42 108,5097
42 109,5098
42 110,5099
42 111,5100
42 112,5101
42 113,5102
42 114,5103
42 115,5104
43 0,5105
43 1,5106
43 2,5107
43 3,5108
43 4,5109
43 5,5110
43 6,5111
43 7,5112
43 8,5113
43 9,5114
43 10,5115
43 11,5116
43 12,5117
43 13,5118
43 14,5119
43 15,5120
43 16,5121
43 17,5122
43 18,5123
43 19,5124
43 20,5125
43 21,5126
43 22,5127
43 23,5128
43 24,5129
43 25,5130
43 26,5131
43 27,5132
43 28,5133
43 29,5134
43 30,5135
43 31,5136
43 32,5137
43 33,5138
43 34,5139
43 35,5140
43 36,5141
43 37,5142
43 38,5143
43 39,5144
43 40,5145
43 41,5146
43 42,5147
43 43,5148
43 44,5149
43 45,5150
43 46,5151
43 47,5152
43 48,5153
43 49,5154
43 50,5155
43 51,5156
43 52,5157
43 53,5158
43 54,5159
43 55,5160
43 56,5161
43 57,5162
43 58,5163
43 59,5164
43 60,5165
43 61,5166
43 62,5167
43 63,5168
43 64,5169
43 65,5170
43 66,5171
43 67,5172
43 68,5173
43 69,5174
43 70,5175
43 71,5176
43 72,5177
43 73,5178
43 74,5179
43 75,5180
43 76,5181
43 77,5182
43 78,5183
43 79,5184
43 80,5185
43 81,5186
43 82,5187
43 83,5188
43 84,5189
43 85,5190
43 86,5191
43 87,5192
43 88,5193
43 89,5194
43 90,5195
43 91,5196
43 92,5197
43 93,5198
43 94,5199
43 95,5200
43 96,5201
43 97,5202
43 98,5203
43 99,5204
43 100,5205
43 101,5206
43 102,5207
43 103,5208
43 104,5209
43 105,5210
43 106,5211
43 107,5212
43 108,5213
43 109,5214
43 110,5215
43 111,5216
43 112,5217
43 113,5218
43 114,5219
43 115,5220
44 0,5221
44 1,5222
44 2,5223
44 3,5224
44 4,5225
44 5,5226
44 6,5227
44 7,5228
44 8,5229
44 9,5230
44 10,5231
44 11,5232
44 12,5233
44 13,5234
44 14,5235
44 15,5236
44 16,5237
44 17,5238
44 18,5239
44 19,5240
44 20,5241
44 21,5242
44 22,5243
44 23,5244
44 24,5245
44 25,5246
44 26,5247
44 27,5248
44 28,5249
44 29,5250
44 30,5251
44 31,5252
44 32,5253
44 33,5254
44 34,5255
44 35,5256
44 36,5257
44 37,5258
44 38,5259
44 39,5260
44 40,5261
44 41,5262
44 42,5263
44 43,5264
44 44,5265
44 45,5266
44 46,5267
44 47,5268
44 48,5269
44 49,5270
44 50,5271
44 51,5272
44 52,5273
44 53,5274
44 54,5275
44 55,5276
44 56,5277
44 57,5278
44 58,5279
44 59,5280
44 60,5281
44 61,5282
44 62,5283
44 63,5284
44 64,5285
44 65,5286
44 66,5287
44 67,5288
44 68,5289
44 69,5290
44 70,5291
44 71,5292
44 72,5293
44 73,5294
44 74,5295
44 75,5296
44 76,5297
44 77,5298
44 78,5299
44 79,5300
44 80,5301
44 81,5302
44 82,5303
44 83,5304
44 84,5305
44 85,5306
44 86,5307
44 87,5308
44 88,5309
44 89,5310
44 90,5311
44 91,5312
44 92,5313
44 93,5314
44 94,5315
44 95,5316
44 96,5317
44 97,5318
44 98,5319
44 99,5320
44 100,5321
44 101,5322
44 102,5323
44 103,5324
44 104,5325
44 105,5326
44 106,5327
44 107,5328
44 108,5329
44 109,5330
44 110,5331
44 111,5332
44 112,5333
44 113,5334
44 114,5335
44 115,5336
45 0,5337
45 1,5338
45 2,5339
45 3,5340
45 4,5341
45 5,5342
45 6,5343
45 7,5344
45 8,5345
45 9,5346
45 10,5347
45 11,5348
45 12,5349
45 13,5350
45 14,5351
45 15,5352
45 16,5353
45 17,5354
45 18,5355
45 19,5356
45 20,5357
45 21,5358
45 22,5359
45 23,5360
45 24,5361
45 25,5362
45 26,5363
45 27,5364
45 28,5365
45 29,5366
45 30,5367
45 31,5368
45 32,5369
45 33,5370
45 34,5371
45 35,5372
45 36,5373
45 37,5374
45 38,5375
45 39,5376
45 40,5377
45 41,5378
45 42,5379
45 43,5380
45 44,5381
45 45,5382
45 46,5383
45 47,5384
45 48,5385
45 49,5386
45 50,5387
45 51,5388
45 52,5389
45 53,5390
45 54,5391
45 55,5392
45 56,5393
45 57,5394
45 58,5395
45 59,5396
45 60,5397
45 61,5398
45 62,5399
45 63,5400
45 64,5401
45 65,5402
45 66,5403
45 67,5404
45 68,5405
45 69,5406
45 70,5407
45 71,5408
45 72,5409
45 73,5410
45 74,5411
45 75,5412
45 76,5413
45 77,5414
45 78,5415
45 79,5416
45 80,5417
45 81,5418
45 82,5419
45 83,5420
45 84,5421
45 85,5422
45 86,5423
45 87,5424
45 88,5425
45 89,5426
45 90,5427
45 91,5428
45 92,5429
45 93,5430
45 94,5431
45 95,5432
45 96,5433
45 97,5434
45 98,5435
45 99,5436
45 100,5437
45 101,5438
45 102,5439
45 103,5440
45 104,5441
45 105,5442
45 106,5443
45 107,5444
45 108,5445
45 109,5446
45 110,5447
45 111,5448
45 112,5449
45 113,5450
45 114,5451
45 115,5452
46 0,5453
46 1,5454
46 2,5455
46 3,5456
46 4,5457
46 5,5458
46 6,5459
46 7,5460
46 8,5461
46 9,5462
46 10,5463
46 11,5464
46 12,5465
46 13,5466
46 14,5467
46 15,5468
46 16,5469
46 17,5470
46 18,5471
46 19,5472
46 20,5473
46 21,5474
46 22,5475
46 23,5476
46 24,5477
46 25,5478
46 26,5479
46 27,5480
46 28,5481
46 29,5482
46 30,5483
46 31,5484
46 32,5485
46 33,5486
46 34,5487
46 35,5488
46 36,5489
46 37,5490
46 38,5491
46 39,5492
46 40,5493
46 41,5494
46 42,5495
46 43,5496
46 44,5497
46 45,5498
46 46,5499
46 47,5500
46 48,5501
46 49,5502
46 50,5503
46 51,5504
46 52,5505
46 53,5506
46 54,5507
46 55,5508
46 56,5509
46 57,5510
46 58,5511
46 59,5512
46 60,5513
46 61,5514
46 62,5515
46 63,5516
46 64,5517
46 65,5518
46 66,5519
46 67,5520
46 68,5521
46 69,5522
46 70,5523
46 71,5524
46 72,5525
46 73,5526
46 74,5527
46 75,5528
46 76,5529
46 77,5530
46 78,5531
46 79,5532
46 80,5533
46 81,5534
46 82,5535
46 83,5536
46 84,5537
46 85,5538
46 86,5539
46 87,5540
46 88,5541
46 89,5542
46 90,5543
46 91,5544
46 92,5545
46 93,5546
46 94,5547
46 95,5548
46 96,5549
46 97,5550
46 98,5551
46 99,5552
46 100,5553
46 101,5554
46 102,5555
46 103,5556
46 104,5557
46 105,5558
46 106,5559
46 107,5560
46 108,5561
46 109,5562
46 110,5563
46 111,5564
46 112,5565
46 113,5566
46 114,5567
46 115,5568
47 0,5569
47 1,5570
47 2,5571
47 3,5572
47 4,5573
47 5,5574
47 6,5575
47 7,5576
47 8,5577
47 9,5578
47 10,5579
47 11,5580
47 12,5581
47 13,5582
47 14,5583
47 15,5584
47 16,5585
47 17,5586
47 18,5587
47 19,5588
47 20,5589
47 21,5590
47 22,5591
47 23,5592
47 24,5593
47 25,5594
47 26,5595
47 27,5596
47 28,5597
47 29,5598
47 30,5599
47 31,5600
47 32,5601
47 33,5602
47 34,5603
47 35,5604
47 36,5605
47 37,5606
47 38,5607
47 39,5608
47 40,5609
47 41,5610
47 42,5611
47 43,5612
47 44,5613
47 45,5614
47 46,5615
47 47,5616
47 48,5617
47 49,5618
47 50,5619
47 51,5620
47 52,5621
47 53,5622
47 54,5623
47 55,5624
47 56,5625
47 57,5626
47 58,5627
47 59,5628
47 60,5629
47 61,5630
47 62,5631
47 63,5632
47 64,5633
47 65,5634
47 66,5635
47 67,5636
47 68,5637
47 69,5638
47 70,5639
47 71,5640
47 72,5641
47 73,5642
47 74,5643
47 75,5644
47 76,5645
47 77,5646
47 78,5647
47 79,5648
47 80,5649
47 81,5650
47 82,5651
47 83,5652
47 84,5653
47 85,5654
47 86,5655
47 87,5656
47 88,5657
47 89,5658
47 90,5659
47 91,5660
47 92,5661
47 93,5662
47 94,5663
47 95,5664
47 96,5665
47 97,5666
47 98,5667
47 99,5668
47 100,5669
47 101,5670
47 102,5671
47 103,5672
47 104,5673
47 105,5674
47 106,5675
47 107,5676
47 108,5677
47 109,5678
47 110,5679
47 111,5680
47 112,5681
47 113,5682
47 114,5683
47 115,5684
48 0,5685
48 1,5686
48 2,5687
48 3,5688
48 4,5689
48 5,5690
48 6,5691
48 7,5692
48 8,5693
48 9,5694
48 10,5695
48 11,5696
48 12,5697
48 13,5698
48 14,5699
48 15,5700
48 16,5701
48 17,5702
48 18,5703
48 19,5704
48 20,5705
48 21,5706
48 22,5707
48 23,5708
48 24,5709
48 25,5710
48 26,5711
48 27,5712
48 28,5713
48 29,5714
48 30,5715
48 31,5716
48 32,5717
48 33,5718
48 34,5719
48 35,5720
48 36,5721
48 37,5722
48 38,5723
48 39,5724
48 40,5725
48 41,5726
48 42,5727
48 43,5728
48 44,5729
48 45,5730
48 46,5731
48 47,5732
48 48,5733
48 49,5734
48 50,5735
48 51,5736
48 52,5737
48 53,5738
48 54,5739
48 55,5740
48 56,5741
48 57,5742
48 58,5743
48 59,5744
48 60,5745
48 61,5746
48 62,5747
48 63,5748
48 64,5749
48 65,5750
48 66,5751
48 67,5752
48 68,5753
48 69,5754
48 70,5755
48 71,5756
48 72,5757
48 73,5758
48 74,5759
48 75,5760
48 76,5761
48 77,5762
48 78,5763
48 79,5764
48 80,5765
48 81,5766
48 82,5767
48 83,5768
48 84,5769
48 85,5770
48 86,5771
48 87,5772
48 88,5773
48 89,5774
48 90,5775
48 91,5776
48 92,5777
48 93,5778
48 94,5779
48 95,5780
48 96,5781
48 97,5782
48 98,5783
48 99,5784
48 100,5785
48 101,5786
48 102,5787
48 103,5788
48 104,5789
48 105,5790
48 106,5791
48 107,5792
48 108,5793
48 109,5794
48 110,5795
48 111,5796
48 112,5797
48 113,5798
48 114,5799
48 115,5800
49 0,5801
49 1,5802
49 2,5803
49 3,5804
49 4,5805
49 5,5806
49 6,5807
49 7,5808
49 8,5809
49 9,5810
49 10,5811
49 11,5812
49 12,5813
49 13,5814
49 14,5815
49 15,5816
49 16,5817
49 17,5818
49 18,5819
49 19,5820
49 20,5821
49 21,5822
49 22,5823
49 23,5824
49 24,5825
49 25,5826
49 26,5827
49 27,5828
49 28,5829
49 29,5830
49 30,5831
49 31,5832
49 32,5833
49 33,5834
49 34,5835
49 35,5836
49 36,5837
49 37,5838
49 38,5839
49 39,5840
49 40,5841
49 41,5842
49 42,5843
49 43,5844
49 44,5845
49 45,5846
49 46,5847
49 47,5848
49 48,5849
49 49,5850
49 50,5851
49 51,5852
49 52,5853
49 53,5854
49 54,5855
49 55,5856
49 56,5857
49 57,5858
49 58,5859
49 59,5860
49 60,5861
49 61,5862
49 62,5863
49 63,5864
49 64,5865
49 65,5866
49 66,5867
49 67,5868
49 68,5869
49 69,5870
49 70,5871
49 71,5872
49 72,5873
49 73,5874
49 74,5875
49 75,5876
49 76,5877
49 77,5878
49 78,5879
49 79,5880
49 80,5881
49 81,5882
49 82,5883
49 83,5884
49 84,5885
49 85,5886
49 86,5887
49 87,5888
49 88,5889
49 89,5890
49 90,5891
49 91,5892
49 92,5893
49 93,5894
49 94,5895
49 95,5896
49 96,5897
49 97,5898
49 98,5899
49 99,5900
49 100,5901
49 101,5902
49 102,5903
49 103,5904
49 104,5905
49 105,5906
49 106,5907
49 107,5908
49 108,5909
49 109,5910
49 110,5911
49 111,5912
49 112,5913
49 113,5914
49 114,5915
49 115,5916
50 0,5917
50 1,5918
50 2,5919
50 3,5920
50 4,5921
50 5,5922
50 6,5923
50 7,5924
50 8,5925
50 9,5926
50 10,5927
50 11,5928
50 12,5929
50 13,5930
50 14,5931
50 15,5932
50 16,5933
50 17,5934
50 18,5935
50 19,5936
50 20,5937
50 21,5938
50 22,5939
50 23,5940
50 24,5941
50 25,5942
50 26,5943
50 27,5944
50 28,5945
50 29,5946
50 30,5947
50 31,5948
50 32,5949
50 33,5950
50 34,5951
50 35,5952
50 36,5953
50 37,5954
50 38,5955
50 39,5956
50 40,5957
50 41,5958
50 42,5959
50 43,5960
50 44,5961
50 45,5962
50 46,5963
50 47,5964
50 48,5965
50 49,5966
50 50,5967
50 51,5968
50 52,5969
50 53,5970
50 54,5971
50 55,5972
50 56,5973
50 57,5974
50 58,5975
50 59,5976
50 60,5977
50 61,5978
50 62,5979
50 63,5980
50 64,5981
50 65,5982
50 66,5983
50 67,5984
50 68,5985
50 69,5986
50 70,5987
50 71,5988
50 72,5989
50 73,5990
50 74,5991
50 75,5992
50 76,5993
50 77,5994
50 78,5995
50 79,5996
50 80,5997
50 81,5998
50 82,5999
50 83,6000
50 84,6001
50 85,6002
50 86,6003
50 87,6004
50 88,6005
50 89,6006
50 90,6007
50 91,6008
50 92,6009
50 93,6010
50 94,6011
50 95,6012
50 96,6013
50 97,6014
50 98,6015
50 99,6016
50 100,6017
50 101,6018
50 102,6019
50 103,6020
50 104,6021
50 105,6022
50 106,6023
50 107,6024
50 108,6025
50 109,6026
50 110,6027
50 111,6028
50 112,6029
50 113,6030
50 114,6031
50 115,6032
51 0,6033
51 1,6034
51 2,6035
51 3,6036
51 4,6037
51 5,6038
51 6,6039
51 7,6040
51 8,6041
51 9,6042
51 10,6043
51 11,6044
51 12,6045
51 13,6046
51 14,6047
51 15,6048
51 16,6049
51 17,6050
51 18,6051
51 19,6052
51 20,6053
51 21,6054
51 22,6055
51 23,6056
51 24,6057
51 25,6058
51 26,6059
51 27,6060
51 28,6061
51 29,6062
51 30,6063
51 31,6064
51 32,6065
51 33,6066
51 34,6067
51 35,6068
51 36,6069
51 37,6070
51 38,6071
51 39,6072
51 40,6073
51 41,6074
51 42,6075
51 43,6076
51 44,6077
51 45,6078
51 46,6079
51 47,6080
51 48,6081
51 49,6082
51 50,6083
51 51,6084
51 52,6085
51 53,6086
51 54,6087
51 55,6088
51 56,6089
51 57,6090
51 58,6091
51 59,6092
51 60,6093
51 61,6094
51 62,6095
51 63,6096
51 64,6097
51 65,6098
51 66,6099
51 67,6100
51 68,6101
51 69,6102
51 70,6103
51 71,6104
51 72,6105
51 73,6106
51 74,6107
51 75,6108
51 76,6109
51 77,6110
51 78,6111
51 79,6112
51 80,6113
51 81,6114
51 82,6115
51 83,6116
51 84,6117
51 85,6118
51 86,6119
51 87,6120
51 88,6121
51 89,6122
51 90,6123
51 91,6124
51 92,6125
51 93,6126
51 94,6127
51 95,6128
51 96,6129
51 97,6130
51 98,6131
51 99,6132
51 100,6133
51 101,6134
51 102,6135
51 103,6136
51 104,6137
51 105,6138
51 106,6139
51 107,6140
51 108,6141
51 109,6142
51 110,6143
51 111,6144
51 112,6145
51 113,6146
51 114,6147
51 115,6148
52 0,6149
52 1,6150
52 2,6151
52 3,6152
52 4,6153
52 5,6154
52 6,6155
52 7,6156
52 8,6157
52 9,6158
52 10,6159
52 11,6160
52 12,6161
52 13,6162
52 14,6163
52 15,6164
52 16,6165
52 17,6166
52 18,6167
52 19,6168
52 20,6169
52 21,6170
52 22,6171
52 23,6172
52 24,6173
52 25,6174
52 26,6175
52 27,6176
52 28,6177
52 29,6178
52 30,6179
52 31,6180
52 32,6181
52 33,6182
52 34,6183
52 35,6184
52 36,6185
52 37,6186
52 38,6187
52 39,6188
52 40,6189
52 41,6190
52 42,6191
52 43,6192
52 44,6193
52 45,6194
52 46,6195
52 47,6196
52 48,6197
52 49,6198
52 50,6199
52 51,6200
52 52,6201
52 53,6202
52 54,6203
52 55,6204
52 56,6205
52 57,6206
52 58,6207
52 59,6208
52 60,6209
52 61,6210
52 62,6211
52 63,6212
52 64,6213
52 65,6214
52 66,6215
52 67,6216
52 68,6217
52 69,6218
52 70,6219
52 71,6220
52 72,6221
52 73,6222
52 74,6223
52 75,6224
52 76,6225
52 77,6226
52 78,6227
52 79,6228
52 80,6229
52 81,6230
52 82,6231
52 83,6232
52 84,6233
52 85,6234
52 86,6235
52 87,6236
52 88,6237
52 89,6238
52 90,6239
52 91,6240
52 92,6241
52 93,6242
52 94,6243
52 95,6244
52 96,6245
52 97,6246
52 98,6247
52 99,6248
52 100,6249
52 101,6250
52 102,6251
52 103,6252
52 104,6253
52 105,6254
52 106,6255
52 107,6256
52 108,6257
52 109,6258
52 110,6259
52 111,6260
52 112,6261
52 113,6262
52 114,6263
52 115,6264
53 0,6265
53 1,6266
53 2,6267
53 3,6268
53 4,6269
53 5,6270
53 6,6271
53 7,6272
53 8,6273
53 9,6274
53 10,6275
53 11,6276
53 12,6277
53 13,6278
53 14,6279
53 15,6280
53 16,6281
53 17,6282
53 18,6283
53 19,6284
53 20,6285
53 21,6286
53 22,6287
53 23,6288
53 24,6289
53 25,6290
53 26,6291
53 27,6292
53 28,6293
53 29,6294
53 30,6295
53 31,6296
53 32,6297
53 33,6298
53 34,6299
53 35,6300
53 36,6301
53 37,6302
53 38,6303
53 39,6304
53 40,6305
53 41,6306
53 42,6307
53 43,6308
53 44,6309
53 45,6310
53 46,6311
53 47,6312
53 48,6313
53 49,6314
53 50,6315
53 51,6316
53 52,6317
53 53,6318
53 54,6319
53 55,6320
53 56,6321
53 57,6322
53 58,6323
53 59,6324
53 60,6325
53 61,6326
53 62,6327
53 63,6328
53 64,6329
53 65,6330
53 66,6331
53 67,6332
53 68,6333
53 69,6334
53 70,6335
53 71,6336
53 72,6337
53 73,6338
53 74,6339
53 75,6340
53 76,6341
53 77,6342
53 78,6343
53 79,6344
53 80,6345
53 81,6346
53 82,6347
53 83,6348
53 84,6349
53 85,6350
53 86,6351
53 87,6352
53 88,6353
53 89,6354
53 90,6355
53 91,6356
53 92,6357
53 93,6358
53 94,6359
53 95,6360
53 96,6361
53 97,6362
53 98,6363
53 99,6364
53 100,6365
53 101,6366
53 102,6367
53 103,6368
53 104,6369
53 105,6370
53 106,6371
53 107,6372
53 108,6373
53 109,6374
53 110,6375
53 111,6376
53 112,6377
53 113,6378
53 114,6379
53 115,6380
54 0,6381
54 1,6382
54 2,6383
54 3,6384
54 4,6385
54 5,6386
54 6,6387
54 7,6388
54 8,6389
54 9,6390
54 10,6391
54 11,6392
54 12,6393
54 13,6394
54 14,6395
54 15,6396
54 16,6397
54 17,6398
54 18,6399
54 19,6400
54 20,6401
54 21,6402
54 22,6403
54 23,6404
54 24,6405
54 25,6406
54 26,6407
54 27,6408
54 28,6409
54 29,6410
54 30,6411
54 31,6412
54 32,6413
54 33,6414
54 34,6415
54 35,6416
54 36,6417
54 37,6418
54 38,6419
54 39,6420
54 40,6421
54 41,6422
54 42,6423
54 43,6424
54 44,6425
54 45,6426
54 46,6427
54 47,6428
54 48,6429
54 49,6430
54 50,6431
54 51,6432
54 52,6433
54 53,6434
54 54,6435
54 55,6436
54 56,6437
54 57,6438
54 58,6439
54 59,6440
54 60,6441
54 61,6442
54 62,6443
54 63,6444
54 64,6445
54 65,6446
54 66,6447
54 67,6448
54 68,6449
54 69,6450
54 70,6451
54 71,6452
54 72,6453
54 73,6454
54 74,6455
54 75,6456
54 76,6457
54 77,6458
54 78,6459
54 79,6460
54 80,6461
54 81,6462
54 82,6463
54 83,6464
54 84,6465
54 85,6466
54 86,6467
54 87,6468
54 88,6469
54 89,6470
54 90,6471
54 91,6472
54 92,6473
54 93,6474
54 94,6475
54 95,6476
54 96,6477
54 97,6478
54 98,6479
54 99,6480
54 100,6481
54 101,6482
54 102,6483
54 103,6484
54 104,6485
54 105,6486
54 106,6487
54 107,6488
54 108,6489
54 109,6490
54 110,6491
54 111,6492
54 112,6493
54 113,6494
54 114,6495
54 115,6496
55 0,6497
55 1,6498
55 2,6499
55 3,6500
55 4,6501
55 5,6502
55 6,6503
55 7,6504
55 8,6505
55 9,6506
55 10,6507
55 11,6508
55 12,6509
55 13,6510
55 14,6511
55 15,6512
55 16,6513
55 17,6514
55 18,6515
55 19,6516
55 20,6517
55 21,6518
55 22,6519
55 23,6520
55 24,6521
55 25,6522
55 26,6523
55 27,6524
55 28,6525
55 29,6526
55 30,6527
55 31,6528
55 32,6529
55 33,6530
55 34,6531
55 35,6532
55 36,6533
55 37,6534
55 38,6535
55 39,6536
55 40,6537
55 41,6538
55 42,6539
55 43,6540
55 44,6541
55 45,6542
55 46,6543
55 47,6544
55 48,6545
55 49,6546
55 50,6547
55 51,6548
55 52,6549
55 53,6550
55 54,6551
55 55,6552
55 56,6553
55 57,6554
55 58,6555
55 59,6556
55 60,6557
55 61,6558
55 62,6559
55 63,6560
55 64,6561
55 65,6562
55 66,6563
55 67,6564
55 68,6565
55 69,6566
55 70,6567
55 71,6568
55 72,6569
55 73,6570
55 74,6571
55 75,6572
55 76,6573
55 77,6574
55 78,6575
55 79,6576
55 80,6577
55 81,6578
55 82,6579
55 83,6580
55 84,6581
55 85,6582
55 86,6583
55 87,6584
55 88,6585
55 89,6586
55 90,6587
55 91,6588
55 92,6589
55 93,6590
55 94,6591
55 95,6592
55 96,6593
55 97,6594
55 98,6595
55 99,6596
55 100,6597
55 101,6598
55 102,6599
55 103,6600
55 104,6601
55 105,6602
55 106,6603
55 107,6604
55 108,6605
55 109,6606
55 110,6607
55 111,6608
55 112,6609
55 113,6610
55 114,6611
55 115,6612
56 0,6613
56 1,6614
56 2,6615
56 3,6616
56 4,6617
56 5,6618
56 6,6619
56 7,6620
56 8,6621
56 9,6622
56 10,6623
56 11,6624
56 12,6625
56 13,6626
56 14,6627
56 15,6628
56 16,6629
56 17,6630
56 18,6631
56 19,6632
56 20,6633
56 21,6634
56 22,6635
56 23,6636
56 24,6637
56 25,6638
56 26,6639
56 27,6640
56 28,6641
56 29,6642
56 30,6643
56 31,6644
56 32,6645
56 33,6646
56 34,6647
56 35,6648
56 36,6649
56 37,6650
56 38,6651
56 39,6652
56 40,6653
56 41,6654
56 42,6655
56 43,6656
56 44,6657
56 45,6658
56 46,6659
56 47,6660
56 48,6661
56 49,6662
56 50,6663
56 51,6664
56 52,6665
56 53,6666
56 54,6667
56 55,6668
56 56,6669
56 57,6670
56 58,6671
56 59,6672
56 60,6673
56 61,6674
56 62,6675
56 63,6676
56 64,6677
56 65,6678
56 66,6679
56 67,6680
56 68,6681
56 69,6682
56 70,6683
56 71,6684
56 72,6685
56 73,6686
56 74,6687
56 75,6688
56 76,6689
56 77,6690
56 78,6691
56 79,6692
56 80,6693
56 81,6694
56 82,6695
56 83,6696
56 84,6697
56 85,6698
56 86,6699
56 87,6700
56 88,6701
56 89,6702
56 90,6703
56 91,6704
56 92,6705
56 93,6706
56 94,6707
56 95,6708
56 96,6709
56 97,6710
56 98,6711
56 99,6712
56 100,6713
56 101,6714
56 102,6715
56 103,6716
56 104,6717
56 105,6718
56 106,6719
56 107,6720
56 108,6721
56 109,6722
56 110,6723
56 111,6724
56 112,6725
56 113,6726
56 114,6727
56 115,6728
57 0,6729
57 1,6730
57 2,6731
57 3,6732
57 4,6733
57 5,6734
57 6,6735
57 7,6736
57 8,6737
57 9,6738
57 10,6739
57 11,6740
57 12,6741
57 13,6742
57 14,6743
57 15,6744
57 16,6745
57 17,6746
57 18,6747
57 19,6748
57 20,6749
57 21,6750
57 22,6751
57 23,6752
57 24,6753
57 25,6754
57 26,6755
57 27,6756
57 28,6757
57 29,6758
57 30,6759
57 31,6760
57 32,6761
57 33,6762
57 34,6763
57 35,6764
57 36,6765
57 37,6766
57 38,6767
57 39,6768
57 40,6769
57 41,6770
57 42,6771
57 43,6772
57 44,6773
57 45,6774
57 46,6775
57 47,6776
57 48,6777
57 49,6778
57 50,6779
57 51,6780
57 52,6781
57 53,6782
57 54,6783
57 55,6784
57 56,6785
57 57,6786
57 58,6787
57 59,6788
57 60,6789
57 61,6790
57 62,6791
57 63,6792
57 64,6793
57 65,6794
57 66,6795
57 67,6796
57 68,6797
57 69,6798
57 70,6799
57 71,6800
57 72,6801
57 73,6802
57 74,6803
57 75,6804
57 76,6805
57 77,6806
57 78,6807
57 79,6808
57 80,6809
57 81,6810
57 82,6811
57 83,6812
57 84,6813
57 85,6814
57 86,6815
57 87,6816
57 88,6817
57 89,6818
57 90,6819
57 91,6820
57 92,6821
57 93,6822
57 94,6823
57 95,6824
57 96,6825
57 97,6826
57 98,6827
57 99,6828
57 100,6829
57 101,6830
57 102,6831
57 103,6832
57 104,6833
57 105,6834
57 106,6835
57 107,6836
57 108,6837
57 109,6838
57 110,6839
57 111,6840
57 112,6841
57 113,6842
57 114,6843
57 115,6844
58 0,6845
58 1,6846
58 2,6847
58 3,6848
58 4,6849
58 5,6850
58 6,6851
58 7,6852
58 8,6853
58 9,6854
58 10,6855
58 11,6856
58 12,6857
58 13,6858
58 14,6859
58 15,6860
58 16,6861
58 17,6862
58 18,6863
58 19,6864
58 20,6865
58 21,6866
58 22,6867
58 23,6868
58 24,6869
58 25,6870
58 26,6871
58 27,6872
58 28,6873
58 29,6874
58 30,6875
58 31,6876
58 32,6877
58 33,6878
58 34,6879
58 35,6880
58 36,6881
58 37,6882
58 38,6883
58 39,6884
58 40,6885
58 41,6886
58 42,6887
58 43,6888
58 44,6889
58 45,6890
58 46,6891
58 47,6892
58 48,6893
58 49,6894
58 50,6895
58 51,6896
58 52,6897
58 53,6898
58 54,6899
58 55,6900
58 56,6901
58 57,6902
58 58,6903
58 59,6904
58 60,6905
58 61,6906
58 62,6907
58 63,6908
58 64,6909
58 65,6910
58 66,6911
58 67,6912
58 68,6913
58 69,6914
58 70,6915
58 71,6916
58 72,6917
58 73,6918
58 74,6919
58 75,6920
58 76,6921
58 77,6922
58 78,6923
58 79,6924
58 80,6925
58 81,6926
58 82,6927
58 83,6928
58 84,6929
58 85,6930
58 86,6931
58 87,6932
58 88,6933
58 89,6934
58 90,6935
58 91,6936
58 92,6937
58 93,6938
58 94,6939
58 95,6940
58 96,6941
58 97,6942
58 98,6943
58 99,6944
58 100,6945
58 101,6946
58 102,6947
58 103,6948
58 104,6949
58 105,6950
58 106,6951
58 107,6952
58 108,6953
58 109,6954
58 110,6955
58 111,6956
58 112,6957
58 113,6958
58 114,6959
58 115,6960
59 0,6961
59 1,6962
59 2,6963
59 3,6964
59 4,6965
59 5,6966
59 6,6967
59 7,6968
59 8,6969
59 9,6970
59 10,6971
59 11,6972
59 12,6973
59 13,6974
59 14,6975
59 15,6976
59 16,6977
59 17,6978
59 18,6979
59 19,6980
59 20,6981
59 21,6982
59 22,6983
59 23,6984
59 24,6985
59 25,6986
59 26,6987
59 27,6988
59 28,6989
59 29,6990
59 30,6991
59 31,6992
59 32,6993
59 33,6994
59 34,6995
59 35,6996
59 36,6997
59 37,6998
59 38,6999
59 39,7000
59 40,7001
59 41,7002
59 42,7003
59 43,7004
59 44,7005
59 45,7006
59 46,7007
59 47,7008
59 48,7009
59 49,7010
59 50,7011
59 51,7012
59 52,7013
59 53,7014
59 54,7015
59 55,7016
59 56,7017
59 57,7018
59 58,7019
59 59,7020
59 60,7021
59 61,7022
59 62,7023
59 63,7024
59 64,7025
59 65,7026
59 66,7027
59 67,7028
59 68,7029
59 69,7030
59 70,7031
59 71,7032
59 72,7033
59 73,7034
59 74,7035
59 75,7036
59 76,7037
59 77,7038
59 78,7039
59 79,7040
59 80,7041
59 81,7042
59 82,7043
59 83,7044
59 84,7045
59 85,7046
59 86,7047
59 87,7048
59 88,7049
59 89,7050
59 90,7051
59 91,7052
59 92,7053
59 93,7054
59 94,7055
59 95,7056
59 96,7057
59 97,7058
59 98,7059
59 99,7060
59 100,7061
59 101,7062
59 102,7063
59 103,7064
59 104,7065
59 105,7066
59 106,7067
59 107,7068
59 108,7069
59 109,7070
59 110,7071
59 111,7072
59 112,7073
59 113,7074
59 114,7075
59 115,7076
60 0,7077
60 1,7078
60 2,7079
60 3,7080
60 4,7081
60 5,7082
60 6,7083
60 7,7084
60 8,7085
60 9,7086
60 10,7087
60 11,7088
60 12,7089
60 13,7090
60 14,7091
60 15,7092
60 16,7093
60 17,7094
60 18,7095
60 19,7096
60 20,7097
60 21,7098
60 22,7099
60 23,7100
60 24,7101
60 25,7102
60 26,7103
60 27,7104
60 28,7105
60 29,7106
60 30,7107
60 31,7108
60 32,7109
60 33,7110
60 34,7111
60 35,7112
60 36,7113
60 37,7114
60 38,7115
60 39,7116
60 40,7117
60 41,7118
60 42,7119
60 43,7120
60 44,7121
60 45,7122
60 46,7123
60 47,7124
60 48,7125
60 49,7126
60 50,7127
60 51,7128
60 52,7129
60 53,7130
60 54,7131
60 55,7132
60 56,7133
60 57,7134
60 58,7135
60 59,7136
60 60,7137
60 61,7138
60 62,7139
60 63,7140
60 64,7141
60 65,7142
60 66,7143
60 67,7144
60 68,7145
60 69,7146
60 70,7147
60 71,7148
60 72,7149
60 73,7150
60 74,7151
60 75,7152
60 76,7153
60 77,7154
60 78,7155
60 79,7156
60 80,7157
60 81,7158
60 82,7159
60 83,7160
60 84,7161
60 85,7162
60 86,7163
60 87,7164
60 88,7165
60 89,7166
60 90,7167
60 91,7168
60 92,7169
60 93,7170
60 94,7171
60 95,7172
60 96,7173
60 97,7174
60 98,7175
60 99,7176
60 100,7177
60 101,7178
60 102,7179
60 103,7180
60 104,7181
60 105,7182
60 106,7183
60 107,7184
60 108,7185
60 109,7186
60 110,7187
60 111,7188
60 112,7189
60 113,7190
60 114,7191
60 115,7192
61 0,7193
61 1,7194
61 2,7195
61 3,7196
61 4,7197
61 5,7198
61 6,7199
61 7,7200
61 8,7201
61 9,7202
61 10,7203
61 11,7204
61 12,7205
61 13,7206
61 14,7207
61 15,7208
61 16,7209
61 17,7210
61 18,7211
61 19,7212
61 20,7213
61 21,7214
61 22,7215
61 23,7216
61 24,7217
61 25,7218
61 26,7219
61 27,7220
61 28,7221
61 29,7222
61 30,7223
61 31,7224
61 32,7225
61 33,7226
61 34,7227
61 35,7228
61 36,7229
61 37,7230
61 38,7231
61 39,7232
61 40,7233
61 41,7234
61 42,7235
61 43,7236
61 44,7237
61 45,7238
61 46,7239
61 47,7240
61 48,7241
61 49,7242
61 50,7243
61 51,7244
61 52,7245
61 53,7246
61 54,7247
61 55,7248
61 56,7249
61 57,7250
61 58,7251
61 59,7252
61 60,7253
61 61,7254
61 62,7255
61 63,7256
61 64,7257
61 65,7258
61 66,7259
61 67,7260
61 68,7261
61 69,7262
61 70,7263
61 71,7264
61 72,7265
61 73,7266
61 74,7267
61 75,7268
61 76,7269
61 77,7270
61 78,7271
61 79,7272
61 80,7273
61 81,7274
61 82,7275
61 83,7276
61 84,7277
61 85,7278
61 86,7279
61 87,7280
61 88,7281
61 89,7282
61 90,7283
61 91,7284
61 92,7285
61 93,7286
61 94,7287
61 95,7288
61 96,7289
61 97,7290
61 98,7291
61 99,7292
61 100,7293
61 101,7294
61 102,7295
61 103,7296
61 104,7297
61 105,7298
61 106,7299
61 107,7300
61 108,7301
61 109,7302
61 110,7303
61 111,7304
61 112,7305
61 113,7306
61 114,7307
61 115,7308
62 0,7309
62 1,7310
62 2,7311
62 3,7312
62 4,7313
62 5,7314
62 6,7315
62 7,7316
62 8,7317
62 9,7318
62 10,7319
62 11,7320
62 12,7321
62 13,7322
62 14,7323
62 15,7324
62 16,7325
62 17,7326
62 18,7327
62 19,7328
62 20,7329
62 21,7330
62 22,7331
62 23,7332
62 24,7333
62 25,7334
62 26,7335
62 27,7336
62 28,7337
62 29,7338
62 30,7339
62 31,7340
62 32,7341
62 33,7342
62 34,7343
62 35,7344
62 36,7345
62 37,7346
62 38,7347
62 39,7348
62 40,7349
62 41,7350
62 42,7351
62 43,7352
62 44,7353
62 45,7354
62 46,7355
62 47,7356
62 48,7357
62 49,7358
62 50,7359
62 51,7360
62 52,7361
62 53,7362
62 54,7363
62 55,7364
62 56,7365
62 57,7366
62 58,7367
62 59,7368
62 60,7369
62 61,7370
62 62,7371
62 63,7372
62 64,7373
62 65,7374
62 66,7375
62 67,7376
62 68,7377
62 69,7378
62 70,7379
62 71,7380
62 72,7381
62 73,7382
62 74,7383
62 75,7384
62 76,7385
62 77,7386
62 78,7387
62 79,7388
62 80,7389
62 81,7390
62 82,7391
62 83,7392
62 84,7393
62 85,7394
62 86,7395
62 87,7396
62 88,7397
62 89,7398
62 90,7399
62 91,7400
62 92,7401
62 93,7402
62 94,7403
62 95,7404
62 96,7405
62 97,7406
62 98,7407
62 99,7408
62 100,7409
62 101,7410
62 102,7411
62 103,7412
62 104,7413
62 105,7414
62 106,7415
62 107,7416
62 108,7417
62 109,7418
62 110,7419
62 111,7420
62 112,7421
62 113,7422
62 114,7423
62 115,7424
63 0,7425
63 1,7426
63 2,7427
63 3,7428
63 4,7429
63 5,7430
63 6,7431
63 7,7432
63 8,7433
63 9,7434
63 10,7435
63 11,7436
63 12,7437
63 13,7438
63 14,7439
63 15,7440
63 16,7441
63 17,7442
63 18,7443
63 19,7444
63 20,7445
63 21,7446
63 22,7447
63 23,7448
63 24,7449
63 25,7450
63 26,7451
63 27,7452
63 28,7453
63 29,7454
63 30,7455
63 31,7456
63 32,7457
63 33,7458
63 34,7459
63 35,7460
63 36,7461
63 37,7462
63 38,7463
63 39,7464
63 40,7465
63 41,7466
63 42,7467
63 43,7468
63 44,7469
63 45,7470
63 46,7471
63 47,7472
63 48,7473
63 49,7474
63 50,7475
63 51,7476
63 52,7477
63 53,7478
63 54,7479
63 55,7480
63 56,7481
63 57,7482
63 58,7483
63 59,7484
63 60,7485
63 61,7486
63 62,7487
63 63,7488
63 64,7489
63 65,7490
63 66,7491
63 67,7492
63 68,7493
63 69,7494
63 70,7495
63 71,7496
63 72,7497
63 73,7498
63 74,7499
63 75,7500
63 76,7501
63 77,7502
63 78,7503
63 79,7504
63 80,7505
63 81,7506
63 82,7507
63 83,7508
63 84,7509
63 85,7510
63 86,7511
63 87,7512
63 88,7513
63 89,7514
63 90,7515
63 91,7516
63 92,7517
63 93,7518
63 94,7519
63 95,7520
63 96,7521
63 97,7522
63 98,7523
63 99,7524
63 100,7525
63 101,7526
63 102,7527
63 103,7528
63 104,7529
63 105,7530
63 106,7531
63 107,7532
63 108,7533
63 109,7534
63 110,7535
63 111,7536
63 112,7537
63 113,7538
63 114,7539
63 115,7540
64 0,7541
64 1,7542
64 2,7543
64 3,7544
64 4,7545
64 5,7546
64 6,7547
64 7,7548
64 8,7549
64 9,7550
64 10,7551
64 11,7552
64 12,7553
64 13,7554
64 14,7555
64 15,7556
64 16,7557
64 17,7558
64 18,7559
64 19,7560
64 20,7561
64 21,7562
64 22,7563
64 23,7564
64 24,7565
64 25,7566
64 26,7567
64 27,7568
64 28,7569
64 29,7570
64 30,7571
64 31,7572
64 32,7573
64 33,7574
64 34,7575
64 35,7576
64 36,7577
64 37,7578
64 38,7579
64 39,7580
64 40,7581
64 41,7582
64 42,7583
64 43,7584
64 44,7585
64 45,7586
64 46,7587
64 47,7588
64 48,7589
64 49,7590
64 50,7591
64 51,7592
64 52,7593
64 53,7594
64 54,7595
64 55,7596
64 56,7597
64 57,7598
64 58,7599
64 59,7600
64 60,7601
64 61,7602
64 62,7603
64 63,7604
64 64,7605
64 65,7606
64 66,7607
64 67,7608
64 68,7609
64 69,7610
64 70,7611
64 71,7612
64 72,7613
64 73,7614
64 74,7615
64 75,7616
64 76,7617
64 77,7618
64 78,7619
64 79,7620
64 80,7621
64 81,7622
64 82,7623
64 83,7624
64 84,7625
64 85,7626
64 86,7627
64 87,7628
64 88,7629
64 89,7630
64 90,7631
64 91,7632
64 92,7633
64 93,7634
64 94,7635
64 95,7636
64 96,7637
64 97,7638
64 98,7639
64 99,7640
64 100,7641
64 101,7642
64 102,7643
64 103,7644
64 104,7645
64 105,7646
64 106,7647
64 107,7648
64 108,7649
64 109,7650
64 110,7651
64 111,7652
64 112,7653
64 113,7654
64 114,7655
64 115,7656
65 0,7657
65 1,7658
65 2,7659
65 3,7660
65 4,7661
65 5,7662
65 6,7663
65 7,7664
65 8,7665
65 9,7666
65 10,7667
65 11,7668
65 12,7669
65 13,7670
65 14,7671
65 15,7672
65 16,7673
65 17,7674
65 18,7675
65 19,7676
65 20,7677
65 21,7678
65 22,7679
65 23,7680
65 24,7681
65 25,7682
65 26,7683
65 27,7684
65 28,7685
65 29,7686
65 30,7687
65 31,7688
65 32,7689
65 33,7690
65 34,7691
65 35,7692
65 36,7693
65 37,7694
65 38,7695
65 39,7696
65 40,7697
65 41,7698
65 42,7699
65 43,7700
65 44,7701
65 45,7702
65 46,7703
65 47,7704
65 48,7705
65 49,7706
65 50,7707
65 51,7708
65 52,7709
65 53,7710
65 54,7711
65 55,7712
65 56,7713
65 57,7714
65 58,7715
65 59,7716
65 60,7717
65 61,7718
65 62,7719
65 63,7720
65 64,7721
65 65,7722
65 66,7723
65 67,7724
65 68,7725
65 69,7726
65 70,7727
65 71,7728
65 72,7729
65 73,7730
65 74,7731
65 75,7732
65 76,7733
65 77,7734
65 78,7735
65 79,7736
65 80,7737
65 81,7738
65 82,7739
65 83,7740
65 84,7741
65 85,7742
65 86,7743
65 87,7744
65 88,7745
65 89,7746
65 90,7747
65 91,7748
65 92,7749
65 93,7750
65 94,7751
65 95,7752
65 96,7753
65 97,7754
65 98,7755
65 99,7756
65 100,7757
65 101,7758
65 102,7759
65 103,7760
65 104,7761
65 105,7762
65 106,7763
65 107,7764
65 108,7765
65 109,7766
65 110,7767
65 111,7768
65 112,7769
65 113,7770
65 114,7771
65 115,7772
66 0,7773
66 1,7774
66 2,7775
66 3,7776
66 4,7777
66 5,7778
66 6,7779
66 7,7780
66 8,7781
66 9,7782
66 10,7783
66 11,7784
66 12,7785
66 13,7786
66 14,7787
66 15,7788
66 16,7789
66 17,7790
66 18,7791
66 19,7792
66 20,7793
66 21,7794
66 22,7795
66 23,7796
66 24,7797
66 25,7798
66 26,7799
66 27,7800
66 28,7801
66 29,7802
66 30,7803
66 31,7804
66 32,7805
66 33,7806
66 34,7807
66 35,7808
66 36,7809
66 37,7810
66 38,7811
66 39,7812
66 40,7813
66 41,7814
66 42,7815
66 43,7816
66 44,7817
66 45,7818
66 46,7819
66 47,7820
66 48,7821
66 49,7822
66 50,7823
66 51,7824
66 52,7825
66 53,7826
66 54,7827
66 55,7828
66 56,7829
66 57,7830
66 58,7831
66 59,7832
66 60,7833
66 61,7834
66 62,7835
66 63,7836
66 64,7837
66 65,7838
66 66,7839
66 67,7840
66 68,7841
66 69,7842
66 70,7843
66 71,7844
66 72,7845
66 73,7846
66 74,7847
66 75,7848
66 76,7849
66 77,7850
66 78,7851
66 79,7852
66 80,7853
66 81,7854
66 82,7855
66 83,7856
66 84,7857
66 85,7858
66 86,7859
66 87,7860
66 88,7861
66 89,7862
66 90,7863
66 91,7864
66 92,7865
66 93,7866
66 94,7867
66 95,7868
66 96,7869
66 97,7870
66 98,7871
66 99,7872
66 100,7873
66 101,7874
66 102,7875
66 103,7876
66 104,7877
66 105,7878
66 106,7879
66 107,7880
66 108,7881
66 109,7882
66 110,7883
66 111,7884
66 112,7885
66 113,7886
66 114,7887
66 115,7888
67 0,7889
67 1,7890
67 2,7891
67 3,7892
67 4,7893
67 5,7894
67 6,7895
67 7,7896
67 8,7897
67 9,7898
67 10,7899
67 11,7900
67 12,7901
67 13,7902
67 14,7903
67 15,7904
67 16,7905
67 17,7906
67 18,7907
67 19,7908
67 20,7909
67 21,7910
67 22,7911
67 23,7912
67 24,7913
67 25,7914
67 26,7915
67 27,7916
67 28,7917
67 29,7918
67 30,7919
67 31,7920
67 32,7921
67 33,7922
67 34,7923
67 35,7924
67 36,7925
67 37,7926
67 38,7927
67 39,7928
67 40,7929
67 41,7930
67 42,7931
67 43,7932
67 44,7933
67 45,7934
67 46,7935
67 47,7936
67 48,7937
67 49,7938
67 50,7939
67 51,7940
67 52,7941
67 53,7942
67 54,7943
67 55,7944
67 56,7945
67 57,7946
67 58,7947
67 59,7948
67 60,7949
67 61,7950
67 62,7951
67 63,7952
67 64,7953
67 65,7954
67 66,7955
67 67,7956
67 68,7957
67 69,7958
67 70,7959
67 71,7960
67 72,7961
67 73,7962
67 74,7963
67 75,7964
67 76,7965
67 77,7966
67 78,7967
67 79,7968
67 80,7969
67 81,7970
67 82,7971
67 83,7972
67 84,7973
67 85,7974
67 86,7975
67 87,7976
67 88,7977
67 89,7978
67 90,7979
67 91,7980
67 92,7981
67 93,7982
67 94,7983
67 95,7984
67 96,7985
67 97,7986
67 98,7987
67 99,7988
67 100,7989
67 101,7990
67 102,7991
67 103,7992
67 104,7993
67 105,7994
67 106,7995
67 107,7996
67 108,7997
67 109,7998
67 110,7999
67 111,8000
67 112,8001
67 113,8002
67 114,8003
67 115,8004
68 0,8005
68 1,8006
68 2,8007
68 3,8008
68 4,8009
68 5,8010
68 6,8011
68 7,8012
68 8,8013
68 9,8014
68 10,8015
68 11,8016
68 12,8017
68 13,8018
68 14,8019
68 15,8020
68 16,8021
68 17,8022
68 18,8023
68 19,8024
68 20,8025
68 21,8026
68 22,8027
68 23,8028
68 24,8029
68 25,8030
68 26,8031
68 27,8032
68 28,8033
68 29,8034
68 30,8035
68 31,8036
68 32,8037
68 33,8038
68 34,8039
68 35,8040
68 36,8041
68 37,8042
68 38,8043
68 39,8044
68 40,8045
68 41,8046
68 42,8047
68 43,8048
68 44,8049
68 45,8050
68 46,8051
68 47,8052
68 48,8053
68 49,8054
68 50,8055
68 51,8056
68 52,8057
68 53,8058
68 54,8059
68 55,8060
68 56,8061
68 57,8062
68 58,8063
68 59,8064
68 60,8065
68 61,8066
68 62,8067
68 63,8068
68 64,8069
68 65,8070
68 66,8071
68 67,8072
68 68,8073
68 69,8074
68 70,8075
68 71,8076
68 72,8077
68 73,8078
68 74,8079
68 75,8080
68 76,8081
68 77,8082
68 78,8083
68 79,8084
68 80,8085
68 81,8086
68 82,8087
68 83,8088
68 84,8089
68 85,8090
68 86,8091
68 87,8092
68 88,8093
68 89,8094
68 90,8095
68 91,8096
68 92,8097
68 93,8098
68 94,8099
68 95,8100
68 96,8101
68 97,8102
68 98,8103
68 99,8104
68 100,8105
68 101,8106
68 102,8107
68 103,8108
68 104,8109
68 105,8110
68 106,8111
68 107,8112
68 108,8113
68 109,8114
68 110,8115
68 111,8116
68 112,8117
68 113,8118
68 114,8119
68 115,8120
69 0,8121
69 1,8122
69 2,8123
69 3,8124
69 4,8125
69 5,8126
69 6,8127
69 7,8128
69 8,8129
69 9,8130
69 10,8131
69 11,8132
69 12,8133
69 13,8134
69 14,8135
69 15,8136
69 16,8137
69 17,8138
69 18,8139
69 19,8140
69 20,8141
69 21,8142
69 22,8143
69 23,8144
69 24,8145
69 25,8146
69 26,8147
69 27,8148
69 28,8149
69 29,8150
69 30,8151
69 31,8152
69 32,8153
69 33,8154
69 34,8155
69 35,8156
69 36,8157
69 37,8158
69 38,8159
69 39,8160
69 40,8161
69 41,8162
69 42,8163
69 43,8164
69 44,8165
69 45,8166
69 46,8167
69 47,8168
69 48,8169
69 49,8170
69 50,8171
69 51,8172
69 52,8173
69 53,8174
69 54,8175
69 55,8176
69 56,8177
69 57,8178
69 58,8179
69 59,8180
69 60,8181
69 61,8182
69 62,8183
69 63,8184
69 64,8185
69 65,8186
69 66,8187
69 67,8188
69 68,8189
69 69,8190
69 70,8191
69 71,8192
69 72,8193
69 73,8194
69 74,8195
69 75,8196
69 76,8197
69 77,8198
69 78,8199
69 79,8200
69 80,8201
69 81,8202
69 82,8203
69 83,8204
69 84,8205
69 85,8206
69 86,8207
69 87,8208
69 88,8209
69 89,8210
69 90,8211
69 91,8212
69 92,8213
69 93,8214
69 94,8215
69 95,8216
69 96,8217
69 97,8218
69 98,8219
69 99,8220
69 100,8221
69 101,8222
69 102,8223
69 103,8224
69 104,8225
69 105,8226
69 106,8227
69 107,8228
69 108,8229
69 109,8230
69 110,8231
69 111,8232
69 112,8233
69 113,8234
69 114,8235
69 115,8236
70 0,8237
70 1,8238
70 2,8239
70 3,8240
70 4,8241
70 5,8242
70 6,8243
70 7,8244
70 8,8245
70 9,8246
70 10,8247
70 11,8248
70 12,8249
70 13,8250
70 14,8251
70 15,8252
70 16,8253
70 17,8254
70 18,8255
70 19,8256
70 20,8257
70 21,8258
70 22,8259
70 23,8260
70 24,8261
70 25,8262
70 26,8263
70 27,8264
70 28,8265
70 29,8266
70 30,8267
70 31,8268
70 32,8269
70 33,8270
70 34,8271
70 35,8272
70 36,8273
70 37,8274
70 38,8275
70 39,8276
70 40,8277
70 41,8278
70 42,8279
70 43,8280
70 44,8281
70 45,8282
70 46,8283
70 47,8284
70 48,8285
70 49,8286
70 50,8287
70 51,8288
70 52,8289
70 53,8290
70 54,8291
70 55,8292
70 56,8293
70 57,8294
70 58,8295
70 59,8296
70 60,8297
70 61,8298
70 62,8299
70 63,8300
70 64,8301
70 65,8302
70 66,8303
70 67,8304
70 68,8305
70 69,8306
70 70,8307
70 71,8308
70 72,8309
70 73,8310
70 74,8311
70 75,8312
70 76,8313
70 77,8314
70 78,8315
70 79,8316
70 80,8317
70 81,8318
70 82,8319
70 83,8320
70 84,8321
70 85,8322
70 86,8323
70 87,8324
70 88,8325
70 89,8326
70 90,8327
70 91,8328
70 92,8329
70 93,8330
70 94,8331
70 95,8332
70 96,8333
70 97,8334
70 98,8335
70 99,8336
70 100,8337
70 101,8338
70 102,8339
70 103,8340
70 104,8341
70 105,8342
70 106,8343
70 107,8344
70 108,8345
70 109,8346
70 110,8347
70 111,8348
70 112,8349
70 113,8350
70 114,8351
70 115,8352
71 0,8353
71 1,8354
71 2,8355
71 3,8356
71 4,8357
71 5,8358
71 6,8359
71 7,8360
71 8,8361
71 9,8362
71 10,8363
71 11,8364
71 12,8365
71 13,8366
71 14,8367
71 15,8368
71 16,8369
71 17,8370
71 18,8371
71 19,8372
71 20,8373
71 21,8374
71 22,8375
71 23,8376
71 24,8377
71 25,8378
71 26,8379
71 27,8380
71 28,8381
71 29,8382
71 30,8383
71 31,8384
71 32,8385
71 33,8386
71 34,8387
71 35,8388
71 36,8389
71 37,8390
71 38,8391
71 39,8392
71 40,8393
71 41,8394
71 42,8395
71 43,8396
71 44,8397
71 45,8398
71 46,8399
71 47,8400
71 48,8401
71 49,8402
71 50,8403
71 51,8404
71 52,8405
71 53,8406
71 54,8407
71 55,8408
71 56,8409
71 57,8410
71 58,8411
71 59,8412
71 60,8413
71 61,8414
71 62,8415
71 63,8416
71 64,8417
71 65,8418
71 66,8419
71 67,8420
71 68,8421
71 69,8422
71 70,8423
71 71,8424
71 72,8425
71 73,8426
71 74,8427
71 75,8428
71 76,8429
71 77,8430
71 78,8431
71 79,8432
71 80,8433
71 81,8434
71 82,8435
71 83,8436
71 84,8437
71 85,8438
71 86,8439
71 87,8440
71 88,8441
71 89,8442
71 90,8443
71 91,8444
71 92,8445
71 93,8446
71 94,8447
71 95,8448
71 96,8449
71 97,8450
71 98,8451
71 99,8452
71 100,8453
71 101,8454
71 102,8455
71 103,8456
71 104,8457
71 105,8458
71 106,8459
71 107,8460
71 108,8461
71 109,8462
71 110,8463
71 111,8464
71 112,8465
71 113,8466
71 114,8467
71 115,8468
72 0,8469
72 1,8470
72 2,8471
72 3,8472
72 4,8473
72 5,8474
72 6,8475
72 7,8476
72 8,8477
72 9,8478
72 10,8479
72 11,8480
72 12,8481
72 13,8482
72 14,8483
72 15,8484
72 16,8485
72 17,8486
72 18,8487
72 19,8488
72 20,8489
72 21,8490
72 22,8491
72 23,8492
72 24,8493
72 25,8494
72 26,8495
72 27,8496
72 28,8497
72 29,8498
72 30,8499
72 31,8500
72 32,8501
72 33,8502
72 34,8503
72 35,8504
72 36,8505
72 37,8506
72 38,8507
72 39,8508
72 40,8509
72 41,8510
72 42,8511
72 43,8512
72 44,8513
72 45,8514
72 46,8515
72 47,8516
72 48,8517
72 49,8518
72 50,8519
72 51,8520
72 52,8521
72 53,8522
72 54,8523
72 55,8524
72 56,8525
72 57,8526
72 58,8527
72 59,8528
72 60,8529
72 61,8530
72 62,8531
72 63,8532
72 64,8533
72 65,8534
72 66,8535
72 67,8536
72 68,8537
72 69,8538
72 70,8539
72 71,8540
72 72,8541
72 73,8542
72 74,8543
72 75,8544
72 76,8545
72 77,8546
72 78,8547
72 79,8548
72 80,8549
72 81,8550
72 82,8551
72 83,8552
72 84,8553
72 85,8554
72 86,8555
72 87,8556
72 88,8557
72 89,8558
72 90,8559
72 91,8560
72 92,8561
72 93,8562
72 94,8563
72 95,8564
72 96,8565
72 97,8566
72 98,8567
72 99,8568
72 100,8569
72 101,8570
72 102,8571
72 103,8572
72 104,8573
72 105,8574
72 106,8575
72 107,8576
72 108,8577
72 109,8578
72 110,8579
72 111,8580
72 112,8581
72 113,8582
72 114,8583
72 115,8584
73 0,8585
73 1,8586
73 2,8587
73 3,8588
73 4,8589
73 5,8590
73 6,8591
73 7,8592
73 8,8593
73 9,8594
73 10,8595
73 11,8596
73 12,8597
73 13,8598
73 14,8599
73 15,8600
73 16,8601
73 17,8602
73 18,8603
73 19,8604
73 20,8605
73 21,8606
73 22,8607
73 23,8608
73 24,8609
73 25,8610
73 26,8611
73 27,8612
73 28,8613
73 29,8614
73 30,8615
73 31,8616
73 32,8617
73 33,8618
73 34,8619
73 35,8620
73 36,8621
73 37,8622
73 38,8623
73 39,8624
73 40,8625
73 41,8626
73 42,8627
73 43,8628
73 44,8629
73 45,8630
73 46,8631
73 47,8632
73 48,8633
73 49,8634
73 50,8635
73 51,8636
73 52,8637
73 53,8638
73 54,8639
73 55,8640
73 56,8641
73 57,8642
73 58,8643
73 59,8644
73 60,8645
73 61,8646
73 62,8647
73 63,8648
73 64,8649
73 65,8650
73 66,8651
73 67,8652
73 68,8653
73 69,8654
73 70,8655
73 71,8656
73 72,8657
73 73,8658
73 74,8659
73 75,8660
73 76,8661
73 77,8662
73 78,8663
73 79,8664
73 80,8665
73 81,8666
73 82,8667
73 83,8668
73 84,8669
73 85,8670
73 86,8671
73 87,8672
73 88,8673
73 89,8674
73 90,8675
73 91,8676
73 92,8677
73 93,8678
73 94,8679
73 95,8680
73 96,8681
73 97,8682
73 98,8683
73 99,8684
73 100,8685
73 101,8686
73 102,8687
73 103,8688
73 104,8689
73 105,8690
73 106,8691
73 107,8692
73 108,8693
73 109,8694
73 110,8695
73 111,8696
73 112,8697
73 113,8698
73 114,8699
73 115,8700
74 0,8701
74 1,8702
74 2,8703
74 3,8704
74 4,8705
74 5,8706
74 6,8707
74 7,8708
74 8,8709
74 9,8710
74 10,8711
74 11,8712
74 12,8713
74 13,8714
74 14,8715
74 15,8716
74 16,8717
74 17,8718
74 18,8719
74 19,8720
74 20,8721
74 21,8722
74 22,8723
74 23,8724
74 24,8725
74 25,8726
74 26,8727
74 27,8728
74 28,8729
74 29,8730
74 30,8731
74 31,8732
74 32,8733
74 33,8734
74 34,8735
74 35,8736
74 36,8737
74 37,8738
74 38,8739
74 39,8740
74 40,8741
74 41,8742
74 42,8743
74 43,8744
74 44,8745
74 45,8746
74 46,8747
74 47,8748
74 48,8749
74 49,8750
74 50,8751
74 51,8752
74 52,8753
74 53,8754
74 54,8755
74 55,8756
74 56,8757
74 57,8758
74 58,8759
74 59,8760
74 60,8761
74 61,8762
74 62,8763
74 63,8764
74 64,8765
74 65,8766
74 66,8767
74 67,8768
74 68,8769
74 69,8770
74 70,8771
74 71,8772
74 72,8773
74 73,8774
74 74,8775
74 75,8776
74 76,8777
74 77,8778
74 78,8779
74 79,8780
74 80,8781
74 81,8782
74 82,8783
74 83,8784
74 84,8785
74 85,8786
74 86,8787
74 87,8788
74 88,8789
74 89,8790
74 90,8791
74 91,8792
74 92,8793
74 93,8794
74 94,8795
74 95,8796
74 96,8797
74 97,8798
74 98,8799
74 99,8800
74 100,8801
74 101,8802
74 102,8803
74 103,8804
74 104,8805
74 105,8806
74 106,8807
74 107,8808
74 108,8809
74 109,8810
74 110,8811
74 111,8812
74 112,8813
74 113,8814
74 114,8815
74 115,8816
75 0,8817
75 1,8818
75 2,8819
75 3,8820
75 4,8821
75 5,8822
75 6,8823
75 7,8824
75 8,8825
75 9,8826
75 10,8827
75 11,8828
75 12,8829
75 13,8830
75 14,8831
75 15,8832
75 16,8833
75 17,8834
75 18,8835
75 19,8836
75 20,8837
75 21,8838
75 22,8839
75 23,8840
75 24,8841
75 25,8842
75 26,8843
75 27,8844
75 28,8845
75 29,8846
75 30,8847
75 31,8848
75 32,8849
75 33,8850
75 34,8851
75 35,8852
75 36,8853
75 37,8854
75 38,8855
75 39,8856
75 40,8857
75 41,8858
75 42,8859
75 43,8860
75 44,8861
75 45,8862
75 46,8863
75 47,8864
75 48,8865
75 49,8866
75 50,8867
75 51,8868
75 52,8869
75 53,8870
75 54,8871
75 55,8872
75 56,8873
75 57,8874
75 58,8875
75 59,8876
75 60,8877
75 61,8878
75 62,8879
75 63,8880
75 64,8881
75 65,8882
75 66,8883
75 67,8884
75 68,8885
75 69,8886
75 70,8887
75 71,8888
75 72,8889
75 73,8890
75 74,8891
75 75,8892
75 76,8893
75 77,8894
75 78,8895
75 79,8896
75 80,8897
75 81,8898
75 82,8899
75 83,8900
75 84,8901
75 85,8902
75 86,8903
75 87,8904
75 88,8905
75 89,8906
75 90,8907
75 91,8908
75 92,8909
75 93,8910
75 94,8911
75 95,8912
75 96,8913
75 97,8914
75 98,8915
75 99,8916
75 100,8917
75 101,8918
75 102,8919
75 103,8920
75 104,8921
75 105,8922
75 106,8923
75 107,8924
75 108,8925
75 109,8926
75 110,8927
75 111,8928
75 112,8929
75 113,8930
75 114,8931
75 115,8932
76 0,8933
76 1,8934
76 2,8935
76 3,8936
76 4,8937
76 5,8938
76 6,8939
76 7,8940
76 8,8941
76 9,8942
76 10,8943
76 11,8944
76 12,8945
76 13,8946
76 14,8947
76 15,8948
76 16,8949
76 17,8950
76 18,8951
76 19,8952
76 20,8953
76 21,8954
76 22,8955
76 23,8956
76 24,8957
76 25,8958
76 26,8959
76 27,8960
76 28,8961
76 29,8962
76 30,8963
76 31,8964
76 32,8965
76 33,8966
76 34,8967
76 35,8968
76 36,8969
76 37,8970
76 38,8971
76 39,8972
76 40,8973
76 41,8974
76 42,8975
76 43,8976
76 44,8977
76 45,8978
76 46,8979
76 47,8980
76 48,8981
76 49,8982
76 50,8983
76 51,8984
76 52,8985
76 53,8986
76 54,8987
76 55,8988
76 56,8989
76 57,8990
76 58,8991
76 59,8992
76 60,8993
76 61,8994
76 62,8995
76 63,8996
76 64,8997
76 65,8998
76 66,8999
76 67,9000
76 68,9001
76 69,9002
76 70,9003
76 71,9004
76 72,9005
76 73,9006
76 74,9007
76 75,9008
76 76,9009
76 77,9010
76 78,9011
76 79,9012
76 80,9013
76 81,9014
76 82,9015
76 83,9016
76 84,9017
76 85,9018
76 86,9019
76 87,9020
76 88,9021
76 89,9022
76 90,9023
76 91,9024
76 92,9025
76 93,9026
76 94,9027
76 95,9028
76 96,9029
76 97,9030
76 98,9031
76 99,9032
76 100,9033
76 101,9034
76 102,9035
76 103,9036
76 104,9037
76 105,9038
76 106,9039
76 107,9040
76 108,9041
76 109,9042
76 110,9043
76 111,9044
76 112,9045
76 113,9046
76 114,9047
76 115,9048
77 0,9049
77 1,9050
77 2,9051
77 3,9052
77 4,9053
77 5,9054
77 6,9055
77 7,9056
77 8,9057
77 9,9058
77 10,9059
77 11,9060
77 12,9061
77 13,9062
77 14,9063
77 15,9064
77 16,9065
77 17,9066
77 18,9067
77 19,9068
77 20,9069
77 21,9070
77 22,9071
77 23,9072
77 24,9073
77 25,9074
77 26,9075
77 27,9076
77 28,9077
77 29,9078
77 30,9079
77 31,9080
77 32,9081
77 33,9082
77 34,9083
77 35,9084
77 36,9085
77 37,9086
77 38,9087
77 39,9088
77 40,9089
77 41,9090
77 42,9091
77 43,9092
77 44,9093
77 45,9094
77 46,9095
77 47,9096
77 48,9097
77 49,9098
77 50,9099
77 51,9100
77 52,9101
77 53,9102
77 54,9103
77 55,9104
77 56,9105
77 57,9106
77 58,9107
77 59,9108
77 60,9109
77 61,9110
77 62,9111
77 63,9112
77 64,9113
77 65,9114
77 66,9115
77 67,9116
77 68,9117
77 69,9118
77 70,9119
77 71,9120
77 72,9121
77 73,9122
77 74,9123
77 75,9124
77 76,9125
77 77,9126
77 78,9127
77 79,9128
77 80,9129
77 81,9130
77 82,9131
77 83,9132
77 84,9133
77 85,9134
77 86,9135
77 87,9136
77 88,9137
77 89,9138
77 90,9139
77 91,9140
77 92,9141
77 93,9142
77 94,9143
77 95,9144
77 96,9145
77 97,9146
77 98,9147
77 99,9148
77 100,9149
77 101,9150
77 102,9151
77 103,9152
77 104,9153
77 105,9154
77 106,9155
77 107,9156
77 108,9157
77 109,9158
77 110,9159
77 111,9160
77 112,9161
77 113,9162
77 114,9163
77 115,9164
78 0,9165
78 1,9166
78 2,9167
78 3,9168
78 4,9169
78 5,9170
78 6,9171
78 7,9172
78 8,9173
78 9,9174
78 10,9175
78 11,9176
78 12,9177
78 13,9178
78 14,9179
78 15,9180
78 16,9181
78 17,9182
78 18,9183
78 19,9184
78 20,9185
78 21,9186
78 22,9187
78 23,9188
78 24,9189
78 25,9190
78 26,9191
78 27,9192
78 28,9193
78 29,9194
78 30,9195
78 31,9196
78 32,9197
78 33,9198
78 34,9199
78 35,9200
78 36,9201
78 37,9202
78 38,9203
78 39,9204
78 40,9205
78 41,9206
78 42,9207
78 43,9208
78 44,9209
78 45,9210
78 46,9211
78 47,9212
78 48,9213
78 49,9214
78 50,9215
78 51,9216
78 52,9217
78 53,9218
78 54,9219
78 55,9220
78 56,9221
78 57,9222
78 58,9223
78 59,9224
78 60,9225
78 61,9226
78 62,9227
78 63,9228
78 64,9229
78 65,9230
78 66,9231
78 67,9232
78 68,9233
78 69,9234
78 70,9235
78 71,9236
78 72,9237
78 73,9238
78 74,9239
78 75,9240
78 76,9241
78 77,9242
78 78,9243
78 79,9244
78 80,9245
78 81,9246
78 82,9247
78 83,9248
78 84,9249
78 85,9250
78 86,9251
78 87,9252
78 88,9253
78 89,9254
78 90,9255
78 91,9256
78 92,9257
78 93,9258
78 94,9259
78 95,9260
78 96,9261
78 97,9262
78 98,9263
78 99,9264
78 100,9265
78 101,9266
78 102,9267
78 103,9268
78 104,9269
78 105,9270
78 106,9271
78 107,9272
78 108,9273
78 109,9274
78 110,9275
78 111,9276
78 112,9277
78 113,9278
78 114,9279
78 115,9280
79 0,9281
79 1,9282
79 2,9283
79 3,9284
79 4,9285
79 5,9286
79 6,9287
79 7,9288
79 8,9289
79 9,9290
79 10,9291
79 11,9292
79 12,9293
79 13,9294
79 14,9295
79 15,9296
79 16,9297
79 17,9298
79 18,9299
79 19,9300
79 20,9301
79 21,9302
79 22,9303
79 23,9304
79 24,9305
79 25,9306
79 26,9307
79 27,9308
79 28,9309
79 29,9310
79 30,9311
79 31,9312
79 32,9313
79 33,9314
79 34,9315
79 35,9316
79 36,9317
79 37,9318
79 38,9319
79 39,9320
79 40,9321
79 41,9322
79 42,9323
79 43,9324
79 44,9325
79 45,9326
79 46,9327
79 47,9328
79 48,9329
79 49,9330
79 50,9331
79 51,9332
79 52,9333
79 53,9334
79 54,9335
79 55,9336
79 56,9337
79 57,9338
79 58,9339
79 59,9340
79 60,9341
79 61,9342
79 62,9343
79 63,9344
79 64,9345
79 65,9346
79 66,9347
79 67,9348
79 68,9349
79 69,9350
79 70,9351
79 71,9352
79 72,9353
79 73,9354
79 74,9355
79 75,9356
79 76,9357
79 77,9358
79 78,9359
79 79,9360
79 80,9361
79 81,9362
79 82,9363
79 83,9364
79 84,9365
79 85,9366
79 86,9367
79 87,9368
79 88,9369
79 89,9370
79 90,9371
79 91,9372
79 92,9373
79 93,9374
79 94,9375
79 95,9376
79 96,9377
79 97,9378
79 98,9379
79 99,9380
79 100,9381
79 101,9382
79 102,9383
79 103,9384
79 104,9385
79 105,9386
79 106,9387
79 107,9388
79 108,9389
79 109,9390
79 110,9391
79 111,9392
79 112,9393
79 113,9394
79 114,9395
79 115,9396
80 0,9397
80 1,9398
80 2,9399
80 3,9400
80 4,9401
80 5,9402
80 6,9403
80 7,9404
80 8,9405
80 9,9406
80 10,9407
80 11,9408
80 12,9409
80 13,9410
80 14,9411
80 15,9412
80 16,9413
80 17,9414
80 18,9415
80 19,9416
80 20,9417
80 21,9418
80 22,9419
80 23,9420
80 24,9421
80 25,9422
80 26,9423
80 27,9424
80 28,9425
80 29,9426
80 30,9427
80 31,9428
80 32,9429
80 33,9430
80 34,9431
80 35,9432
80 36,9433
80 37,9434
80 38,9435
80 39,9436
80 40,9437
80 41,9438
80 42,9439
80 43,9440
80 44,9441
80 45,9442
80 46,9443
80 47,9444
80 48,9445
80 49,9446
80 50,9447
80 51,9448
80 52,9449
80 53,9450
80 54,9451
80 55,9452
80 56,9453
80 57,9454
80 58,9455
80 59,9456
80 60,9457
80 61,9458
80 62,9459
80 63,9460
80 64,9461
80 65,9462
80 66,9463
80 67,9464
80 68,9465
80 69,9466
80 70,9467
80 71,9468
80 72,9469
80 73,9470
80 74,9471
80 75,9472
80 76,9473
80 77,9474
80 78,9475
80 79,9476
80 80,9477
80 81,9478
80 82,9479
80 83,9480
80 84,9481
80 85,9482
80 86,9483
80 87,9484
80 88,9485
80 89,9486
80 90,9487
80 91,9488
80 92,9489
80 93,9490
80 94,9491
80 95,9492
80 96,9493
80 97,9494
80 98,9495
80 99,9496
80 100,9497
80 101,9498
80 102,9499
80 103,9500
80 104,9501
80 105,9502
80 106,9503
80 107,9504
80 108,9505
80 109,9506
80 110,9507
80 111,9508
80 112,9509
80 113,9510
80 114,9511
80 115,9512
81 0,9513
81 1,9514
81 2,9515
81 3,9516
81 4,9517
81 5,9518
81 6,9519
81 7,9520
81 8,9521
81 9,9522
81 10,9523
81 11,9524
81 12,9525
81 13,9526
81 14,9527
81 15,9528
81 16,9529
81 17,9530
81 18,9531
81 19,9532
81 20,9533
81 21,9534
81 22,9535
81 23,9536
81 24,9537
81 25,9538
81 26,9539
81 27,9540
81 28,9541
81 29,9542
81 30,9543
81 31,9544
81 32,9545
81 33,9546
81 34,9547
81 35,9548
81 36,9549
81 37,9550
81 38,9551
81 39,9552
81 40,9553
81 41,9554
81 42,9555
81 43,9556
81 44,9557
81 45,9558
81 46,9559
81 47,9560
81 48,9561
81 49,9562
81 50,9563
81 51,9564
81 52,9565
81 53,9566
81 54,9567
81 55,9568
81 56,9569
81 57,9570
81 58,9571
81 59,9572
81 60,9573
81 61,9574
81 62,9575
81 63,9576
81 64,9577
81 65,9578
81 66,9579
81 67,9580
81 68,9581
81 69,9582
81 70,9583
81 71,9584
81 72,9585
81 73,9586
81 74,9587
81 75,9588
81 76,9589
81 77,9590
81 78,9591
81 79,9592
81 80,9593
81 81,9594
81 82,9595
81 83,9596
81 84,9597
81 85,9598
81 86,9599
81 87,9600
81 88,9601
81 89,9602
81 90,9603
81 91,9604
81 92,9605
81 93,9606
81 94,9607
81 95,9608
81 96,9609
81 97,9610
81 98,9611
81 99,9612
81 100,9613
81 101,9614
81 102,9615
81 103,9616
81 104,9617
81 105,9618
81 106,9619
81 107,9620
81 108,9621
81 109,9622
81 110,9623
81 111,9624
81 112,9625
81 113,9626
81 114,9627
81 115,9628
82 0,9629
82 1,9630
82 2,9631
82 3,9632
82 4,9633
82 5,9634
82 6,9635
82 7,9636
82 8,9637
82 9,9638
82 10,9639
82 11,9640
82 12,9641
82 13,9642
82 14,9643
82 15,9644
82 16,9645
82 17,9646
82 18,9647
82 19,9648
82 20,9649
82 21,9650
82 22,9651
82 23,9652
82 24,9653
82 25,9654
82 26,9655
82 27,9656
82 28,9657
82 29,9658
82 30,9659
82 31,9660
82 32,9661
82 33,9662
82 34,9663
82 35,9664
82 36,9665
82 37,9666
82 38,9667
82 39,9668
82 40,9669
82 41,9670
82 42,9671
82 43,9672
82 44,9673
82 45,9674
82 46,9675
82 47,9676
82 48,9677
82 49,9678
82 50,9679
82 51,9680
82 52,9681
82 53,9682
82 54,9683
82 55,9684
82 56,9685
82 57,9686
82 58,9687
82 59,9688
82 60,9689
82 61,9690
82 62,9691
82 63,9692
82 64,9693
82 65,9694
82 66,9695
82 67,9696
82 68,9697
82 69,9698
82 70,9699
82 71,9700
82 72,9701
82 73,9702
82 74,9703
82 75,9704
82 76,9705
82 77,9706
82 78,9707
82 79,9708
82 80,9709
82 81,9710
82 82,9711
82 83,9712
82 84,9713
82 85,9714
82 86,9715
82 87,9716
82 88,9717
82 89,9718
82 90,9719
82 91,9720
82 92,9721
82 93,9722
82 94,9723
82 95,9724
82 96,9725
82 97,9726
82 98,9727
82 99,9728
82 100,9729
82 101,9730
82 102,9731
82 103,9732
82 104,9733
82 105,9734
82 106,9735
82 107,9736
82 108,9737
82 109,9738
82 110,9739
82 111,9740
82 112,9741
82 113,9742
82 114,9743
82 115,9744
83 0,9745
83 1,9746
83 2,9747
83 3,9748
83 4,9749
83 5,9750
83 6,9751
83 7,9752
83 8,9753
83 9,9754
83 10,9755
83 11,9756
83 12,9757
83 13,9758
83 14,9759
83 15,9760
83 16,9761
83 17,9762
83 18,9763
83 19,9764
83 20,9765
83 21,9766
83 22,9767
83 23,9768
83 24,9769
83 25,9770
83 26,9771
83 27,9772
83 28,9773
83 29,9774
83 30,9775
83 31,9776
83 32,9777
83 33,9778
83 34,9779
83 35,9780
83 36,9781
83 37,9782
83 38,9783
83 39,9784
83 40,9785
83 41,9786
83 42,9787
83 43,9788
83 44,9789
83 45,9790
83 46,9791
83 47,9792
83 48,9793
83 49,9794
83 50,9795
83 51,9796
83 52,9797
83 53,9798
83 54,9799
83 55,9800
83 56,9801
83 57,9802
83 58,9803
83 59,9804
83 60,9805
83 61,9806
83 62,9807
83 63,9808
83 64,9809
83 65,9810
83 66,9811
83 67,9812
83 68,9813
83 69,9814
83 70,9815
83 71,9816
83 72,9817
83 73,9818
83 74,9819
83 75,9820
83 76,9821
83 77,9822
83 78,9823
83 79,9824
83 80,9825
83 81,9826
83 82,9827
83 83,9828
83 84,9829
83 85,9830
83 86,9831
83 87,9832
83 88,9833
83 89,9834
83 90,9835
83 91,9836
83 92,9837
83 93,9838
83 94,9839
83 95,9840
83 96,9841
83 97,9842
83 98,9843
83 99,9844
83 100,9845
83 101,9846
83 102,9847
83 103,9848
83 104,9849
83 105,9850
83 106,9851
83 107,9852
83 108,9853
83 109,9854
83 110,9855
83 111,9856
83 112,9857
83 113,9858
83 114,9859
83 115,9860
84 0,9861
84 1,9862
84 2,9863
84 3,9864
84 4,9865
84 5,9866
84 6,9867
84 7,9868
84 8,9869
84 9,9870
84 10,9871
84 11,9872
84 12,9873
84 13,9874
84 14,9875
84 15,9876
84 16,9877
84 17,9878
84 18,9879
84 19,9880
84 20,9881
84 21,9882
84 22,9883
84 23,9884
84 24,9885
84 25,9886
84 26,9887
84 27,9888
84 28,9889
84 29,9890
84 30,9891
84 31,9892
84 32,9893
84 33,9894
84 34,9895
84 35,9896
84 36,9897
84 37,9898
84 38,9899
84 39,9900
84 40,9901
84 41,9902
84 42,9903
84 43,9904
84 44,9905
84 45,9906
84 46,9907
84 47,9908
84 48,9909
84 49,9910
84 50,9911
84 51,9912
84 52,9913
84 53,9914
84 54,9915
84 55,9916
84 56,9917
84 57,9918
84 58,9919
84 59,9920
84 60,9921
84 61,9922
84 62,9923
84 63,9924
84 64,9925
84 65,9926
84 66,9927
84 67,9928
84 68,9929
84 69,9930
84 70,9931
84 71,9932
84 72,9933
84 73,9934
84 74,9935
84 75,9936
84 76,9937
84 77,9938
84 78,9939
84 79,9940
84 80,9941
84 81,9942
84 82,9943
84 83,9944
84 84,9945
84 85,9946
84 86,9947
84 87,9948
84 88,9949
84 89,9950
84 90,9951
84 91,9952
84 92,9953
84 93,9954
84 94,9955
84 95,9956
84 96,9957
84 97,9958
84 98,9959
84 99,9960
84 100,9961
84 101,9962
84 102,9963
84 103,9964
84 104,9965
84 105,9966
84 106,9967
84 107,9968
84 108,9969
84 109,9970
84 110,9971
84 111,9972
84 112,9973
84 113,9974
84 114,9975
84 115,9976
85 0,9977
85 1,9978
85 2,9979
85 3,9980
85 4,9981
85 5,9982
85 6,9983
85 7,9984
85 8,9985
85 9,9986
85 10,9987
85 11,9988
85 12,9989
85 13,9990
85 14,9991
85 15,9992
85 16,9993
85 17,9994
85 18,9995
85 19,9996
85 20,9997
85 21,9998
85 22,9999
85 23,10000
85 24,10001
85 25,10002
85 26,10003
85 27,10004
85 28,10005
85 29,10006
85 30,10007
85 31,10008
85 32,10009
85 33,10010
85 34,10011
85 35,10012
85 36,10013
85 37,10014
85 38,10015
85 39,10016
85 40,10017
85 41,10018
85 42,10019
85 43,10020
85 44,10021
85 45,10022
85 46,10023
85 47,10024
85 48,10025
85 49,10026
85 50,10027
85 51,10028
85 52,10029
85 53,10030
85 54,10031
85 55,10032
85 56,10033
85 57,10034
85 58,10035
85 59,10036
85 60,10037
85 61,10038
85 62,10039
85 63,10040
85 64,10041
85 65,10042
85 66,10043
85 67,10044
85 68,10045
85 69,10046
85 70,10047
85 71,10048
85 72,10049
85 73,10050
85 74,10051
85 75,10052
85 76,10053
85 77,10054
85 78,10055
85 79,10056
85 80,10057
85 81,10058
85 82,10059
85 83,10060
85 84,10061
85 85,10062
85 86,10063
85 87,10064
85 88,10065
85 89,10066
85 90,10067
85 91,10068
85 92,10069
85 93,10070
85 94,10071
85 95,10072
85 96,10073
85 97,10074
85 98,10075
85 99,10076
85 100,10077
85 101,10078
85 102,10079
85 103,10080
85 104,10081
85 105,10082
85 106,10083
85 107,10084
85 108,10085
85 109,10086
85 110,10087
85 111,10088
85 112,10089
85 113,10090
85 114,10091
85 115,10092
86 0,10093
86 1,10094
86 2,10095
86 3,10096
86 4,10097
86 5,10098
86 6,10099
86 7,10100
86 8,10101
86 9,10102
86 10,10103
86 11,10104
86 12,10105
86 13,10106
86 14,10107
86 15,10108
86 16,10109
86 17,10110
86 18,10111
86 19,10112
86 20,10113
86 21,10114
86 22,10115
86 23,10116
86 24,10117
86 25,10118
86 26,10119
86 27,10120
86 28,10121
86 29,10122
86 30,10123
86 31,10124
86 32,10125
86 33,10126
86 34,10127
86 35,10128
86 36,10129
86 37,10130
86 38,10131
86 39,10132
86 40,10133
86 41,10134
86 42,10135
86 43,10136
86 44,10137
86 45,10138
86 46,10139
86 47,10140
86 48,10141
86 49,10142
86 50,10143
86 51,10144
86 52,10145
86 53,10146
86 54,10147
86 55,10148
86 56,10149
86 57,10150
86 58,10151
86 59,10152
86 60,10153
86 61,10154
86 62,10155
86 63,10156
86 64,10157
86 65,10158
86 66,10159
86 67,10160
86 68,10161
86 69,10162
86 70,10163
86 71,10164
86 72,10165
86 73,10166
86 74,10167
86 75,10168
86 76,10169
86 77,10170
86 78,10171
86 79,10172
86 80,10173
86 81,10174
86 82,10175
86 83,10176
86 84,10177
86 85,10178
86 86,10179
86 87,10180
86 88,10181
86 89,10182
86 90,10183
86 91,10184
86 92,10185
86 93,10186
86 94,10187
86 95,10188
86 96,10189
86 97,10190
86 98,10191
86 99,10192
86 100,10193
86 101,10194
86 102,10195
86 103,10196
86 104,10197
86 105,10198
86 106,10199
86 107,10200
86 108,10201
86 109,10202
86 110,10203
86 111,10204
86 112,10205
86 113,10206
86 114,10207
86 115,10208
87 0,10209
87 1,10210
87 2,10211
87 3,10212
87 4,10213
87 5,10214
87 6,10215
87 7,10216
87 8,10217
87 9,10218
87 10,10219
87 11,10220
87 12,10221
87 13,10222
87 14,10223
87 15,10224
87 16,10225
87 17,10226
87 18,10227
87 19,10228
87 20,10229
87 21,10230
87 22,10231
87 23,10232
87 24,10233
87 25,10234
87 26,10235
87 27,10236
87 28,10237
87 29,10238
87 30,10239
87 31,10240
87 32,10241
87 33,10242
87 34,10243
87 35,10244
87 36,10245
87 37,10246
87 38,10247
87 39,10248
87 40,10249
87 41,10250
87 42,10251
87 43,10252
87 44,10253
87 45,10254
87 46,10255
87 47,10256
87 48,10257
87 49,10258
87 50,10259
87 51,10260
87 52,10261
87 53,10262
87 54,10263
87 55,10264
87 56,10265
87 57,10266
87 58,10267
87 59,10268
87 60,10269
87 61,10270
87 62,10271
87 63,10272
87 64,10273
87 65,10274
87 66,10275
87 67,10276
87 68,10277
87 69,10278
87 70,10279
87 71,10280
87 72,10281
87 73,10282
87 74,10283
87 75,10284
87 76,10285
87 77,10286
87 78,10287
87 79,10288
87 80,10289
87 81,10290
87 82,10291
87 83,10292
87 84,10293
87 85,10294
87 86,10295
87 87,10296
87 88,10297
87 89,10298
87 90,10299
87 91,10300
87 92,10301
87 93,10302
87 94,10303
87 95,10304
87 96,10305
87 97,10306
87 98,10307
87 99,10308
87 100,10309
87 101,10310
87 102,10311
87 103,10312
87 104,10313
87 105,10314
87 106,10315
87 107,10316
87 108,10317
87 109,10318
87 110,10319
87 111,10320
87 112,10321
87 113,10322
87 114,10323
87 115,10324
88 0,10325
88 1,10326
88 2,10327
88 3,10328
88 4,10329
88 5,10330
88 6,10331
88 7,10332
88 8,10333
88 9,10334
88 10,10335
88 11,10336
88 12,10337
88 13,10338
88 14,10339
88 15,10340
88 16,10341
88 17,10342
88 18,10343
88 19,10344
88 20,10345
88 21,10346
88 22,10347
88 23,10348
88 24,10349
88 25,10350
88 26,10351
88 27,10352
88 28,10353
88 29,10354
88 30,10355
88 31,10356
88 32,10357
88 33,10358
88 34,10359
88 35,10360
88 36,10361
88 37,10362
88 38,10363
88 39,10364
88 40,10365
88 41,10366
88 42,10367
88 43,10368
88 44,10369
88 45,10370
88 46,10371
88 47,10372
88 48,10373
88 49,10374
88 50,10375
88 51,10376
88 52,10377
88 53,10378
88 54,10379
88 55,10380
88 56,10381
88 57,10382
88 58,10383
88 59,10384
88 60,10385
88 61,10386
88 62,10387
88 63,10388
88 64,10389
88 65,10390
88 66,10391
88 67,10392
88 68,10393
88 69,10394
88 70,10395
88 71,10396
88 72,10397
88 73,10398
88 74,10399
88 75,10400
88 76,10401
88 77,10402
88 78,10403
88 79,10404
88 80,10405
88 81,10406
88 82,10407
88 83,10408
88 84,10409
88 85,10410
88 86,10411
88 87,10412
88 88,10413
88 89,10414
88 90,10415
88 91,10416
88 92,10417
88 93,10418
88 94,10419
88 95,10420
88 96,10421
88 97,10422
88 98,10423
88 99,10424
88 100,10425
88 101,10426
88 102,10427
88 103,10428
88 104,10429
88 105,10430
88 106,10431
88 107,10432
88 108,10433
88 109,10434
88 110,10435
88 111,10436
88 112,10437
88 113,10438
88 114,10439
88 115,10440
89 0,10441
89 1,10442
89 2,10443
89 3,10444
89 4,10445
89 5,10446
89 6,10447
89 7,10448
89 8,10449
89 9,10450
89 10,10451
89 11,10452
89 12,10453
89 13,10454
89 14,10455
89 15,10456
89 16,10457
89 17,10458
89 18,10459
89 19,10460
89 20,10461
89 21,10462
89 22,10463
89 23,10464
89 24,10465
89 25,10466
89 26,10467
89 27,10468
89 28,10469
89 29,10470
89 30,10471
89 31,10472
89 32,10473
89 33,10474
89 34,10475
89 35,10476
89 36,10477
89 37,10478
89 38,10479
89 39,10480
89 40,10481
89 41,10482
89 42,10483
89 43,10484
89 44,10485
89 45,10486
89 46,10487
89 47,10488
89 48,10489
89 49,10490
89 50,10491
89 51,10492
89 52,10493
89 53,10494
89 54,10495
89 55,10496
89 56,10497
89 57,10498
89 58,10499
89 59,10500
89 60,10501
89 61,10502
89 62,10503
89 63,10504
89 64,10505
89 65,10506
89 66,10507
89 67,10508
89 68,10509
89 69,10510
89 70,10511
89 71,10512
89 72,10513
89 73,10514
89 74,10515
89 75,10516
89 76,10517
89 77,10518
89 78,10519
89 79,10520
89 80,10521
89 81,10522
89 82,10523
89 83,10524
89 84,10525
89 85,10526
89 86,10527
89 87,10528
89 88,10529
89 89,10530
89 90,10531
89 91,10532
89 92,10533
89 93,10534
89 94,10535
89 95,10536
89 96,10537
89 97,10538
89 98,10539
89 99,10540
89 100,10541
89 101,10542
89 102,10543
89 103,10544
89 104,10545
89 105,10546
89 106,10547
89 107,10548
89 108,10549
89 109,10550
89 110,10551
89 111,10552
89 112,10553
89 113,10554
89 114,10555
89 115,10556
90 0,10557
90 1,10558
90 2,10559
90 3,10560
90 4,10561
90 5,10562
90 6,10563
90 7,10564
90 8,10565
90 9,10566
90 10,10567
90 11,10568
90 12,10569
90 13,10570
90 14,10571
90 15,10572
90 16,10573
90 17,10574
90 18,10575
90 19,10576
90 20,10577
90 21,10578
90 22,10579
90 23,10580
90 24,10581
90 25,10582
90 26,10583
90 27,10584
90 28,10585
90 29,10586
90 30,10587
90 31,10588
90 32,10589
90 33,10590
90 34,10591
90 35,10592
90 36,10593
90 37,10594
90 38,10595
90 39,10596
90 40,10597
90 41,10598
90 42,10599
90 43,10600
90 44,10601
90 45,10602
90 46,10603
90 47,10604
90 48,10605
90 49,10606
90 50,10607
90 51,10608
90 52,10609
90 53,10610
90 54,10611
90 55,10612
90 56,10613
90 57,10614
90 58,10615
90 59,10616
90 60,10617
90 61,10618
90 62,10619
90 63,10620
90 64,10621
90 65,10622
90 66,10623
90 67,10624
90 68,10625
90 69,10626
90 70,10627
90 71,10628
90 72,10629
90 73,10630
90 74,10631
90 75,10632
90 76,10633
90 77,10634
90 78,10635
90 79,10636
90 80,10637
90 81,10638
90 82,10639
90 83,10640
90 84,10641
90 85,10642
90 86,10643
90 87,10644
90 88,10645
90 89,10646
90 90,10647
90 91,10648
90 92,10649
90 93,10650
90 94,10651
90 95,10652
90 96,10653
90 97,10654
90 98,10655
90 99,10656
90 100,10657
90 101,10658
90 102,10659
90 103,10660
90 104,10661
90 105,10662
90 106,10663
90 107,10664
90 108,10665
90 109,10666
90 110,10667
90 111,10668
90 112,10669
90 113,10670
90 114,10671
90 115,10672
91 0,10673
91 1,10674
91 2,10675
91 3,10676
91 4,10677
91 5,10678
91 6,10679
91 7,10680
91 8,10681
91 9,10682
91 10,10683
91 11,10684
91 12,10685
91 13,10686
91 14,10687
91 15,10688
91 16,10689
91 17,10690
91 18,10691
91 19,10692
91 20,10693
91 21,10694
91 22,10695
91 23,10696
91 24,10697
91 25,10698
91 26,10699
91 27,10700
91 28,10701
91 29,10702
91 30,10703
91 31,10704
91 32,10705
91 33,10706
91 34,10707
91 35,10708
91 36,10709
91 37,10710
91 38,10711
91 39,10712
91 40,10713
91 41,10714
91 42,10715
91 43,10716
91 44,10717
91 45,10718
91 46,10719
91 47,10720
91 48,10721
91 49,10722
91 50,10723
91 51,10724
91 52,10725
91 53,10726
91 54,10727
91 55,10728
91 56,10729
91 57,10730
91 58,10731
91 59,10732
91 60,10733
91 61,10734
91 62,10735
91 63,10736
91 64,10737
91 65,10738
91 66,10739
91 67,10740
91 68,10741
91 69,10742
91 70,10743
91 71,10744
91 72,10745
91 73,10746
91 74,10747
91 75,10748
91 76,10749
91 77,10750
91 78,10751
91 79,10752
91 80,10753
91 81,10754
91 82,10755
91 83,10756
91 84,10757
91 85,10758
91 86,10759
91 87,10760
91 88,10761
91 89,10762
91 90,10763
91 91,10764
91 92,10765
91 93,10766
91 94,10767
91 95,10768
91 96,10769
91 97,10770
91 98,10771
91 99,10772
91 100,10773
91 101,10774
91 102,10775
91 103,10776
91 104,10777
91 105,10778
91 106,10779
91 107,10780
91 108,10781
91 109,10782
91 110,10783
91 111,10784
91 112,10785
91 113,10786
91 114,10787
91 115,10788
92 0,10789
92 1,10790
92 2,10791
92 3,10792
92 4,10793
92 5,10794
92 6,10795
92 7,10796
92 8,10797
92 9,10798
92 10,10799
92 11,10800
92 12,10801
92 13,10802
92 14,10803
92 15,10804
92 16,10805
92 17,10806
92 18,10807
92 19,10808
92 20,10809
92 21,10810
92 22,10811
92 23,10812
92 24,10813
92 25,10814
92 26,10815
92 27,10816
92 28,10817
92 29,10818
92 30,10819
92 31,10820
92 32,10821
92 33,10822
92 34,10823
92 35,10824
92 36,10825
92 37,10826
92 38,10827
92 39,10828
92 40,10829
92 41,10830
92 42,10831
92 43,10832
92 44,10833
92 45,10834
92 46,10835
92 47,10836
92 48,10837
92 49,10838
92 50,10839
92 51,10840
92 52,10841
92 53,10842
92 54,10843
92 55,10844
92 56,10845
92 57,10846
92 58,10847
92 59,10848
92 60,10849
92 61,10850
92 62,10851
92 63,10852
92 64,10853
92 65,10854
92 66,10855
92 67,10856
92 68,10857
92 69,10858
92 70,10859
92 71,10860
92 72,10861
92 73,10862
92 74,10863
92 75,10864
92 76,10865
92 77,10866
92 78,10867
92 79,10868
92 80,10869
92 81,10870
92 82,10871
92 83,10872
92 84,10873
92 85,10874
92 86,10875
92 87,10876
92 88,10877
92 89,10878
92 90,10879
92 91,10880
92 92,10881
92 93,10882
92 94,10883
92 95,10884
92 96,10885
92 97,10886
92 98,10887
92 99,10888
92 100,10889
92 101,10890
92 102,10891
92 103,10892
92 104,10893
92 105,10894
92 106,10895
92 107,10896
92 108,10897
92 109,10898
92 110,10899
92 111,10900
92 112,10901
92 113,10902
92 114,10903
92 115,10904
93 0,10905
93 1,10906
93 2,10907
93 3,10908
93 4,10909
93 5,10910
93 6,10911
93 7,10912
93 8,10913
93 9,10914
93 10,10915
93 11,10916
93 12,10917
93 13,10918
93 14,10919
93 15,10920
93 16,10921
93 17,10922
93 18,10923
93 19,10924
93 20,10925
93 21,10926
93 22,10927
93 23,10928
93 24,10929
93 25,10930
93 26,10931
93 27,10932
93 28,10933
93 29,10934
93 30,10935
93 31,10936
93 32,10937
93 33,10938
93 34,10939
93 35,10940
93 36,10941
93 37,10942
93 38,10943
93 39,10944
93 40,10945
93 41,10946
93 42,10947
93 43,10948
93 44,10949
93 45,10950
93 46,10951
93 47,10952
93 48,10953
93 49,10954
93 50,10955
93 51,10956
93 52,10957
93 53,10958
93 54,10959
93 55,10960
93 56,10961
93 57,10962
93 58,10963
93 59,10964
93 60,10965
93 61,10966
93 62,10967
93 63,10968
93 64,10969
93 65,10970
93 66,10971
93 67,10972
93 68,10973
93 69,10974
93 70,10975
93 71,10976
93 72,10977
93 73,10978
93 74,10979
93 75,10980
93 76,10981
93 77,10982
93 78,10983
93 79,10984
93 80,10985
93 81,10986
93 82,10987
93 83,10988
93 84,10989
93 85,10990
93 86,10991
93 87,10992
93 88,10993
93 89,10994
93 90,10995
93 91,10996
93 92,10997
93 93,10998
93 94,10999
93 95,11000
93 96,11001
93 97,11002
93 98,11003
93 99,11004
93 100,11005
93 101,11006
93 102,11007
93 103,11008
93 104,11009
93 105,11010
93 106,11011
93 107,11012
93 108,11013
93 109,11014
93 110,11015
93 111,11016
93 112,11017
93 113,11018
93 114,11019
93 115,11020
94 0,11021
94 1,11022
94 2,11023
94 3,11024
94 4,11025
94 5,11026
94 6,11027
94 7,11028
94 8,11029
94 9,11030
94 10,11031
94 11,11032
94 12,11033
94 13,11034
94 14,11035
94 15,11036
94 16,11037
94 17,11038
94 18,11039
94 19,11040
94 20,11041
94 21,11042
94 22,11043
94 23,11044
94 24,11045
94 25,11046
94 26,11047
94 27,11048
94 28,11049
94 29,11050
94 30,11051
94 31,11052
94 32,11053
94 33,11054
94 34,11055
94 35,11056
94 36,11057
94 37,11058
94 38,11059
94 39,11060
94 40,11061
94 41,11062
94 42,11063
94 43,11064
94 44,11065
94 45,11066
94 46,11067
94 47,11068
94 48,11069
94 49,11070
94 50,11071
94 51,11072
94 52,11073
94 53,11074
94 54,11075
94 55,11076
94 56,11077
94 57,11078
94 58,11079
94 59,11080
94 60,11081
94 61,11082
94 62,11083
94 63,11084
94 64,11085
94 65,11086
94 66,11087
94 67,11088
94 68,11089
94 69,11090
94 70,11091
94 71,11092
94 72,11093
94 73,11094
94 74,11095
94 75,11096
94 76,11097
94 77,11098
94 78,11099
94 79,11100
94 80,11101
94 81,11102
94 82,11103
94 83,11104
94 84,11105
94 85,11106
94 86,11107
94 87,11108
94 88,11109
94 89,11110
94 90,11111
94 91,11112
94 92,11113
94 93,11114
94 94,11115
94 95,11116
94 96,11117
94 97,11118
94 98,11119
94 99,11120
94 100,11121
94 101,11122
94 102,11123
94 103,11124
94 104,11125
94 105,11126
94 106,11127
94 107,11128
94 108,11129
94 109,11130
94 110,11131
94 111,11132
94 112,11133
94 113,11134
94 114,11135
94 115,11136
95 0,11137
95 1,11138
95 2,11139
95 3,11140
95 4,11141
95 5,11142
95 6,11143
95 7,11144
95 8,11145
95 9,11146
95 10,11147
95 11,11148
95 12,11149
95 13,11150
95 14,11151
95 15,11152
95 16,11153
95 17,11154
95 18,11155
95 19,11156
95 20,11157
95 21,11158
95 22,11159
95 23,11160
95 24,11161
95 25,11162
95 26,11163
95 27,11164
95 28,11165
95 29,11166
95 30,11167
95 31,11168
95 32,11169
95 33,11170
95 34,11171
95 35,11172
95 36,11173
95 37,11174
95 38,11175
95 39,11176
95 40,11177
95 41,11178
95 42,11179
95 43,11180
95 44,11181
95 45,11182
95 46,11183
95 47,11184
95 48,11185
95 49,11186
95 50,11187
95 51,11188
95 52,11189
95 53,11190
95 54,11191
95 55,11192
95 56,11193
95 57,11194
95 58,11195
95 59,11196
95 60,11197
95 61,11198
95 62,11199
95 63,11200
95 64,11201
95 65,11202
95 66,11203
95 67,11204
95 68,11205
95 69,11206
95 70,11207
95 71,11208
95 72,11209
95 73,11210
95 74,11211
95 75,11212
95 76,11213
95 77,11214
95 78,11215
95 79,11216
95 80,11217
95 81,11218
95 82,11219
95 83,11220
95 84,11221
95 85,11222
95 86,11223
95 87,11224
95 88,11225
95 89,11226
95 90,11227
95 91,11228
95 92,11229
95 93,11230
95 94,11231
95 95,11232
95 96,11233
95 97,11234
95 98,11235
95 99,11236
95 100,11237
95 101,11238
95 102,11239
95 103,11240
95 104,11241
95 105,11242
95 106,11243
95 107,11244
95 108,11245
95 109,11246
95 110,11247
95 111,11248
95 112,11249
95 113,11250
95 114,11251
95 115,11252
96 0,11253
96 1,11254
96 2,11255
96 3,11256
96 4,11257
96 5,11258
96 6,11259
96 7,11260
96 8,11261
96 9,11262
96 10,11263
96 11,11264
96 12,11265
96 13,11266
96 14,11267
96 15,11268
96 16,11269
96 17,11270
96 18,11271
96 19,11272
96 20,11273
96 21,11274
96 22,11275
96 23,11276
96 24,11277
96 25,11278
96 26,11279
96 27,11280
96 28,11281
96 29,11282
96 30,11283
96 31,11284
96 32,11285
96 33,11286
96 34,11287
96 35,11288
96 36,11289
96 37,11290
96 38,11291
96 39,11292
96 40,11293
96 41,11294
96 42,11295
96 43,11296
96 44,11297
96 45,11298
96 46,11299
96 47,11300
96 48,11301
96 49,11302
96 50,11303
96 51,11304
96 52,11305
96 53,11306
96 54,11307
96 55,11308
96 56,11309
96 57,11310
96 58,11311
96 59,11312
96 60,11313
96 61,11314
96 62,11315
96 63,11316
96 64,11317
96 65,11318
96 66,11319
96 67,11320
96 68,11321
96 69,11322
96 70,11323
96 71,11324
96 72,11325
96 73,11326
96 74,11327
96 75,11328
96 76,11329
96 77,11330
96 78,11331
96 79,11332
96 80,11333
96 81,11334
96 82,11335
96 83,11336
96 84,11337
96 85,11338
96 86,11339
96 87,11340
96 88,11341
96 89,11342
96 90,11343
96 91,11344
96 92,11345
96 93,11346
96 94,11347
96 95,11348
96 96,11349
96 97,11350
96 98,11351
96 99,11352
96 100,11353
96 101,11354
96 102,11355
96 103,11356
96 104,11357
96 105,11358
96 106,11359
96 107,11360
96 108,11361
96 109,11362
96 110,11363
96 111,11364
96 112,11365
96 113,11366
96 114,11367
96 115,11368
97 0,11369
97 1,11370
97 2,11371
97 3,11372
97 4,11373
97 5,11374
97 6,11375
97 7,11376
97 8,11377
97 9,11378
97 10,11379
97 11,11380
97 12,11381
97 13,11382
97 14,11383
97 15,11384
97 16,11385
97 17,11386
97 18,11387
97 19,11388
97 20,11389
97 21,11390
97 22,11391
97 23,11392
97 24,11393
97 25,11394
97 26,11395
97 27,11396
97 28,11397
97 29,11398
97 30,11399
97 31,11400
97 32,11401
97 33,11402
97 34,11403
97 35,11404
97 36,11405
97 37,11406
97 38,11407
97 39,11408
97 40,11409
97 41,11410
97 42,11411
97 43,11412
97 44,11413
97 45,11414
97 46,11415
97 47,11416
97 48,11417
97 49,11418
97 50,11419
97 51,11420
97 52,11421
97 53,11422
97 54,11423
97 55,11424
97 56,11425
97 57,11426
97 58,11427
97 59,11428
97 60,11429
97 61,11430
97 62,11431
97 63,11432
97 64,11433
97 65,11434
97 66,11435
97 67,11436
97 68,11437
97 69,11438
97 70,11439
97 71,11440
97 72,11441
97 73,11442
97 74,11443
97 75,11444
97 76,11445
97 77,11446
97 78,11447
97 79,11448
97 80,11449
97 81,11450
97 82,11451
97 83,11452
97 84,11453
97 85,11454
97 86,11455
97 87,11456
97 88,11457
97 89,11458
97 90,11459
97 91,11460
97 92,11461
97 93,11462
97 94,11463
97 95,11464
97 96,11465
97 97,11466
97 98,11467
97 99,11468
97 100,11469
97 101,11470
97 102,11471
97 103,11472
97 104,11473
97 105,11474
97 106,11475
97 107,11476
97 108,11477
97 109,11478
97 110,11479
97 111,11480
97 112,11481
97 113,11482
97 114,11483
97 115,11484
98 0,11485
98 1,11486
98 2,11487
98 3,11488
98 4,11489
98 5,11490
98 6,11491
98 7,11492
98 8,11493
98 9,11494
98 10,11495
98 11,11496
98 12,11497
98 13,11498
98 14,11499
98 15,11500
98 16,11501
98 17,11502
98 18,11503
98 19,11504
98 20,11505
98 21,11506
98 22,11507
98 23,11508
98 24,11509
98 25,11510
98 26,11511
98 27,11512
98 28,11513
98 29,11514
98 30,11515
98 31,11516
98 32,11517
98 33,11518
98 34,11519
98 35,11520
98 36,11521
98 37,11522
98 38,11523
98 39,11524
98 40,11525
98 41,11526
98 42,11527
98 43,11528
98 44,11529
98 45,11530
98 46,11531
98 47,11532
98 48,11533
98 49,11534
98 50,11535
98 51,11536
98 52,11537
98 53,11538
98 54,11539
98 55,11540
98 56,11541
98 57,11542
98 58,11543
98 59,11544
98 60,11545
98 61,11546
98 62,11547
98 63,11548
98 64,11549
98 65,11550
98 66,11551
98 67,11552
98 68,11553
98 69,11554
98 70,11555
98 71,11556
98 72,11557
98 73,11558
98 74,11559
98 75,11560
98 76,11561
98 77,11562
98 78,11563
98 79,11564
98 80,11565
98 81,11566
98 82,11567
98 83,11568
98 84,11569
98 85,11570
98 86,11571
98 87,11572
98 88,11573
98 89,11574
98 90,11575
98 91,11576
98 92,11577
98 93,11578
98 94,11579
98 95,11580
98 96,11581
98 97,11582
98 98,11583
98 99,11584
98 100,11585
98 101,11586
98 102,11587
98 103,11588
98 104,11589
98 105,11590
98 106,11591
98 107,11592
98 108,11593
98 109,11594
98 110,11595
98 111,11596
98 112,11597
98 113,11598
98 114,11599
98 115,11600
99 0,11601
99 1,11602
99 2,11603
99 3,11604
99 4,11605
99 5,11606
99 6,11607
99 7,11608
99 8,11609
99 9,11610
99 10,11611
99 11,11612
99 12,11613
99 13,11614
99 14,11615
99 15,11616
99 16,11617
99 17,11618
99 18,11619
99 19,11620
99 20,11621
99 21,11622
99 22,11623
99 23,11624
99 24,11625
99 25,11626
99 26,11627
99 27,11628
99 28,11629
99 29,11630
99 30,11631
99 31,11632
99 32,11633
99 33,11634
99 34,11635
99 35,11636
99 36,11637
99 37,11638
99 38,11639
99 39,11640
99 40,11641
99 41,11642
99 42,11643
99 43,11644
99 44,11645
99 45,11646
99 46,11647
99 47,11648
99 48,11649
99 49,11650
99 50,11651
99 51,11652
99 52,11653
99 53,11654
99 54,11655
99 55,11656
99 56,11657
99 57,11658
99 58,11659
99 59,11660
99 60,11661
99 61,11662
99 62,11663
99 63,11664
99 64,11665
99 65,11666
99 66,11667
99 67,11668
99 68,11669
99 69,11670
99 70,11671
99 71,11672
99 72,11673
99 73,11674
99 74,11675
99 75,11676
99 76,11677
99 77,11678
99 78,11679
99 79,11680
99 80,11681
99 81,11682
99 82,11683
99 83,11684
99 84,11685
99 85,11686
99 86,11687
99 87,11688
99 88,11689
99 89,11690
99 90,11691
99 91,11692
99 92,11693
99 93,11694
99 94,11695
99 95,11696
99 96,11697
99 97,11698
99 98,11699
99 99,11700
99 100,11701
99 101,11702
99 102,11703
99 103,11704
99 104,11705
99 105,11706
99 106,11707
99 107,11708
99 108,11709
99 109,11710
99 110,11711
99 111,11712
99 112,11713
99 113,11714
99 114,11715
99 115,11716
100 0,11717
100 1,11718
100 2,11719
100 3,11720
100 4,11721
100 5,11722
100 6,11723
100 7,11724
100 8,11725
100 9,11726
100 10,11727
100 11,11728
100 12,11729
100 13,11730
100 14,11731
100 15,11732
100 16,11733
100 17,11734
100 18,11735
100 19,11736
100 20,11737
100 21,11738
100 22,11739
100 23,11740
100 24,11741
100 25,11742
100 26,11743
100 27,11744
100 28,11745
100 29,11746
100 30,11747
100 31,11748
100 32,11749
100 33,11750
100 34,11751
100 35,11752
100 36,11753
100 37,11754
100 38,11755
100 39,11756
100 40,11757
100 41,11758
100 42,11759
100 43,11760
100 44,11761
100 45,11762
100 46,11763
100 47,11764
100 48,11765
100 49,11766
100 50,11767
100 51,11768
100 52,11769
100 53,11770
100 54,11771
100 55,11772
100 56,11773
100 57,11774
100 58,11775
100 59,11776
100 60,11777
100 61,11778
100 62,11779
100 63,11780
100 64,11781
100 65,11782
100 66,11783
100 67,11784
100 68,11785
100 69,11786
100 70,11787
100 71,11788
100 72,11789
100 73,11790
100 74,11791
100 75,11792
100 76,11793
100 77,11794
100 78,11795
100 79,11796
100 80,11797
100 81,11798
100 82,11799
100 83,11800
100 84,11801
100 85,11802
100 86,11803
100 87,11804
100 88,11805
100 89,11806
100 90,11807
100 91,11808
100 92,11809
100 93,11810
100 94,11811
100 95,11812
100 96,11813
100 97,11814
100 98,11815
100 99,11816
100 100,11817
100 101,11818
100 102,11819
100 103,11820
100 104,11821
100 105,11822
100 106,11823
100 107,11824
100 108,11825
100 109,11826
100 110,11827
100 111,11828
100 112,11829
100 113,11830
100 114,11831
100 115,11832
101 0,11833
101 1,11834
101 2,11835
101 3,11836
101 4,11837
101 5,11838
101 6,11839
101 7,11840
101 8,11841
101 9,11842
101 10,11843
101 11,11844
101 12,11845
101 13,11846
101 14,11847
101 15,11848
101 16,11849
101 17,11850
101 18,11851
101 19,11852
101 20,11853
101 21,11854
101 22,11855
101 23,11856
101 24,11857
101 25,11858
101 26,11859
101 27,11860
101 28,11861
101 29,11862
101 30,11863
101 31,11864
101 32,11865
101 33,11866
101 34,11867
101 35,11868
101 36,11869
101 37,11870
101 38,11871
101 39,11872
101 40,11873
101 41,11874
101 42,11875
101 43,11876
101 44,11877
101 45,11878
101 46,11879
101 47,11880
101 48,11881
101 49,11882
101 50,11883
101 51,11884
101 52,11885
101 53,11886
101 54,11887
101 55,11888
101 56,11889
101 57,11890
101 58,11891
101 59,11892
101 60,11893
101 61,11894
101 62,11895
101 63,11896
101 64,11897
101 65,11898
101 66,11899
101 67,11900
101 68,11901
101 69,11902
101 70,11903
101 71,11904
101 72,11905
101 73,11906
101 74,11907
101 75,11908
101 76,11909
101 77,11910
101 78,11911
101 79,11912
101 80,11913
101 81,11914
101 82,11915
101 83,11916
101 84,11917
101 85,11918
101 86,11919
101 87,11920
101 88,11921
101 89,11922
101 90,11923
101 91,11924
101 92,11925
101 93,11926
101 94,11927
101 95,11928
101 96,11929
101 97,11930
101 98,11931
101 99,11932
101 100,11933
101 101,11934
101 102,11935
101 103,11936
101 104,11937
101 105,11938
101 106,11939
101 107,11940
101 108,11941
101 109,11942
101 110,11943
101 111,11944
101 112,11945
101 113,11946
101 114,11947
101 115,11948
102 0,11949
102 1,11950
102 2,11951
102 3,11952
102 4,11953
102 5,11954
102 6,11955
102 7,11956
102 8,11957
102 9,11958
102 10,11959
102 11,11960
102 12,11961
102 13,11962
102 14,11963
102 15,11964
102 16,11965
102 17,11966
102 18,11967
102 19,11968
102 20,11969
102 21,11970
102 22,11971
102 23,11972
102 24,11973
102 25,11974
102 26,11975
102 27,11976
102 28,11977
102 29,11978
102 30,11979
102 31,11980
102 32,11981
102 33,11982
102 34,11983
102 35,11984
102 36,11985
102 37,11986
102 38,11987
102 39,11988
102 40,11989
102 41,11990
102 42,11991
102 43,11992
102 44,11993
102 45,11994
102 46,11995
102 47,11996
102 48,11997
102 49,11998
102 50,11999
102 51,12000
102 52,12001
102 53,12002
102 54,12003
102 55,12004
102 56,12005
102 57,12006
102 58,12007
102 59,12008
102 60,12009
102 61,12010
102 62,12011
102 63,12012
102 64,12013
102 65,12014
102 66,12015
102 67,12016
102 68,12017
102 69,12018
102 70,12019
102 71,12020
102 72,12021
102 73,12022
102 74,12023
102 75,12024
102 76,12025
102 77,12026
102 78,12027
102 79,12028
102 80,12029
102 81,12030
102 82,12031
102 83,12032
102 84,12033
102 85,12034
102 86,12035
102 87,12036
102 88,12037
102 89,12038
102 90,12039
102 91,12040
102 92,12041
102 93,12042
102 94,12043
102 95,12044
102 96,12045
102 97,12046
102 98,12047
102 99,12048
102 100,12049
102 101,12050
102 102,12051
102 103,12052
102 104,12053
102 105,12054
102 106,12055
102 107,12056
102 108,12057
102 109,12058
102 110,12059
102 111,12060
102 112,12061
102 113,12062
102 114,12063
102 115,12064
103 0,12065
103 1,12066
103 2,12067
103 3,12068
103 4,12069
103 5,12070
103 6,12071
103 7,12072
103 8,12073
103 9,12074
103 10,12075
103 11,12076
103 12,12077
103 13,12078
103 14,12079
103 15,12080
103 16,12081
103 17,12082
103 18,12083
103 19,12084
103 20,12085
103 21,12086
103 22,12087
103 23,12088
103 24,12089
103 25,12090
103 26,12091
103 27,12092
103 28,12093
103 29,12094
103 30,12095
103 31,12096
103 32,12097
103 33,12098
103 34,12099
103 35,12100
103 36,12101
103 37,12102
103 38,12103
103 39,12104
103 40,12105
103 41,12106
103 42,12107
103 43,12108
103 44,12109
103 45,12110
103 46,12111
103 47,12112
103 48,12113
103 49,12114
103 50,12115
103 51,12116
103 52,12117
103 53,12118
103 54,12119
103 55,12120
103 56,12121
103 57,12122
103 58,12123
103 59,12124
103 60,12125
103 61,12126
103 62,12127
103 63,12128
103 64,12129
103 65,12130
103 66,12131
103 67,12132
103 68,12133
103 69,12134
103 70,12135
103 71,12136
103 72,12137
103 73,12138
103 74,12139
103 75,12140
103 76,12141
103 77,12142
103 78,12143
103 79,12144
103 80,12145
103 81,12146
103 82,12147
103 83,12148
103 84,12149
103 85,12150
103 86,12151
103 87,12152
103 88,12153
103 89,12154
103 90,12155
103 91,12156
103 92,12157
103 93,12158
103 94,12159
103 95,12160
103 96,12161
103 97,12162
103 98,12163
103 99,12164
103 100,12165
103 101,12166
103 102,12167
103 103,12168
103 104,12169
103 105,12170
103 106,12171
103 107,12172
103 108,12173
103 109,12174
103 110,12175
103 111,12176
103 112,12177
103 113,12178
103 114,12179
103 115,12180
104 0,12181
104 1,12182
104 2,12183
104 3,12184
104 4,12185
104 5,12186
104 6,12187
104 7,12188
104 8,12189
104 9,12190
104 10,12191
104 11,12192
104 12,12193
104 13,12194
104 14,12195
104 15,12196
104 16,12197
104 17,12198
104 18,12199
104 19,12200
104 20,12201
104 21,12202
104 22,12203
104 23,12204
104 24,12205
104 25,12206
104 26,12207
104 27,12208
104 28,12209
104 29,12210
104 30,12211
104 31,12212
104 32,12213
104 33,12214
104 34,12215
104 35,12216
104 36,12217
104 37,12218
104 38,12219
104 39,12220
104 40,12221
104 41,12222
104 42,12223
104 43,12224
104 44,12225
104 45,12226
104 46,12227
104 47,12228
104 48,12229
104 49,12230
104 50,12231
104 51,12232
104 52,12233
104 53,12234
104 54,12235
104 55,12236
104 56,12237
104 57,12238
104 58,12239
104 59,12240
104 60,12241
104 61,12242
104 62,12243
104 63,12244
104 64,12245
104 65,12246
104 66,12247
104 67,12248
104 68,12249
104 69,12250
104 70,12251
104 71,12252
104 72,12253
104 73,12254
104 74,12255
104 75,12256
104 76,12257
104 77,12258
104 78,12259
104 79,12260
104 80,12261
104 81,12262
104 82,12263
104 83,12264
104 84,12265
104 85,12266
104 86,12267
104 87,12268
104 88,12269
104 89,12270
104 90,12271
104 91,12272
104 92,12273
104 93,12274
104 94,12275
104 95,12276
104 96,12277
104 97,12278
104 98,12279
104 99,12280
104 100,12281
104 101,12282
104 102,12283
104 103,12284
104 104,12285
104 105,12286
104 106,12287
104 107,12288
104 108,12289
104 109,12290
104 110,12291
104 111,12292
104 112,12293
104 113,12294
104 114,12295
104 115,12296
105 0,12297
105 1,12298
105 2,12299
105 3,12300
105 4,12301
105 5,12302
105 6,12303
105 7,12304
105 8,12305
105 9,12306
105 10,12307
105 11,12308
105 12,12309
105 13,12310
105 14,12311
105 15,12312
105 16,12313
105 17,12314
105 18,12315
105 19,12316
105 20,12317
105 21,12318
105 22,12319
105 23,12320
105 24,12321
105 25,12322
105 26,12323
105 27,12324
105 28,12325
105 29,12326
105 30,12327
105 31,12328
105 32,12329
105 33,12330
105 34,12331
105 35,12332
105 36,12333
105 37,12334
105 38,12335
105 39,12336
105 40,12337
105 41,12338
105 42,12339
105 43,12340
105 44,12341
105 45,12342
105 46,12343
105 47,12344
105 48,12345
105 49,12346
105 50,12347
105 51,12348
105 52,12349
105 53,12350
105 54,12351
105 55,12352
105 56,12353
105 57,12354
105 58,12355
105 59,12356
105 60,12357
105 61,12358
105 62,12359
105 63,12360
105 64,12361
105 65,12362
105 66,12363
105 67,12364
105 68,12365
105 69,12366
105 70,12367
105 71,12368
105 72,12369
105 73,12370
105 74,12371
105 75,12372
105 76,12373
105 77,12374
105 78,12375
105 79,12376
105 80,12377
105 81,12378
105 82,12379
105 83,12380
105 84,12381
105 85,12382
105 86,12383
105 87,12384
105 88,12385
105 89,12386
105 90,12387
105 91,12388
105 92,12389
105 93,12390
105 94,12391
105 95,12392
105 96,12393
105 97,12394
105 98,12395
105 99,12396
105 100,12397
105 101,12398
105 102,12399
105 103,12400
105 104,12401
105 105,12402
105 106,12403
105 107,12404
105 108,12405
105 109,12406
105 110,12407
105 111,12408
105 112,12409
105 113,12410
105 114,12411
105 115,12412
106 0,12413
106 1,12414
106 2,12415
106 3,12416
106 4,12417
106 5,12418
106 6,12419
106 7,12420
106 8,12421
106 9,12422
106 10,12423
106 11,12424
106 12,12425
106 13,12426
106 14,12427
106 15,12428
106 16,12429
106 17,12430
106 18,12431
106 19,12432
106 20,12433
106 21,12434
106 22,12435
106 23,12436
106 24,12437
106 25,12438
106 26,12439
106 27,12440
106 28,12441
106 29,12442
106 30,12443
106 31,12444
106 32,12445
106 33,12446
106 34,12447
106 35,12448
106 36,12449
106 37,12450
106 38,12451
106 39,12452
106 40,12453
106 41,12454
106 42,12455
106 43,12456
106 44,12457
106 45,12458
106 46,12459
106 47,12460
106 48,12461
106 49,12462
106 50,12463
106 51,12464
106 52,12465
106 53,12466
106 54,12467
106 55,12468
106 56,12469
106 57,12470
106 58,12471
106 59,12472
106 60,12473
106 61,12474
106 62,12475
106 63,12476
106 64,12477
106 65,12478
106 66,12479
106 67,12480
106 68,12481
106 69,12482
106 70,12483
106 71,12484
106 72,12485
106 73,12486
106 74,12487
106 75,12488
106 76,12489
106 77,12490
106 78,12491
106 79,12492
106 80,12493
106 81,12494
106 82,12495
106 83,12496
106 84,12497
106 85,12498
106 86,12499
106 87,12500
106 88,12501
106 89,12502
106 90,12503
106 91,12504
106 92,12505
106 93,12506
106 94,12507
106 95,12508
106 96,12509
106 97,12510
106 98,12511
106 99,12512
106 100,12513
106 101,12514
106 102,12515
106 103,12516
106 104,12517
106 105,12518
106 106,12519
106 107,12520
106 108,12521
106 109,12522
106 110,12523
106 111,12524
106 112,12525
106 113,12526
106 114,12527
106 115,12528
107 0,12529
107 1,12530
107 2,12531
107 3,12532
107 4,12533
107 5,12534
107 6,12535
107 7,12536
107 8,12537
107 9,12538
107 10,12539
107 11,12540
107 12,12541
107 13,12542
107 14,12543
107 15,12544
107 16,12545
107 17,12546
107 18,12547
107 19,12548
107 20,12549
107 21,12550
107 22,12551
107 23,12552
107 24,12553
107 25,12554
107 26,12555
107 27,12556
107 28,12557
107 29,12558
107 30,12559
107 31,12560
107 32,12561
107 33,12562
107 34,12563
107 35,12564
107 36,12565
107 37,12566
107 38,12567
107 39,12568
107 40,12569
107 41,12570
107 42,12571
107 43,12572
107 44,12573
107 45,12574
107 46,12575
107 47,12576
107 48,12577
107 49,12578
107 50,12579
107 51,12580
107 52,12581
107 53,12582
107 54,12583
107 55,12584
107 56,12585
107 57,12586
107 58,12587
107 59,12588
107 60,12589
107 61,12590
107 62,12591
107 63,12592
107 64,12593
107 65,12594
107 66,12595
107 67,12596
107 68,12597
107 69,12598
107 70,12599
107 71,12600
107 72,12601
107 73,12602
107 74,12603
107 75,12604
107 76,12605
107 77,12606
107 78,12607
107 79,12608
107 80,12609
107 81,12610
107 82,12611
107 83,12612
107 84,12613
107 85,12614
107 86,12615
107 87,12616
107 88,12617
107 89,12618
107 90,12619
107 91,12620
107 92,12621
107 93,12622
107 94,12623
107 95,12624
107 96,12625
107 97,12626
107 98,12627
107 99,12628
107 100,12629
107 101,12630
107 102,12631
107 103,12632
107 104,12633
107 105,12634
107 106,12635
107 107,12636
107 108,12637
107 109,12638
107 110,12639
107 111,12640
107 112,12641
107 113,12642
107 114,12643
107 115,12644
108 0,12645
108 1,12646
108 2,12647
108 3,12648
108 4,12649
108 5,12650
108 6,12651
108 7,12652
108 8,12653
108 9,12654
108 10,12655
108 11,12656
108 12,12657
108 13,12658
108 14,12659
108 15,12660
108 16,12661
108 17,12662
108 18,12663
108 19,12664
108 20,12665
108 21,12666
108 22,12667
108 23,12668
108 24,12669
108 25,12670
108 26,12671
108 27,12672
108 28,12673
108 29,12674
108 30,12675
108 31,12676
108 32,12677
108 33,12678
108 34,12679
108 35,12680
108 36,12681
108 37,12682
108 38,12683
108 39,12684
108 40,12685
108 41,12686
108 42,12687
108 43,12688
108 44,12689
108 45,12690
108 46,12691
108 47,12692
108 48,12693
108 49,12694
108 50,12695
108 51,12696
108 52,12697
108 53,12698
108 54,12699
108 55,12700
108 56,12701
108 57,12702
108 58,12703
108 59,12704
108 60,12705
108 61,12706
108 62,12707
108 63,12708
108 64,12709
108 65,12710
108 66,12711
108 67,12712
108 68,12713
108 69,12714
108 70,12715
108 71,12716
108 72,12717
108 73,12718
108 74,12719
108 75,12720
108 76,12721
108 77,12722
108 78,12723
108 79,12724
108 80,12725
108 81,12726
108 82,12727
108 83,12728
108 84,12729
108 85,12730
108 86,12731
108 87,12732
108 88,12733
108 89,12734
108 90,12735
108 91,12736
108 92,12737
108 93,12738
108 94,12739
108 95,12740
108 96,12741
108 97,12742
108 98,12743
108 99,12744
108 100,12745
108 101,12746
108 102,12747
108 103,12748
108 104,12749
108 105,12750
108 106,12751
108 107,12752
108 108,12753
108 109,12754
108 110,12755
108 111,12756
108 112,12757
108 113,12758
108 114,12759
108 115,12760
109 0,12761
109 1,12762
109 2,12763
109 3,12764
109 4,12765
109 5,12766
109 6,12767
109 7,12768
109 8,12769
109 9,12770
109 10,12771
109 11,12772
109 12,12773
109 13,12774
109 14,12775
109 15,12776
109 16,12777
109 17,12778
109 18,12779
109 19,12780
109 20,12781
109 21,12782
109 22,12783
109 23,12784
109 24,12785
109 25,12786
109 26,12787
109 27,12788
109 28,12789
109 29,12790
109 30,12791
109 31,12792
109 32,12793
109 33,12794
109 34,12795
109 35,12796
109 36,12797
109 37,12798
109 38,12799
109 39,12800
109 40,12801
109 41,12802
109 42,12803
109 43,12804
109 44,12805
109 45,12806
109 46,12807
109 47,12808
109 48,12809
109 49,12810
109 50,12811
109 51,12812
109 52,12813
109 53,12814
109 54,12815
109 55,12816
109 56,12817
109 57,12818
109 58,12819
109 59,12820
109 60,12821
109 61,12822
109 62,12823
109 63,12824
109 64,12825
109 65,12826
109 66,12827
109 67,12828
109 68,12829
109 69,12830
109 70,12831
109 71,12832
109 72,12833
109 73,12834
109 74,12835
109 75,12836
109 76,12837
109 77,12838
109 78,12839
109 79,12840
109 80,12841
109 81,12842
109 82,12843
109 83,12844
109 84,12845
109 85,12846
109 86,12847
109 87,12848
109 88,12849
109 89,12850
109 90,12851
109 91,12852
109 92,12853
109 93,12854
109 94,12855
109 95,12856
109 96,12857
109 97,12858
109 98,12859
109 99,12860
109 100,12861
109 101,12862
109 102,12863
109 103,12864
109 104,12865
109 105,12866
109 106,12867
109 107,12868
109 108,12869
109 109,12870
109 110,12871
109 111,12872
109 112,12873
109 113,12874
109 114,12875
109 115,12876
110 0,12877
110 1,12878
110 2,12879
110 3,12880
110 4,12881
110 5,12882
110 6,12883
110 7,12884
110 8,12885
110 9,12886
110 10,12887
110 11,12888
110 12,12889
110 13,12890
110 14,12891
110 15,12892
110 16,12893
110 17,12894
110 18,12895
110 19,12896
110 20,12897
110 21,12898
110 22,12899
110 23,12900
110 24,12901
110 25,12902
110 26,12903
110 27,12904
110 28,12905
110 29,12906
110 30,12907
110 31,12908
110 32,12909
110 33,12910
110 34,12911
110 35,12912
110 36,12913
110 37,12914
110 38,12915
110 39,12916
110 40,12917
110 41,12918
110 42,12919
110 43,12920
110 44,12921
110 45,12922
110 46,12923
110 47,12924
110 48,12925
110 49,12926
110 50,12927
110 51,12928
110 52,12929
110 53,12930
110 54,12931
110 55,12932
110 56,12933
110 57,12934
110 58,12935
110 59,12936
110 60,12937
110 61,12938
110 62,12939
110 63,12940
110 64,12941
110 65,12942
110 66,12943
110 67,12944
110 68,12945
110 69,12946
110 70,12947
110 71,12948
110 72,12949
110 73,12950
110 74,12951
110 75,12952
110 76,12953
110 77,12954
110 78,12955
110 79,12956
110 80,12957
110 81,12958
110 82,12959
110 83,12960
110 84,12961
110 85,12962
110 86,12963
110 87,12964
110 88,12965
110 89,12966
110 90,12967
110 91,12968
110 92,12969
110 93,12970
110 94,12971
110 95,12972
110 96,12973
110 97,12974
110 98,12975
110 99,12976
110 100,12977
110 101,12978
110 102,12979
110 103,12980
110 104,12981
110 105,12982
110 106,12983
110 107,12984
110 108,12985
110 109,12986
110 110,12987
110 111,12988
110 112,12989
110 113,12990
110 114,12991
110 115,12992
111 0,12993
111 1,12994
111 2,12995
111 3,12996
111 4,12997
111 5,12998
111 6,12999
111 7,13000
111 8,13001
111 9,13002
111 10,13003
111 11,13004
111 12,13005
111 13,13006
111 14,13007
111 15,13008
111 16,13009
111 17,13010
111 18,13011
111 19,13012
111 20,13013
111 21,13014
111 22,13015
111 23,13016
111 24,13017
111 25,13018
111 26,13019
111 27,13020
111 28,13021
111 29,13022
111 30,13023
111 31,13024
111 32,13025
111 33,13026
111 34,13027
111 35,13028
111 36,13029
111 37,13030
111 38,13031
111 39,13032
111 40,13033
111 41,13034
111 42,13035
111 43,13036
111 44,13037
111 45,13038
111 46,13039
111 47,13040
111 48,13041
111 49,13042
111 50,13043
111 51,13044
111 52,13045
111 53,13046
111 54,13047
111 55,13048
111 56,13049
111 57,13050
111 58,13051
111 59,13052
111 60,13053
111 61,13054
111 62,13055
111 63,13056
111 64,13057
111 65,13058
111 66,13059
111 67,13060
111 68,13061
111 69,13062
111 70,13063
111 71,13064
111 72,13065
111 73,13066
111 74,13067
111 75,13068
111 76,13069
111 77,13070
111 78,13071
111 79,13072
111 80,13073
111 81,13074
111 82,13075
111 83,13076
111 84,13077
111 85,13078
111 86,13079
111 87,13080
111 88,13081
111 89,13082
111 90,13083
111 91,13084
111 92,13085
111 93,13086
111 94,13087
111 95,13088
111 96,13089
111 97,13090
111 98,13091
111 99,13092
111 100,13093
111 101,13094
111 102,13095
111 103,13096
111 104,13097
111 105,13098
111 106,13099
111 107,13100
111 108,13101
111 109,13102
111 110,13103
111 111,13104
111 112,13105
111 113,13106
111 114,13107
111 115,13108
112 0,13109
112 1,13110
112 2,13111
112 3,13112
112 4,13113
112 5,13114
112 6,13115
112 7,13116
112 8,13117
112 9,13118
112 10,13119
112 11,13120
112 12,13121
112 13,13122
112 14,13123
112 15,13124
112 16,13125
112 17,13126
112 18,13127
112 19,13128
112 20,13129
112 21,13130
112 22,13131
112 23,13132
112 24,13133
112 25,13134
112 26,13135
112 27,13136
112 28,13137
112 29,13138
112 30,13139
112 31,13140
112 32,13141
112 33,13142
112 34,13143
112 35,13144
112 36,13145
112 37,13146
112 38,13147
112 39,13148
112 40,13149
112 41,13150
112 42,13151
112 43,13152
112 44,13153
112 45,13154
112 46,13155
112 47,13156
112 48,13157
112 49,13158
112 50,13159
112 51,13160
112 52,13161
112 53,13162
112 54,13163
112 55,13164
112 56,13165
112 57,13166
112 58,13167
112 59,13168
112 60,13169
112 61,13170
112 62,13171
112 63,13172
112 64,13173
112 65,13174
112 66,13175
112 67,13176
112 68,13177
112 69,13178
112 70,13179
112 71,13180
112 72,13181
112 73,13182
112 74,13183
112 75,13184
112 76,13185
112 77,13186
112 78,13187
112 79,13188
112 80,13189
112 81,13190
112 82,13191
112 83,13192
112 84,13193
112 85,13194
112 86,13195
112 87,13196
112 88,13197
112 89,13198
112 90,13199
112 91,13200
112 92,13201
112 93,13202
112 94,13203
112 95,13204
112 96,13205
112 97,13206
112 98,13207
112 99,13208
112 100,13209
112 101,13210
112 102,13211
112 103,13212
112 104,13213
112 105,13214
112 106,13215
112 107,13216
112 108,13217
112 109,13218
112 110,13219
112 111,13220
112 112,13221
112 113,13222
112 114,13223
112 115,13224
113 0,13225
113 1,13226
113 2,13227
113 3,13228
113 4,13229
113 5,13230
113 6,13231
113 7,13232
113 8,13233
113 9,13234
113 10,13235
113 11,13236
113 12,13237
113 13,13238
113 14,13239
113 15,13240
113 16,13241
113 17,13242
113 18,13243
113 19,13244
113 20,13245
113 21,13246
113 22,13247
113 23,13248
113 24,13249
113 25,13250
113 26,13251
113 27,13252
113 28,13253
113 29,13254
113 30,13255
113 31,13256
113 32,13257
113 33,13258
113 34,13259
113 35,13260
113 36,13261
113 37,13262
113 38,13263
113 39,13264
113 40,13265
113 41,13266
113 42,13267
113 43,13268
113 44,13269
113 45,13270
113 46,13271
113 47,13272
113 48,13273
113 49,13274
113 50,13275
113 51,13276
113 52,13277
113 53,13278
113 54,13279
113 55,13280
113 56,13281
113 57,13282
113 58,13283
113 59,13284
113 60,13285
113 61,13286
113 62,13287
113 63,13288
113 64,13289
113 65,13290
113 66,13291
113 67,13292
113 68,13293
113 69,13294
113 70,13295
113 71,13296
113 72,13297
113 73,13298
113 74,13299
113 75,13300
113 76,13301
113 77,13302
113 78,13303
113 79,13304
113 80,13305
113 81,13306
113 82,13307
113 83,13308
113 84,13309
113 85,13310
113 86,13311
113 87,13312
113 88,13313
113 89,13314
113 90,13315
113 91,13316
113 92,13317
113 93,13318
113 94,13319
113 95,13320
113 96,13321
113 97,13322
113 98,13323
113 99,13324
113 100,13325
113 101,13326
113 102,13327
113 103,13328
113 104,13329
113 105,13330
113 106,13331
113 107,13332
113 108,13333
113 109,13334
113 110,13335
113 111,13336
113 112,13337
113 113,13338
113 114,13339
113 115,13340
114 0,13341
114 1,13342
114 2,13343
114 3,13344
114 4,13345
114 5,13346
114 6,13347
114 7,13348
114 8,13349
114 9,13350
114 10,13351
114 11,13352
114 12,13353
114 13,13354
114 14,13355
114 15,13356
114 16,13357
114 17,13358
114 18,13359
114 19,13360
114 20,13361
114 21,13362
114 22,13363
114 23,13364
114 24,13365
114 25,13366
114 26,13367
114 27,13368
114 28,13369
114 29,13370
114 30,13371
114 31,13372
114 32,13373
114 33,13374
114 34,13375
114 35,13376
114 36,13377
114 37,13378
114 38,13379
114 39,13380
114 40,13381
114 41,13382
114 42,13383
114 43,13384
114 44,13385
114 45,13386
114 46,13387
114 47,13388
114 48,13389
114 49,13390
114 50,13391
114 51,13392
114 52,13393
114 53,13394
114 54,13395
114 55,13396
114 56,13397
114 57,13398
114 58,13399
114 59,13400
114 60,13401
114 61,13402
114 62,13403
114 63,13404
114 64,13405
114 65,13406
114 66,13407
114 67,13408
114 68,13409
114 69,13410
114 70,13411
114 71,13412
114 72,13413
114 73,13414
114 74,13415
114 75,13416
114 76,13417
114 77,13418
114 78,13419
114 79,13420
114 80,13421
114 81,13422
114 82,13423
114 83,13424
114 84,13425
114 85,13426
114 86,13427
114 87,13428
114 88,13429
114 89,13430
114 90,13431
114 91,13432
114 92,13433
114 93,13434
114 94,13435
114 95,13436
114 96,13437
114 97,13438
114 98,13439
114 99,13440
114 100,13441
114 101,13442
114 102,13443
114 103,13444
114 104,13445
114 105,13446
114 106,13447
114 107,13448
114 108,13449
114 109,13450
114 110,13451
114 111,13452
114 112,13453
114 113,13454
114 114,13455
114 115,13456
115 0,13457
115 1,13458
115 2,13459
115 3,13460
115 4,13461
115 5,13462
115 6,13463
115 7,13464
115 8,13465
115 9,13466
115 10,13467
115 11,13468
115 12,13469
115 13,13470
115 14,13471
115 15,13472
115 16,13473
115 17,13474
115 18,13475
115 19,13476
115 20,13477
115 21,13478
115 22,13479
115 23,13480
115 24,13481
115 25,13482
115 26,13483
115 27,13484
115 28,13485
115 29,13486
115 30,13487
115 31,13488
115 32,13489
115 33,13490
115 34,13491
115 35,13492
115 36,13493
115 37,13494
115 38,13495
115 39,13496
115 40,13497
115 41,13498
115 42,13499
115 43,13500
115 44,13501
115 45,13502
115 46,13503
115 47,13504
115 48,13505
115 49,13506
115 50,13507
115 51,13508
115 52,13509
115 53,13510
115 54,13511
115 55,13512
115 56,13513
115 57,13514
115 58,13515
115 59,13516
115 60,13517
115 61,13518
115 62,13519
115 63,13520
115 64,13521
115 65,13522
115 66,13523
115 67,13524
115 68,13525
115 69,13526
115 70,13527
115 71,13528
115 72,13529
115 73,13530
115 74,13531
115 75,13532
115 76,13533
115 77,13534
115 78,13535
115 79,13536
115 80,13537
115 81,13538
115 82,13539
115 83,13540
115 84,13541
115 85,13542
115 86,13543
115 87,13544
115 88,13545
115 89,13546
115 90,13547
115 91,13548
115 92,13549
115 93,13550
115 94,13551
115 95,13552
115 96,13553
115 97,13554
115 98,13555
115 99,13556
115 100,13557
115 101,13558
115 102,13559
115 103,13560
115 104,13561
115 105,13562
115 106,13563
115 107,13564
115 108,13565
115 109,13566
115 110,13567
115 111,13568
115 112,13569
115 113,13570
115 114,13571
115 115,13572
