size,158
skel,0,20-18-23,true
skel,1,20-18-23,true
skel,2,20-18-23,true
skel,3,20-18-23,true
skel,4,28-20-18-23,true
skel,5,28-20-18-23,true
skel,6,28-20-18-23,true
skel,7,28-20-18-23,true
skel,8,0-20-18-23,true
skel,9,0-20-18-23,true
skel,10,0-20-18-23,true
skel,11,0-20-18-23,true
skel,12,20-18-23,true
skel,13,20-1-18-23,true
skel,14,3-20-18-23,true
skel,15,3-20-1-18-23,true
skel,16,0-25-20-18-23,true
skel,17,0-20-3-18-23,true
skel,18,0-20-18-23,true
skel,19,0-12-3-20-18-23,true
skel,20,28-20-18-23,true
skel,21,28-20-18-23,true
skel,22,28-20-1-18-23,true
skel,23,28-3-20-18-23,false
skel,24,28-3-20-1-18-23,true
skel,25,28-25-20-18-23,true
skel,26,28-20-3-18-23,false
skel,27,28-20-18-23,true
skel,28,28-12-3-20-18-23,true
skel,29,20-18-23,true
skel,30,20-18-27-23,true
skel,31,20-18-1-23,true
skel,32,20-18-27-23,true
skel,33,20-18-23-1-25,true
skel,34,20-18-1-23,true
skel,35,20-18-1-23,true
skel,36,20-18-23,true
skel,37,20-18-1-23,true
skel,38,0-20-18-1-23,true
skel,39,3-20-18-28-23,true
skel,40,24-20-1-18-23,true
skel,41,20-18-1-23,true
skel,42,3-20-18-23,true
skel,43,3-20-1-18-23,true
skel,44,0-25-20-18-1-23,false
skel,45,0-20-3-18-1-23,false
skel,46,0-20-18-23-1-23,false
skel,47,0-12-3-20-18-1-23,false
skel,48,20-1-18-23,true
skel,49,24-20-18-27-23,true
skel,50,20-18-1-23,true
skel,51,24-20-18-1-23,true
skel,52,20-18-27-23,true
skel,53,20-18-28-23,true
skel,54,0-20-18-23,true
skel,55,20-18-23-1-25,true
skel,56,24-20-18-23,true
skel,57,24-20-18-23,true
skel,58,24-20-18-23,true
skel,59,24-20-18-23,true
skel,60,24-20-18-1-23,true
skel,61,24-20-18-23,true
skel,62,20-18-1-23,true
skel,63,20-18-23,true
skel,64,20-18-23,true
skel,65,20-18-23-28,true
skel,66,24-20-18-23,true
skel,67,24-20-18-23,true
skel,68,24-20-18-23,true
skel,69,24-20-18-23,true
skel,70,24-20-1-18-23,true
skel,71,24-20-1-18-23,true
skel,72,24-3-20-18-23,false
skel,73,24-3-20-1-18-23,true
skel,74,24-25-20-18-23,true
skel,75,24-20-3-18-23,false
skel,76,24-20-3-18-23,false
skel,77,24-12-3-20-18-23,true
skel,78,24-12-3-20-18-23,true
skel,79,20-1-18-23,true
skel,80,20-18-23-1-0,true
skel,81,20-18-23-1,true
skel,82,20-18-23-1,true
skel,83,0-20-18-23,true
skel,84,0-20-18-1-23,true
skel,85,0-20-18-23,true
skel,86,20-18-23,true
skel,87,20-18-23,true
skel,88,20-18-23,true
skel,89,20-18-23,true
skel,90,20-18-23,true
skel,91,20-18-23,true
skel,92,20-18-23,true
skel,93,20-18-1-23,true
skel,94,20-18-27-23,true
skel,95,20-18-1-23,true
skel,96,20-18-23,true
skel,97,20-18-23-1-25,true
skel,98,20-18-23-1-25,true
skel,99,20-18-23-1-0,true
skel,100,0-20-18-23-1-0,true
skel,101,24-20-1-18-23,true
skel,102,24-20-1-18-28-23,false
skel,103,20-27-1-18-23,true
skel,104,20-18-1-0-23,false
skel,105,0-20-1-18-23,true
skel,106,0-20-1-18-28-23,false
skel,107,3-20-1-18-28-23,true
skel,108,20-18-1-23-28,true
skel,109,20-18-1-23-1,false
skel,110,20-18-1-23-1,false
skel,111,20-28-1-18-23,true
skel,112,20-18-1-18-28-23,true
skel,113,0-20-18-23,true
skel,114,20-18-23,true
skel,115,20-1-18-23,true
skel,116,3-20-18-23,true
skel,117,3-20-1-18-23,true
skel,118,0-25-20-18-23,true
skel,119,0-20-3-18-23,true
skel,120,0-12-3-20-18-23,true
skel,121,20-18-23,true
skel,122,20-18-1-23,true
skel,123,20-18-28-23,true
skel,124,20-1-18-27-23,true
sep,0,1,true
sep,0,2,true
sep,0,3,true
sep,0,4,true
sep,0,5,true
sep,0,6,true
sep,0,7,true
sep,0,8,true
sep,0,9,true
sep,0,10,true
sep,0,11,true
sep,0,12,true
sep,0,13,true
sep,0,14,true
sep,0,15,true
sep,0,16,true
sep,0,17,true
sep,0,18,true
sep,0,19,true
sep,0,20,true
sep,0,21,true
sep,0,22,true
sep,0,23,true
sep,0,24,true
sep,0,25,true
sep,0,26,true
sep,0,27,true
sep,0,28,true
sep,0,29,true
sep,0,30,true
sep,0,31,true
sep,0,32,true
sep,0,33,true
sep,0,34,true
sep,0,35,true
sep,0,36,false
sep,0,37,true
sep,0,38,true
sep,0,39,true
sep,0,40,true
sep,0,41,true
sep,0,42,true
sep,0,43,true
sep,0,44,true
sep,0,45,true
sep,0,46,true
sep,0,47,true
sep,0,48,true
sep,0,49,true
sep,0,50,true
sep,0,51,true
sep,0,52,true
sep,0,53,true
sep,0,54,true
sep,0,55,true
sep,0,56,true
sep,0,57,true
sep,0,58,true
sep,0,59,true
sep,0,60,true
sep,0,61,true
sep,0,62,true
sep,0,63,true
sep,0,64,true
sep,0,65,true
sep,0,66,true
sep,0,67,true
sep,0,68,true
sep,0,69,true
sep,0,70,true
sep,0,71,true
sep,0,72,true
sep,0,73,true
sep,0,74,true
sep,0,75,true
sep,0,76,true
sep,0,77,true
sep,0,78,true
sep,0,79,true
sep,0,80,true
sep,0,81,true
sep,0,82,true
sep,0,83,true
sep,0,84,true
sep,0,85,true
sep,0,86,true
sep,0,87,true
sep,0,88,true
sep,0,89,true
sep,0,90,true
sep,0,91,true
sep,0,92,true
sep,0,93,true
sep,0,94,true
sep,0,95,true
sep,0,96,true
sep,0,97,true
sep,0,98,true
sep,0,99,true
sep,0,100,true
sep,0,101,true
sep,0,102,true
sep,0,103,true
sep,0,104,true
sep,0,105,true
sep,0,106,true
sep,0,107,true
sep,0,108,true
sep,0,109,true
sep,0,110,true
sep,0,111,true
sep,0,112,true
sep,0,113,true
sep,0,114,true
sep,0,115,true
sep,0,116,true
sep,0,117,true
sep,0,118,true
sep,0,119,true
sep,0,120,true
sep,0,121,true
sep,0,122,true
sep,0,123,true
sep,0,124,true
sep,1,2,true
sep,1,3,true
sep,1,4,true
sep,1,5,true
sep,1,6,true
sep,1,7,true
sep,1,8,true
sep,1,9,true
sep,1,10,true
sep,1,11,true
sep,1,12,true
sep,1,13,true
sep,1,14,true
sep,1,15,true
sep,1,16,true
sep,1,17,true
sep,1,18,true
sep,1,19,true
sep,1,20,true
sep,1,21,true
sep,1,22,true
sep,1,23,true
sep,1,24,true
sep,1,25,true
sep,1,26,true
sep,1,27,true
sep,1,28,true
sep,1,29,true
sep,1,30,true
sep,1,31,true
sep,1,32,true
sep,1,33,true
sep,1,34,true
sep,1,35,true
sep,1,36,true
sep,1,37,true
sep,1,38,true
sep,1,39,true
sep,1,40,true
sep,1,41,true
sep,1,42,true
sep,1,43,true
sep,1,44,true
sep,1,45,true
sep,1,46,true
sep,1,47,true
sep,1,48,true
sep,1,49,true
sep,1,50,true
sep,1,51,true
sep,1,52,true
sep,1,53,true
sep,1,54,true
sep,1,55,true
sep,1,56,true
sep,1,57,true
sep,1,58,true
sep,1,59,true
sep,1,60,true
sep,1,61,true
sep,1,62,true
sep,1,63,true
sep,1,64,true
sep,1,65,true
sep,1,66,true
sep,1,67,true
sep,1,68,true
sep,1,69,true
sep,1,70,true
sep,1,71,true
sep,1,72,true
sep,1,73,true
sep,1,74,true
sep,1,75,true
sep,1,76,true
sep,1,77,true
sep,1,78,true
sep,1,79,true
sep,1,80,true
sep,1,81,true
sep,1,82,true
sep,1,83,true
sep,1,84,true
sep,1,85,true
sep,1,86,true
sep,1,87,true
sep,1,88,true
sep,1,89,true
sep,1,90,true
sep,1,91,true
sep,1,92,true
sep,1,93,true
sep,1,94,true
sep,1,95,true
sep,1,96,true
sep,1,97,true
sep,1,98,true
sep,1,99,true
sep,1,100,true
sep,1,101,true
sep,1,102,true
sep,1,103,true
sep,1,104,true
sep,1,105,true
sep,1,106,true
sep,1,107,true
sep,1,108,true
sep,1,109,true
sep,1,110,true
sep,1,111,true
sep,1,112,true
sep,1,113,true
sep,1,114,true
sep,1,115,true
sep,1,116,true
sep,1,117,true
sep,1,118,true
sep,1,119,true
sep,1,120,true
sep,1,121,true
sep,1,122,true
sep,1,123,true
sep,1,124,true
sep,2,3,true
sep,2,4,true
sep,2,5,true
sep,2,6,true
sep,2,7,true
sep,2,8,true
sep,2,9,true
sep,2,10,true
sep,2,11,true
sep,2,12,true
sep,2,13,true
sep,2,14,true
sep,2,15,true
sep,2,16,true
sep,2,17,true
sep,2,18,true
sep,2,19,true
sep,2,20,true
sep,2,21,true
sep,2,22,true
sep,2,23,true
sep,2,24,true
sep,2,25,true
sep,2,26,true
sep,2,27,true
sep,2,28,true
sep,2,29,true
sep,2,30,true
sep,2,31,true
sep,2,32,true
sep,2,33,true
sep,2,34,true
sep,2,35,true
sep,2,36,true
sep,2,37,true
sep,2,38,true
sep,2,39,true
sep,2,40,true
sep,2,41,true
sep,2,42,true
sep,2,43,true
sep,2,44,true
sep,2,45,true
sep,2,46,true
sep,2,47,true
sep,2,48,true
sep,2,49,true
sep,2,50,true
sep,2,51,true
sep,2,52,true
sep,2,53,true
sep,2,54,true
sep,2,55,true
sep,2,56,true
sep,2,57,true
sep,2,58,true
sep,2,59,true
sep,2,60,true
sep,2,61,true
sep,2,62,true
sep,2,63,true
sep,2,64,true
sep,2,65,true
sep,2,66,true
sep,2,67,true
sep,2,68,true
sep,2,69,true
sep,2,70,true
sep,2,71,true
sep,2,72,true
sep,2,73,true
sep,2,74,true
sep,2,75,true
sep,2,76,true
sep,2,77,true
sep,2,78,true
sep,2,79,true
sep,2,80,true
sep,2,81,true
sep,2,82,true
sep,2,83,true
sep,2,84,true
sep,2,85,true
sep,2,86,true
sep,2,87,true
sep,2,88,true
sep,2,89,true
sep,2,90,true
sep,2,91,true
sep,2,92,true
sep,2,93,true
sep,2,94,true
sep,2,95,true
sep,2,96,true
sep,2,97,true
sep,2,98,true
sep,2,99,true
sep,2,100,true
sep,2,101,true
sep,2,102,true
sep,2,103,true
sep,2,104,true
sep,2,105,true
sep,2,106,true
sep,2,107,true
sep,2,108,true
sep,2,109,true
sep,2,110,true
sep,2,111,true
sep,2,112,true
sep,2,113,true
sep,2,114,true
sep,2,115,true
sep,2,116,true
sep,2,117,true
sep,2,118,true
sep,2,119,true
sep,2,120,true
sep,2,121,true
sep,2,122,true
sep,2,123,true
sep,2,124,true
sep,3,4,true
sep,3,5,true
sep,3,6,true
sep,3,7,true
sep,3,8,true
sep,3,9,true
sep,3,10,true
sep,3,11,true
sep,3,12,true
sep,3,13,true
sep,3,14,true
sep,3,15,true
sep,3,16,true
sep,3,17,true
sep,3,18,true
sep,3,19,true
sep,3,20,true
sep,3,21,true
sep,3,22,true
sep,3,23,true
sep,3,24,true
sep,3,25,true
sep,3,26,true
sep,3,27,true
sep,3,28,true
sep,3,29,true
sep,3,30,true
sep,3,31,true
sep,3,32,true
sep,3,33,true
sep,3,34,true
sep,3,35,true
sep,3,36,true
sep,3,37,true
sep,3,38,true
sep,3,39,true
sep,3,40,true
sep,3,41,true
sep,3,42,true
sep,3,43,true
sep,3,44,true
sep,3,45,true
sep,3,46,true
sep,3,47,true
sep,3,48,true
sep,3,49,true
sep,3,50,true
sep,3,51,true
sep,3,52,true
sep,3,53,true
sep,3,54,true
sep,3,55,true
sep,3,56,true
sep,3,57,true
sep,3,58,true
sep,3,59,true
sep,3,60,true
sep,3,61,true
sep,3,62,true
sep,3,63,true
sep,3,64,true
sep,3,65,true
sep,3,66,true
sep,3,67,true
sep,3,68,true
sep,3,69,true
sep,3,70,true
sep,3,71,true
sep,3,72,true
sep,3,73,true
sep,3,74,true
sep,3,75,true
sep,3,76,true
sep,3,77,true
sep,3,78,true
sep,3,79,true
sep,3,80,true
sep,3,81,true
sep,3,82,true
sep,3,83,true
sep,3,84,true
sep,3,85,true
sep,3,86,true
sep,3,87,true
sep,3,88,true
sep,3,89,true
sep,3,90,true
sep,3,91,true
sep,3,92,true
sep,3,93,true
sep,3,94,true
sep,3,95,true
sep,3,96,true
sep,3,97,true
sep,3,98,true
sep,3,99,true
sep,3,100,true
sep,3,101,true
sep,3,102,true
sep,3,103,true
sep,3,104,true
sep,3,105,true
sep,3,106,true
sep,3,107,true
sep,3,108,true
sep,3,109,true
sep,3,110,true
sep,3,111,true
sep,3,112,true
sep,3,113,true
sep,3,114,true
sep,3,115,true
sep,3,116,true
sep,3,117,true
sep,3,118,true
sep,3,119,true
sep,3,120,true
sep,3,121,true
sep,3,122,true
sep,3,123,true
sep,3,124,true
sep,4,5,true
sep,4,6,true
sep,4,7,true
sep,4,8,true
sep,4,9,true
sep,4,10,true
sep,4,11,true
sep,4,12,true
sep,4,13,true
sep,4,14,true
sep,4,15,true
sep,4,16,true
sep,4,17,true
sep,4,18,true
sep,4,19,true
sep,4,20,true
sep,4,21,true
sep,4,22,true
sep,4,23,true
sep,4,24,true
sep,4,25,true
sep,4,26,true
sep,4,27,true
sep,4,28,true
sep,4,29,true
sep,4,30,true
sep,4,31,true
sep,4,32,true
sep,4,33,true
sep,4,34,true
sep,4,35,true
sep,4,36,true
sep,4,37,true
sep,4,38,true
sep,4,39,true
sep,4,40,true
sep,4,41,true
sep,4,42,true
sep,4,43,true
sep,4,44,true
sep,4,45,true
sep,4,46,true
sep,4,47,true
sep,4,48,true
sep,4,49,true
sep,4,50,true
sep,4,51,true
sep,4,52,true
sep,4,53,true
sep,4,54,true
sep,4,55,true
sep,4,56,true
sep,4,57,true
sep,4,58,true
sep,4,59,true
sep,4,60,true
sep,4,61,true
sep,4,62,true
sep,4,63,true
sep,4,64,true
sep,4,65,true
sep,4,66,true
sep,4,67,true
sep,4,68,true
sep,4,69,true
sep,4,70,true
sep,4,71,true
sep,4,72,true
sep,4,73,true
sep,4,74,true
sep,4,75,true
sep,4,76,true
sep,4,77,true
sep,4,78,true
sep,4,79,true
sep,4,80,true
sep,4,81,true
sep,4,82,true
sep,4,83,true
sep,4,84,true
sep,4,85,true
sep,4,86,true
sep,4,87,true
sep,4,88,true
sep,4,89,true
sep,4,90,true
sep,4,91,true
sep,4,92,true
sep,4,93,true
sep,4,94,true
sep,4,95,true
sep,4,96,true
sep,4,97,true
sep,4,98,true
sep,4,99,true
sep,4,100,true
sep,4,101,true
sep,4,102,true
sep,4,103,true
sep,4,104,true
sep,4,105,true
sep,4,106,true
sep,4,107,true
sep,4,108,true
sep,4,109,true
sep,4,110,true
sep,4,111,true
sep,4,112,true
sep,4,113,true
sep,4,114,true
sep,4,115,true
sep,4,116,true
sep,4,117,true
sep,4,118,true
sep,4,119,true
sep,4,120,true
sep,4,121,true
sep,4,122,true
sep,4,123,true
sep,4,124,true
sep,5,6,true
sep,5,7,true
sep,5,8,true
sep,5,9,true
sep,5,10,true
sep,5,11,true
sep,5,12,true
sep,5,13,true
sep,5,14,true
sep,5,15,true
sep,5,16,true
sep,5,17,true
sep,5,18,true
sep,5,19,true
sep,5,20,true
sep,5,21,true
sep,5,22,true
sep,5,23,true
sep,5,24,true
sep,5,25,true
sep,5,26,true
sep,5,27,true
sep,5,28,true
sep,5,29,true
sep,5,30,true
sep,5,31,true
sep,5,32,true
sep,5,33,true
sep,5,34,true
sep,5,35,true
sep,5,36,true
sep,5,37,true
sep,5,38,true
sep,5,39,true
sep,5,40,true
sep,5,41,true
sep,5,42,true
sep,5,43,true
sep,5,44,true
sep,5,45,true
sep,5,46,true
sep,5,47,true
sep,5,48,true
sep,5,49,true
sep,5,50,true
sep,5,51,true
sep,5,52,true
sep,5,53,true
sep,5,54,true
sep,5,55,true
sep,5,56,true
sep,5,57,true
sep,5,58,true
sep,5,59,true
sep,5,60,true
sep,5,61,true
sep,5,62,true
sep,5,63,true
sep,5,64,true
sep,5,65,true
sep,5,66,true
sep,5,67,true
sep,5,68,true
sep,5,69,true
sep,5,70,true
sep,5,71,true
sep,5,72,true
sep,5,73,true
sep,5,74,true
sep,5,75,true
sep,5,76,true
sep,5,77,true
sep,5,78,true
sep,5,79,true
sep,5,80,true
sep,5,81,true
sep,5,82,true
sep,5,83,true
sep,5,84,true
sep,5,85,true
sep,5,86,true
sep,5,87,true
sep,5,88,true
sep,5,89,true
sep,5,90,true
sep,5,91,true
sep,5,92,true
sep,5,93,true
sep,5,94,true
sep,5,95,true
sep,5,96,true
sep,5,97,true
sep,5,98,true
sep,5,99,true
sep,5,100,true
sep,5,101,true
sep,5,102,true
sep,5,103,true
sep,5,104,true
sep,5,105,true
sep,5,106,true
sep,5,107,true
sep,5,108,true
sep,5,109,true
sep,5,110,true
sep,5,111,true
sep,5,112,true
sep,5,113,true
sep,5,114,true
sep,5,115,true
sep,5,116,true
sep,5,117,true
sep,5,118,true
sep,5,119,true
sep,5,120,true
sep,5,121,true
sep,5,122,true
sep,5,123,true
sep,5,124,true
sep,6,7,true
sep,6,8,true
sep,6,9,true
sep,6,10,true
sep,6,11,true
sep,6,12,true
sep,6,13,true
sep,6,14,true
sep,6,15,true
sep,6,16,true
sep,6,17,true
sep,6,18,true
sep,6,19,true
sep,6,20,true
sep,6,21,true
sep,6,22,true
sep,6,23,true
sep,6,24,true
sep,6,25,true
sep,6,26,true
sep,6,27,true
sep,6,28,true
sep,6,29,true
sep,6,30,true
sep,6,31,true
sep,6,32,true
sep,6,33,true
sep,6,34,true
sep,6,35,true
sep,6,36,true
sep,6,37,true
sep,6,38,true
sep,6,39,true
sep,6,40,true
sep,6,41,true
sep,6,42,true
sep,6,43,true
sep,6,44,true
sep,6,45,true
sep,6,46,true
sep,6,47,true
sep,6,48,true
sep,6,49,true
sep,6,50,true
sep,6,51,true
sep,6,52,true
sep,6,53,true
sep,6,54,true
sep,6,55,true
sep,6,56,true
sep,6,57,true
sep,6,58,true
sep,6,59,true
sep,6,60,true
sep,6,61,true
sep,6,62,true
sep,6,63,true
sep,6,64,true
sep,6,65,true
sep,6,66,true
sep,6,67,true
sep,6,68,true
sep,6,69,true
sep,6,70,true
sep,6,71,true
sep,6,72,true
sep,6,73,true
sep,6,74,true
sep,6,75,true
sep,6,76,true
sep,6,77,true
sep,6,78,true
sep,6,79,true
sep,6,80,true
sep,6,81,true
sep,6,82,true
sep,6,83,true
sep,6,84,true
sep,6,85,true
sep,6,86,true
sep,6,87,true
sep,6,88,true
sep,6,89,true
sep,6,90,true
sep,6,91,true
sep,6,92,true
sep,6,93,true
sep,6,94,true
sep,6,95,true
sep,6,96,true
sep,6,97,true
sep,6,98,true
sep,6,99,true
sep,6,100,true
sep,6,101,true
sep,6,102,true
sep,6,103,true
sep,6,104,true
sep,6,105,true
sep,6,106,true
sep,6,107,true
sep,6,108,true
sep,6,109,true
sep,6,110,true
sep,6,111,true
sep,6,112,true
sep,6,113,true
sep,6,114,true
sep,6,115,true
sep,6,116,true
sep,6,117,true
sep,6,118,true
sep,6,119,true
sep,6,120,true
sep,6,121,true
sep,6,122,true
sep,6,123,true
sep,6,124,true
sep,7,8,true
sep,7,9,true
sep,7,10,true
sep,7,11,true
sep,7,12,true
sep,7,13,true
sep,7,14,true
sep,7,15,true
sep,7,16,true
sep,7,17,true
sep,7,18,true
sep,7,19,true
sep,7,20,true
sep,7,21,true
sep,7,22,true
sep,7,23,true
sep,7,24,true
sep,7,25,true
sep,7,26,true
sep,7,27,true
sep,7,28,true
sep,7,29,true
sep,7,30,true
sep,7,31,true
sep,7,32,true
sep,7,33,true
sep,7,34,true
sep,7,35,true
sep,7,36,true
sep,7,37,true
sep,7,38,true
sep,7,39,true
sep,7,40,true
sep,7,41,true
sep,7,42,true
sep,7,43,true
sep,7,44,true
sep,7,45,true
sep,7,46,true
sep,7,47,true
sep,7,48,true
sep,7,49,true
sep,7,50,true
sep,7,51,true
sep,7,52,true
sep,7,53,true
sep,7,54,true
sep,7,55,true
sep,7,56,true
sep,7,57,true
sep,7,58,true
sep,7,59,true
sep,7,60,true
sep,7,61,true
sep,7,62,true
sep,7,63,true
sep,7,64,true
sep,7,65,true
sep,7,66,true
sep,7,67,true
sep,7,68,true
sep,7,69,true
sep,7,70,true
sep,7,71,true
sep,7,72,true
sep,7,73,true
sep,7,74,true
sep,7,75,true
sep,7,76,true
sep,7,77,true
sep,7,78,true
sep,7,79,true
sep,7,80,true
sep,7,81,true
sep,7,82,true
sep,7,83,true
sep,7,84,true
sep,7,85,true
sep,7,86,true
sep,7,87,true
sep,7,88,true
sep,7,89,true
sep,7,90,true
sep,7,91,true
sep,7,92,true
sep,7,93,true
sep,7,94,true
sep,7,95,true
sep,7,96,true
sep,7,97,true
sep,7,98,true
sep,7,99,true
sep,7,100,true
sep,7,101,true
sep,7,102,true
sep,7,103,true
sep,7,104,true
sep,7,105,true
sep,7,106,true
sep,7,107,true
sep,7,108,true
sep,7,109,true
sep,7,110,true
sep,7,111,true
sep,7,112,true
sep,7,113,true
sep,7,114,true
sep,7,115,true
sep,7,116,true
sep,7,117,true
sep,7,118,true
sep,7,119,true
sep,7,120,true
sep,7,121,true
sep,7,122,true
sep,7,123,true
sep,7,124,true
sep,8,9,true
sep,8,10,true
sep,8,11,true
sep,8,12,true
sep,8,13,true
sep,8,14,true
sep,8,15,true
sep,8,16,true
sep,8,17,true
sep,8,18,true
sep,8,19,true
sep,8,20,true
sep,8,21,true
sep,8,22,true
sep,8,23,true
sep,8,24,true
sep,8,25,true
sep,8,26,true
sep,8,27,true
sep,8,28,true
sep,8,29,true
sep,8,30,true
sep,8,31,true
sep,8,32,true
sep,8,33,true
sep,8,34,true
sep,8,35,true
sep,8,36,true
sep,8,37,true
sep,8,38,true
sep,8,39,true
sep,8,40,true
sep,8,41,true
sep,8,42,true
sep,8,43,true
sep,8,44,true
sep,8,45,true
sep,8,46,true
sep,8,47,true
sep,8,48,true
sep,8,49,true
sep,8,50,true
sep,8,51,true
sep,8,52,true
sep,8,53,true
sep,8,54,true
sep,8,55,true
sep,8,56,true
sep,8,57,true
sep,8,58,true
sep,8,59,true
sep,8,60,true
sep,8,61,true
sep,8,62,true
sep,8,63,true
sep,8,64,true
sep,8,65,true
sep,8,66,true
sep,8,67,true
sep,8,68,true
sep,8,69,true
sep,8,70,true
sep,8,71,true
sep,8,72,true
sep,8,73,true
sep,8,74,true
sep,8,75,true
sep,8,76,true
sep,8,77,true
sep,8,78,true
sep,8,79,true
sep,8,80,true
sep,8,81,true
sep,8,82,true
sep,8,83,true
sep,8,84,true
sep,8,85,true
sep,8,86,true
sep,8,87,true
sep,8,88,true
sep,8,89,true
sep,8,90,true
sep,8,91,true
sep,8,92,true
sep,8,93,true
sep,8,94,true
sep,8,95,true
sep,8,96,true
sep,8,97,true
sep,8,98,true
sep,8,99,true
sep,8,100,true
sep,8,101,true
sep,8,102,true
sep,8,103,true
sep,8,104,true
sep,8,105,true
sep,8,106,true
sep,8,107,true
sep,8,108,true
sep,8,109,true
sep,8,110,true
sep,8,111,true
sep,8,112,true
sep,8,113,true
sep,8,114,true
sep,8,115,true
sep,8,116,true
sep,8,117,true
sep,8,118,true
sep,8,119,true
sep,8,120,true
sep,8,121,true
sep,8,122,true
sep,8,123,true
sep,8,124,true
sep,9,10,true
sep,9,11,true
sep,9,12,true
sep,9,13,true
sep,9,14,true
sep,9,15,true
sep,9,16,true
sep,9,17,true
sep,9,18,true
sep,9,19,true
sep,9,20,true
sep,9,21,true
sep,9,22,true
sep,9,23,true
sep,9,24,true
sep,9,25,true
sep,9,26,true
sep,9,27,true
sep,9,28,true
sep,9,29,true
sep,9,30,true
sep,9,31,true
sep,9,32,true
sep,9,33,true
sep,9,34,true
sep,9,35,true
sep,9,36,true
sep,9,37,true
sep,9,38,true
sep,9,39,true
sep,9,40,true
sep,9,41,true
sep,9,42,true
sep,9,43,true
sep,9,44,true
sep,9,45,true
sep,9,46,true
sep,9,47,true
sep,9,48,true
sep,9,49,true
sep,9,50,true
sep,9,51,true
sep,9,52,true
sep,9,53,true
sep,9,54,true
sep,9,55,true
sep,9,56,true
sep,9,57,true
sep,9,58,true
sep,9,59,true
sep,9,60,true
sep,9,61,true
sep,9,62,true
sep,9,63,true
sep,9,64,true
sep,9,65,true
sep,9,66,true
sep,9,67,true
sep,9,68,true
sep,9,69,true
sep,9,70,true
sep,9,71,true
sep,9,72,true
sep,9,73,true
sep,9,74,true
sep,9,75,true
sep,9,76,true
sep,9,77,true
sep,9,78,true
sep,9,79,true
sep,9,80,true
sep,9,81,true
sep,9,82,true
sep,9,83,true
sep,9,84,true
sep,9,85,true
sep,9,86,true
sep,9,87,true
sep,9,88,true
sep,9,89,true
sep,9,90,true
sep,9,91,true
sep,9,92,true
sep,9,93,true
sep,9,94,true
sep,9,95,true
sep,9,96,true
sep,9,97,true
sep,9,98,true
sep,9,99,true
sep,9,100,true
sep,9,101,true
sep,9,102,true
sep,9,103,true
sep,9,104,true
sep,9,105,true
sep,9,106,true
sep,9,107,true
sep,9,108,true
sep,9,109,true
sep,9,110,true
sep,9,111,true
sep,9,112,true
sep,9,113,true
sep,9,114,true
sep,9,115,true
sep,9,116,true
sep,9,117,true
sep,9,118,true
sep,9,119,true
sep,9,120,true
sep,9,121,true
sep,9,122,true
sep,9,123,true
sep,9,124,true
sep,10,11,true
sep,10,12,true
sep,10,13,true
sep,10,14,true
sep,10,15,true
sep,10,16,true
sep,10,17,true
sep,10,18,true
sep,10,19,true
sep,10,20,true
sep,10,21,true
sep,10,22,true
sep,10,23,true
sep,10,24,true
sep,10,25,true
sep,10,26,true
sep,10,27,true
sep,10,28,true
sep,10,29,true
sep,10,30,true
sep,10,31,true
sep,10,32,true
sep,10,33,true
sep,10,34,true
sep,10,35,true
sep,10,36,true
sep,10,37,true
sep,10,38,true
sep,10,39,true
sep,10,40,true
sep,10,41,true
sep,10,42,true
sep,10,43,true
sep,10,44,true
sep,10,45,true
sep,10,46,true
sep,10,47,true
sep,10,48,true
sep,10,49,true
sep,10,50,true
sep,10,51,true
sep,10,52,true
sep,10,53,true
sep,10,54,true
sep,10,55,true
sep,10,56,true
sep,10,57,true
sep,10,58,true
sep,10,59,true
sep,10,60,true
sep,10,61,true
sep,10,62,true
sep,10,63,true
sep,10,64,true
sep,10,65,true
sep,10,66,true
sep,10,67,true
sep,10,68,true
sep,10,69,true
sep,10,70,true
sep,10,71,true
sep,10,72,true
sep,10,73,true
sep,10,74,true
sep,10,75,true
sep,10,76,true
sep,10,77,true
sep,10,78,true
sep,10,79,true
sep,10,80,true
sep,10,81,true
sep,10,82,true
sep,10,83,true
sep,10,84,true
sep,10,85,true
sep,10,86,true
sep,10,87,true
sep,10,88,true
sep,10,89,true
sep,10,90,true
sep,10,91,true
sep,10,92,true
sep,10,93,true
sep,10,94,true
sep,10,95,true
sep,10,96,true
sep,10,97,true
sep,10,98,true
sep,10,99,true
sep,10,100,true
sep,10,101,true
sep,10,102,true
sep,10,103,true
sep,10,104,true
sep,10,105,true
sep,10,106,true
sep,10,107,true
sep,10,108,true
sep,10,109,true
sep,10,110,true
sep,10,111,true
sep,10,112,true
sep,10,113,true
sep,10,114,true
sep,10,115,true
sep,10,116,true
sep,10,117,true
sep,10,118,true
sep,10,119,true
sep,10,120,true
sep,10,121,true
sep,10,122,true
sep,10,123,true
sep,10,124,true
sep,11,12,true
sep,11,13,true
sep,11,14,true
sep,11,15,true
sep,11,16,true
sep,11,17,true
sep,11,18,true
sep,11,19,true
sep,11,20,true
sep,11,21,true
sep,11,22,true
sep,11,23,true
sep,11,24,true
sep,11,25,true
sep,11,26,true
sep,11,27,true
sep,11,28,true
sep,11,29,true
sep,11,30,true
sep,11,31,true
sep,11,32,true
sep,11,33,true
sep,11,34,true
sep,11,35,true
sep,11,36,true
sep,11,37,true
sep,11,38,true
sep,11,39,true
sep,11,40,true
sep,11,41,true
sep,11,42,true
sep,11,43,true
sep,11,44,true
sep,11,45,true
sep,11,46,true
sep,11,47,true
sep,11,48,true
sep,11,49,true
sep,11,50,true
sep,11,51,true
sep,11,52,true
sep,11,53,true
sep,11,54,false
sep,11,55,true
sep,11,56,true
sep,11,57,true
sep,11,58,true
sep,11,59,true
sep,11,60,true
sep,11,61,true
sep,11,62,true
sep,11,63,true
sep,11,64,true
sep,11,65,true
sep,11,66,true
sep,11,67,true
sep,11,68,true
sep,11,69,true
sep,11,70,true
sep,11,71,true
sep,11,72,true
sep,11,73,true
sep,11,74,true
sep,11,75,true
sep,11,76,true
sep,11,77,true
sep,11,78,true
sep,11,79,true
sep,11,80,true
sep,11,81,true
sep,11,82,true
sep,11,83,true
sep,11,84,true
sep,11,85,true
sep,11,86,true
sep,11,87,true
sep,11,88,true
sep,11,89,true
sep,11,90,true
sep,11,91,true
sep,11,92,true
sep,11,93,true
sep,11,94,true
sep,11,95,true
sep,11,96,true
sep,11,97,true
sep,11,98,true
sep,11,99,true
sep,11,100,true
sep,11,101,true
sep,11,102,true
sep,11,103,true
sep,11,104,true
sep,11,105,true
sep,11,106,true
sep,11,107,true
sep,11,108,true
sep,11,109,true
sep,11,110,true
sep,11,111,true
sep,11,112,true
sep,11,113,true
sep,11,114,true
sep,11,115,true
sep,11,116,true
sep,11,117,true
sep,11,118,true
sep,11,119,true
sep,11,120,true
sep,11,121,true
sep,11,122,true
sep,11,123,true
sep,11,124,true
sep,12,13,true
sep,12,14,true
sep,12,15,true
sep,12,16,true
sep,12,17,true
sep,12,18,true
sep,12,19,true
sep,12,20,true
sep,12,21,true
sep,12,22,true
sep,12,23,true
sep,12,24,true
sep,12,25,true
sep,12,26,true
sep,12,27,true
sep,12,28,true
sep,12,29,true
sep,12,30,true
sep,12,31,true
sep,12,32,true
sep,12,33,true
sep,12,34,true
sep,12,35,true
sep,12,36,true
sep,12,37,true
sep,12,38,true
sep,12,39,true
sep,12,40,true
sep,12,41,true
sep,12,42,true
sep,12,43,true
sep,12,44,true
sep,12,45,true
sep,12,46,true
sep,12,47,true
sep,12,48,true
sep,12,49,true
sep,12,50,true
sep,12,51,true
sep,12,52,true
sep,12,53,true
sep,12,54,true
sep,12,55,true
sep,12,56,true
sep,12,57,true
sep,12,58,true
sep,12,59,true
sep,12,60,true
sep,12,61,true
sep,12,62,true
sep,12,63,true
sep,12,64,true
sep,12,65,true
sep,12,66,true
sep,12,67,true
sep,12,68,true
sep,12,69,true
sep,12,70,true
sep,12,71,true
sep,12,72,true
sep,12,73,true
sep,12,74,true
sep,12,75,true
sep,12,76,true
sep,12,77,true
sep,12,78,true
sep,12,79,true
sep,12,80,true
sep,12,81,true
sep,12,82,true
sep,12,83,true
sep,12,84,true
sep,12,85,true
sep,12,86,true
sep,12,87,true
sep,12,88,true
sep,12,89,true
sep,12,90,true
sep,12,91,true
sep,12,92,true
sep,12,93,true
sep,12,94,true
sep,12,95,true
sep,12,96,true
sep,12,97,true
sep,12,98,true
sep,12,99,true
sep,12,100,true
sep,12,101,true
sep,12,102,true
sep,12,103,true
sep,12,104,true
sep,12,105,true
sep,12,106,true
sep,12,107,true
sep,12,108,true
sep,12,109,true
sep,12,110,true
sep,12,111,true
sep,12,112,true
sep,12,113,true
sep,12,114,true
sep,12,115,true
sep,12,116,true
sep,12,117,true
sep,12,118,true
sep,12,119,true
sep,12,120,true
sep,12,121,true
sep,12,122,true
sep,12,123,true
sep,12,124,true
sep,13,14,true
sep,13,15,true
sep,13,16,true
sep,13,17,true
sep,13,18,true
sep,13,19,true
sep,13,20,true
sep,13,21,true
sep,13,22,true
sep,13,23,true
sep,13,24,true
sep,13,25,true
sep,13,26,true
sep,13,27,true
sep,13,28,true
sep,13,29,true
sep,13,30,true
sep,13,31,true
sep,13,32,true
sep,13,33,true
sep,13,34,true
sep,13,35,true
sep,13,36,true
sep,13,37,true
sep,13,38,true
sep,13,39,true
sep,13,40,true
sep,13,41,true
sep,13,42,true
sep,13,43,true
sep,13,44,true
sep,13,45,true
sep,13,46,true
sep,13,47,true
sep,13,48,true
sep,13,49,true
sep,13,50,true
sep,13,51,true
sep,13,52,true
sep,13,53,true
sep,13,54,true
sep,13,55,true
sep,13,56,true
sep,13,57,true
sep,13,58,true
sep,13,59,true
sep,13,60,true
sep,13,61,true
sep,13,62,true
sep,13,63,true
sep,13,64,true
sep,13,65,true
sep,13,66,true
sep,13,67,true
sep,13,68,true
sep,13,69,true
sep,13,70,true
sep,13,71,true
sep,13,72,true
sep,13,73,true
sep,13,74,true
sep,13,75,true
sep,13,76,true
sep,13,77,true
sep,13,78,true
sep,13,79,true
sep,13,80,true
sep,13,81,true
sep,13,82,true
sep,13,83,true
sep,13,84,true
sep,13,85,true
sep,13,86,true
sep,13,87,true
sep,13,88,true
sep,13,89,true
sep,13,90,true
sep,13,91,true
sep,13,92,true
sep,13,93,true
sep,13,94,true
sep,13,95,true
sep,13,96,true
sep,13,97,true
sep,13,98,true
sep,13,99,true
sep,13,100,true
sep,13,101,true
sep,13,102,true
sep,13,103,true
sep,13,104,true
sep,13,105,true
sep,13,106,true
sep,13,107,true
sep,13,108,true
sep,13,109,true
sep,13,110,true
sep,13,111,true
sep,13,112,true
sep,13,113,true
sep,13,114,true
sep,13,115,true
sep,13,116,true
sep,13,117,true
sep,13,118,true
sep,13,119,true
sep,13,120,true
sep,13,121,true
sep,13,122,true
sep,13,123,true
sep,13,124,true
sep,14,15,true
sep,14,16,true
sep,14,17,true
sep,14,18,true
sep,14,19,true
sep,14,20,true
sep,14,21,true
sep,14,22,true
sep,14,23,true
sep,14,24,true
sep,14,25,true
sep,14,26,true
sep,14,27,true
sep,14,28,true
sep,14,29,true
sep,14,30,true
sep,14,31,true
sep,14,32,true
sep,14,33,true
sep,14,34,true
sep,14,35,true
sep,14,36,true
sep,14,37,true
sep,14,38,true
sep,14,39,true
sep,14,40,true
sep,14,41,true
sep,14,42,true
sep,14,43,true
sep,14,44,true
sep,14,45,true
sep,14,46,true
sep,14,47,true
sep,14,48,true
sep,14,49,true
sep,14,50,true
sep,14,51,true
sep,14,52,true
sep,14,53,true
sep,14,54,true
sep,14,55,true
sep,14,56,true
sep,14,57,true
sep,14,58,true
sep,14,59,true
sep,14,60,true
sep,14,61,true
sep,14,62,true
sep,14,63,true
sep,14,64,true
sep,14,65,true
sep,14,66,true
sep,14,67,true
sep,14,68,true
sep,14,69,true
sep,14,70,true
sep,14,71,true
sep,14,72,true
sep,14,73,true
sep,14,74,true
sep,14,75,true
sep,14,76,true
sep,14,77,true
sep,14,78,true
sep,14,79,true
sep,14,80,true
sep,14,81,true
sep,14,82,true
sep,14,83,true
sep,14,84,true
sep,14,85,true
sep,14,86,true
sep,14,87,true
sep,14,88,true
sep,14,89,true
sep,14,90,true
sep,14,91,true
sep,14,92,true
sep,14,93,true
sep,14,94,true
sep,14,95,true
sep,14,96,true
sep,14,97,true
sep,14,98,true
sep,14,99,true
sep,14,100,true
sep,14,101,true
sep,14,102,true
sep,14,103,true
sep,14,104,true
sep,14,105,true
sep,14,106,true
sep,14,107,true
sep,14,108,true
sep,14,109,true
sep,14,110,true
sep,14,111,true
sep,14,112,true
sep,14,113,true
sep,14,114,true
sep,14,115,true
sep,14,116,false
sep,14,117,true
sep,14,118,true
sep,14,119,true
sep,14,120,true
sep,14,121,true
sep,14,122,true
sep,14,123,true
sep,14,124,true
sep,15,16,true
sep,15,17,true
sep,15,18,true
sep,15,19,true
sep,15,20,true
sep,15,21,true
sep,15,22,true
sep,15,23,true
sep,15,24,true
sep,15,25,true
sep,15,26,true
sep,15,27,true
sep,15,28,true
sep,15,29,true
sep,15,30,true
sep,15,31,true
sep,15,32,true
sep,15,33,true
sep,15,34,true
sep,15,35,true
sep,15,36,true
sep,15,37,true
sep,15,38,true
sep,15,39,true
sep,15,40,true
sep,15,41,true
sep,15,42,true
sep,15,43,true
sep,15,44,true
sep,15,45,true
sep,15,46,true
sep,15,47,true
sep,15,48,true
sep,15,49,true
sep,15,50,true
sep,15,51,true
sep,15,52,true
sep,15,53,true
sep,15,54,true
sep,15,55,true
sep,15,56,true
sep,15,57,true
sep,15,58,true
sep,15,59,true
sep,15,60,true
sep,15,61,true
sep,15,62,true
sep,15,63,true
sep,15,64,true
sep,15,65,true
sep,15,66,true
sep,15,67,true
sep,15,68,true
sep,15,69,true
sep,15,70,true
sep,15,71,true
sep,15,72,true
sep,15,73,true
sep,15,74,true
sep,15,75,true
sep,15,76,true
sep,15,77,true
sep,15,78,true
sep,15,79,true
sep,15,80,true
sep,15,81,true
sep,15,82,true
sep,15,83,true
sep,15,84,true
sep,15,85,true
sep,15,86,true
sep,15,87,true
sep,15,88,true
sep,15,89,true
sep,15,90,true
sep,15,91,true
sep,15,92,true
sep,15,93,true
sep,15,94,true
sep,15,95,true
sep,15,96,true
sep,15,97,true
sep,15,98,true
sep,15,99,true
sep,15,100,true
sep,15,101,true
sep,15,102,true
sep,15,103,true
sep,15,104,true
sep,15,105,true
sep,15,106,true
sep,15,107,true
sep,15,108,true
sep,15,109,true
sep,15,110,true
sep,15,111,true
sep,15,112,true
sep,15,113,true
sep,15,114,true
sep,15,115,true
sep,15,116,true
sep,15,117,false
sep,15,118,true
sep,15,119,true
sep,15,120,true
sep,15,121,true
sep,15,122,true
sep,15,123,true
sep,15,124,true
sep,16,17,true
sep,16,18,true
sep,16,19,true
sep,16,20,true
sep,16,21,true
sep,16,22,true
sep,16,23,true
sep,16,24,true
sep,16,25,true
sep,16,26,true
sep,16,27,true
sep,16,28,true
sep,16,29,true
sep,16,30,true
sep,16,31,true
sep,16,32,true
sep,16,33,true
sep,16,34,true
sep,16,35,true
sep,16,36,true
sep,16,37,true
sep,16,38,true
sep,16,39,true
sep,16,40,true
sep,16,41,true
sep,16,42,true
sep,16,43,true
sep,16,44,true
sep,16,45,true
sep,16,46,true
sep,16,47,true
sep,16,48,true
sep,16,49,true
sep,16,50,true
sep,16,51,true
sep,16,52,true
sep,16,53,true
sep,16,54,true
sep,16,55,true
sep,16,56,true
sep,16,57,true
sep,16,58,true
sep,16,59,true
sep,16,60,true
sep,16,61,true
sep,16,62,true
sep,16,63,true
sep,16,64,true
sep,16,65,true
sep,16,66,true
sep,16,67,true
sep,16,68,true
sep,16,69,true
sep,16,70,true
sep,16,71,true
sep,16,72,true
sep,16,73,true
sep,16,74,true
sep,16,75,true
sep,16,76,true
sep,16,77,true
sep,16,78,true
sep,16,79,true
sep,16,80,true
sep,16,81,true
sep,16,82,true
sep,16,83,true
sep,16,84,true
sep,16,85,true
sep,16,86,true
sep,16,87,true
sep,16,88,true
sep,16,89,true
sep,16,90,true
sep,16,91,true
sep,16,92,true
sep,16,93,true
sep,16,94,true
sep,16,95,true
sep,16,96,true
sep,16,97,true
sep,16,98,true
sep,16,99,true
sep,16,100,true
sep,16,101,true
sep,16,102,true
sep,16,103,true
sep,16,104,true
sep,16,105,true
sep,16,106,true
sep,16,107,true
sep,16,108,true
sep,16,109,true
sep,16,110,true
sep,16,111,true
sep,16,112,true
sep,16,113,true
sep,16,114,true
sep,16,115,true
sep,16,116,true
sep,16,117,true
sep,16,118,true
sep,16,119,true
sep,16,120,true
sep,16,121,true
sep,16,122,true
sep,16,123,true
sep,16,124,true
sep,17,18,true
sep,17,19,true
sep,17,20,true
sep,17,21,true
sep,17,22,true
sep,17,23,true
sep,17,24,true
sep,17,25,true
sep,17,26,true
sep,17,27,true
sep,17,28,true
sep,17,29,true
sep,17,30,true
sep,17,31,true
sep,17,32,true
sep,17,33,true
sep,17,34,true
sep,17,35,true
sep,17,36,true
sep,17,37,true
sep,17,38,true
sep,17,39,true
sep,17,40,true
sep,17,41,true
sep,17,42,true
sep,17,43,true
sep,17,44,true
sep,17,45,true
sep,17,46,true
sep,17,47,true
sep,17,48,true
sep,17,49,true
sep,17,50,true
sep,17,51,true
sep,17,52,true
sep,17,53,true
sep,17,54,true
sep,17,55,true
sep,17,56,true
sep,17,57,true
sep,17,58,true
sep,17,59,true
sep,17,60,true
sep,17,61,true
sep,17,62,true
sep,17,63,true
sep,17,64,true
sep,17,65,true
sep,17,66,true
sep,17,67,true
sep,17,68,true
sep,17,69,true
sep,17,70,true
sep,17,71,true
sep,17,72,true
sep,17,73,true
sep,17,74,true
sep,17,75,true
sep,17,76,true
sep,17,77,true
sep,17,78,true
sep,17,79,true
sep,17,80,true
sep,17,81,true
sep,17,82,true
sep,17,83,true
sep,17,84,true
sep,17,85,true
sep,17,86,true
sep,17,87,true
sep,17,88,true
sep,17,89,true
sep,17,90,true
sep,17,91,true
sep,17,92,true
sep,17,93,true
sep,17,94,true
sep,17,95,true
sep,17,96,true
sep,17,97,true
sep,17,98,true
sep,17,99,true
sep,17,100,true
sep,17,101,true
sep,17,102,true
sep,17,103,true
sep,17,104,true
sep,17,105,true
sep,17,106,true
sep,17,107,true
sep,17,108,true
sep,17,109,true
sep,17,110,true
sep,17,111,true
sep,17,112,true
sep,17,113,true
sep,17,114,true
sep,17,115,true
sep,17,116,true
sep,17,117,true
sep,17,118,true
sep,17,119,true
sep,17,120,true
sep,17,121,true
sep,17,122,true
sep,17,123,true
sep,17,124,true
sep,18,19,true
sep,18,20,true
sep,18,21,true
sep,18,22,true
sep,18,23,true
sep,18,24,true
sep,18,25,true
sep,18,26,true
sep,18,27,true
sep,18,28,true
sep,18,29,true
sep,18,30,true
sep,18,31,true
sep,18,32,true
sep,18,33,true
sep,18,34,true
sep,18,35,true
sep,18,36,true
sep,18,37,true
sep,18,38,true
sep,18,39,true
sep,18,40,true
sep,18,41,true
sep,18,42,true
sep,18,43,true
sep,18,44,true
sep,18,45,true
sep,18,46,true
sep,18,47,true
sep,18,48,true
sep,18,49,true
sep,18,50,true
sep,18,51,true
sep,18,52,true
sep,18,53,true
sep,18,54,true
sep,18,55,true
sep,18,56,true
sep,18,57,true
sep,18,58,true
sep,18,59,true
sep,18,60,true
sep,18,61,true
sep,18,62,true
sep,18,63,true
sep,18,64,true
sep,18,65,true
sep,18,66,true
sep,18,67,true
sep,18,68,true
sep,18,69,true
sep,18,70,true
sep,18,71,true
sep,18,72,true
sep,18,73,true
sep,18,74,true
sep,18,75,true
sep,18,76,true
sep,18,77,true
sep,18,78,true
sep,18,79,true
sep,18,80,true
sep,18,81,true
sep,18,82,true
sep,18,83,true
sep,18,84,true
sep,18,85,true
sep,18,86,true
sep,18,87,true
sep,18,88,true
sep,18,89,true
sep,18,90,true
sep,18,91,true
sep,18,92,true
sep,18,93,true
sep,18,94,true
sep,18,95,true
sep,18,96,true
sep,18,97,true
sep,18,98,true
sep,18,99,true
sep,18,100,true
sep,18,101,true
sep,18,102,true
sep,18,103,true
sep,18,104,true
sep,18,105,true
sep,18,106,true
sep,18,107,true
sep,18,108,true
sep,18,109,true
sep,18,110,true
sep,18,111,true
sep,18,112,true
sep,18,113,true
sep,18,114,true
sep,18,115,true
sep,18,116,true
sep,18,117,true
sep,18,118,true
sep,18,119,true
sep,18,120,true
sep,18,121,true
sep,18,122,true
sep,18,123,true
sep,18,124,true
sep,19,20,true
sep,19,21,true
sep,19,22,true
sep,19,23,true
sep,19,24,true
sep,19,25,true
sep,19,26,true
sep,19,27,true
sep,19,28,true
sep,19,29,true
sep,19,30,true
sep,19,31,true
sep,19,32,true
sep,19,33,true
sep,19,34,true
sep,19,35,true
sep,19,36,true
sep,19,37,true
sep,19,38,true
sep,19,39,true
sep,19,40,true
sep,19,41,true
sep,19,42,true
sep,19,43,true
sep,19,44,true
sep,19,45,true
sep,19,46,true
sep,19,47,true
sep,19,48,true
sep,19,49,true
sep,19,50,true
sep,19,51,true
sep,19,52,true
sep,19,53,true
sep,19,54,true
sep,19,55,true
sep,19,56,true
sep,19,57,true
sep,19,58,true
sep,19,59,true
sep,19,60,true
sep,19,61,true
sep,19,62,true
sep,19,63,true
sep,19,64,true
sep,19,65,true
sep,19,66,true
sep,19,67,true
sep,19,68,true
sep,19,69,true
sep,19,70,true
sep,19,71,true
sep,19,72,true
sep,19,73,true
sep,19,74,true
sep,19,75,true
sep,19,76,true
sep,19,77,true
sep,19,78,true
sep,19,79,true
sep,19,80,true
sep,19,81,true
sep,19,82,true
sep,19,83,true
sep,19,84,true
sep,19,85,true
sep,19,86,true
sep,19,87,true
sep,19,88,true
sep,19,89,true
sep,19,90,true
sep,19,91,true
sep,19,92,true
sep,19,93,true
sep,19,94,true
sep,19,95,true
sep,19,96,true
sep,19,97,true
sep,19,98,true
sep,19,99,true
sep,19,100,true
sep,19,101,true
sep,19,102,true
sep,19,103,true
sep,19,104,true
sep,19,105,true
sep,19,106,true
sep,19,107,true
sep,19,108,true
sep,19,109,true
sep,19,110,true
sep,19,111,true
sep,19,112,true
sep,19,113,true
sep,19,114,true
sep,19,115,true
sep,19,116,true
sep,19,117,true
sep,19,118,true
sep,19,119,true
sep,19,120,true
sep,19,121,true
sep,19,122,true
sep,19,123,true
sep,19,124,true
sep,20,21,true
sep,20,22,true
sep,20,23,true
sep,20,24,true
sep,20,25,true
sep,20,26,true
sep,20,27,true
sep,20,28,true
sep,20,29,true
sep,20,30,true
sep,20,31,true
sep,20,32,true
sep,20,33,true
sep,20,34,true
sep,20,35,true
sep,20,36,true
sep,20,37,true
sep,20,38,true
sep,20,39,true
sep,20,40,true
sep,20,41,true
sep,20,42,true
sep,20,43,true
sep,20,44,true
sep,20,45,true
sep,20,46,true
sep,20,47,true
sep,20,48,true
sep,20,49,true
sep,20,50,true
sep,20,51,true
sep,20,52,true
sep,20,53,true
sep,20,54,true
sep,20,55,true
sep,20,56,true
sep,20,57,true
sep,20,58,true
sep,20,59,true
sep,20,60,true
sep,20,61,true
sep,20,62,true
sep,20,63,true
sep,20,64,true
sep,20,65,true
sep,20,66,true
sep,20,67,true
sep,20,68,true
sep,20,69,true
sep,20,70,true
sep,20,71,true
sep,20,72,true
sep,20,73,true
sep,20,74,true
sep,20,75,true
sep,20,76,true
sep,20,77,true
sep,20,78,true
sep,20,79,true
sep,20,80,true
sep,20,81,true
sep,20,82,true
sep,20,83,true
sep,20,84,true
sep,20,85,true
sep,20,86,true
sep,20,87,true
sep,20,88,true
sep,20,89,true
sep,20,90,true
sep,20,91,true
sep,20,92,true
sep,20,93,true
sep,20,94,true
sep,20,95,true
sep,20,96,true
sep,20,97,true
sep,20,98,true
sep,20,99,true
sep,20,100,true
sep,20,101,true
sep,20,102,true
sep,20,103,true
sep,20,104,true
sep,20,105,true
sep,20,106,true
sep,20,107,true
sep,20,108,true
sep,20,109,true
sep,20,110,true
sep,20,111,true
sep,20,112,true
sep,20,113,true
sep,20,114,true
sep,20,115,true
sep,20,116,true
sep,20,117,true
sep,20,118,true
sep,20,119,true
sep,20,120,true
sep,20,121,true
sep,20,122,true
sep,20,123,true
sep,20,124,true
sep,21,22,true
sep,21,23,true
sep,21,24,true
sep,21,25,true
sep,21,26,true
sep,21,27,true
sep,21,28,true
sep,21,29,true
sep,21,30,true
sep,21,31,true
sep,21,32,true
sep,21,33,true
sep,21,34,true
sep,21,35,true
sep,21,36,true
sep,21,37,true
sep,21,38,true
sep,21,39,true
sep,21,40,true
sep,21,41,true
sep,21,42,true
sep,21,43,true
sep,21,44,true
sep,21,45,true
sep,21,46,true
sep,21,47,true
sep,21,48,true
sep,21,49,true
sep,21,50,true
sep,21,51,true
sep,21,52,true
sep,21,53,true
sep,21,54,true
sep,21,55,true
sep,21,56,true
sep,21,57,true
sep,21,58,true
sep,21,59,true
sep,21,60,true
sep,21,61,true
sep,21,62,true
sep,21,63,true
sep,21,64,true
sep,21,65,true
sep,21,66,true
sep,21,67,true
sep,21,68,true
sep,21,69,true
sep,21,70,true
sep,21,71,true
sep,21,72,true
sep,21,73,true
sep,21,74,true
sep,21,75,true
sep,21,76,true
sep,21,77,true
sep,21,78,true
sep,21,79,true
sep,21,80,true
sep,21,81,true
sep,21,82,true
sep,21,83,true
sep,21,84,true
sep,21,85,true
sep,21,86,true
sep,21,87,true
sep,21,88,true
sep,21,89,true
sep,21,90,true
sep,21,91,true
sep,21,92,true
sep,21,93,true
sep,21,94,true
sep,21,95,true
sep,21,96,true
sep,21,97,true
sep,21,98,true
sep,21,99,true
sep,21,100,true
sep,21,101,true
sep,21,102,true
sep,21,103,true
sep,21,104,true
sep,21,105,true
sep,21,106,true
sep,21,107,true
sep,21,108,true
sep,21,109,true
sep,21,110,true
sep,21,111,true
sep,21,112,true
sep,21,113,true
sep,21,114,true
sep,21,115,true
sep,21,116,true
sep,21,117,true
sep,21,118,true
sep,21,119,true
sep,21,120,true
sep,21,121,true
sep,21,122,true
sep,21,123,true
sep,21,124,true
sep,22,23,true
sep,22,24,true
sep,22,25,true
sep,22,26,true
sep,22,27,true
sep,22,28,true
sep,22,29,true
sep,22,30,true
sep,22,31,true
sep,22,32,true
sep,22,33,true
sep,22,34,true
sep,22,35,true
sep,22,36,true
sep,22,37,true
sep,22,38,true
sep,22,39,true
sep,22,40,true
sep,22,41,true
sep,22,42,true
sep,22,43,true
sep,22,44,true
sep,22,45,true
sep,22,46,true
sep,22,47,true
sep,22,48,true
sep,22,49,true
sep,22,50,true
sep,22,51,true
sep,22,52,true
sep,22,53,true
sep,22,54,true
sep,22,55,true
sep,22,56,true
sep,22,57,true
sep,22,58,true
sep,22,59,true
sep,22,60,true
sep,22,61,true
sep,22,62,true
sep,22,63,true
sep,22,64,true
sep,22,65,true
sep,22,66,true
sep,22,67,true
sep,22,68,true
sep,22,69,true
sep,22,70,true
sep,22,71,true
sep,22,72,true
sep,22,73,true
sep,22,74,true
sep,22,75,true
sep,22,76,true
sep,22,77,true
sep,22,78,true
sep,22,79,true
sep,22,80,true
sep,22,81,true
sep,22,82,true
sep,22,83,true
sep,22,84,true
sep,22,85,true
sep,22,86,true
sep,22,87,true
sep,22,88,true
sep,22,89,true
sep,22,90,true
sep,22,91,true
sep,22,92,true
sep,22,93,true
sep,22,94,true
sep,22,95,true
sep,22,96,true
sep,22,97,true
sep,22,98,true
sep,22,99,true
sep,22,100,true
sep,22,101,true
sep,22,102,true
sep,22,103,true
sep,22,104,true
sep,22,105,true
sep,22,106,true
sep,22,107,true
sep,22,108,true
sep,22,109,true
sep,22,110,true
sep,22,111,true
sep,22,112,true
sep,22,113,true
sep,22,114,true
sep,22,115,true
sep,22,116,true
sep,22,117,true
sep,22,118,true
sep,22,119,true
sep,22,120,true
sep,22,121,true
sep,22,122,true
sep,22,123,true
sep,22,124,true
sep,23,24,true
sep,23,25,true
sep,23,26,true
sep,23,27,true
sep,23,28,true
sep,23,29,true
sep,23,30,true
sep,23,31,true
sep,23,32,true
sep,23,33,true
sep,23,34,true
sep,23,35,true
sep,23,36,true
sep,23,37,true
sep,23,38,true
sep,23,39,true
sep,23,40,true
sep,23,41,true
sep,23,42,true
sep,23,43,true
sep,23,44,true
sep,23,45,true
sep,23,46,true
sep,23,47,true
sep,23,48,true
sep,23,49,true
sep,23,50,true
sep,23,51,true
sep,23,52,true
sep,23,53,true
sep,23,54,true
sep,23,55,true
sep,23,56,true
sep,23,57,true
sep,23,58,true
sep,23,59,true
sep,23,60,true
sep,23,61,true
sep,23,62,true
sep,23,63,true
sep,23,64,true
sep,23,65,true
sep,23,66,true
sep,23,67,true
sep,23,68,true
sep,23,69,true
sep,23,70,true
sep,23,71,true
sep,23,72,true
sep,23,73,true
sep,23,74,true
sep,23,75,true
sep,23,76,true
sep,23,77,true
sep,23,78,true
sep,23,79,true
sep,23,80,true
sep,23,81,true
sep,23,82,true
sep,23,83,true
sep,23,84,true
sep,23,85,true
sep,23,86,true
sep,23,87,true
sep,23,88,true
sep,23,89,true
sep,23,90,true
sep,23,91,true
sep,23,92,true
sep,23,93,true
sep,23,94,true
sep,23,95,true
sep,23,96,true
sep,23,97,true
sep,23,98,true
sep,23,99,true
sep,23,100,true
sep,23,101,true
sep,23,102,true
sep,23,103,true
sep,23,104,true
sep,23,105,true
sep,23,106,true
sep,23,107,true
sep,23,108,true
sep,23,109,true
sep,23,110,true
sep,23,111,true
sep,23,112,true
sep,23,113,true
sep,23,114,true
sep,23,115,true
sep,23,116,true
sep,23,117,true
sep,23,118,true
sep,23,119,true
sep,23,120,true
sep,23,121,true
sep,23,122,true
sep,23,123,true
sep,23,124,true
sep,24,25,true
sep,24,26,true
sep,24,27,true
sep,24,28,true
sep,24,29,true
sep,24,30,true
sep,24,31,true
sep,24,32,true
sep,24,33,true
sep,24,34,true
sep,24,35,true
sep,24,36,true
sep,24,37,true
sep,24,38,true
sep,24,39,true
sep,24,40,true
sep,24,41,true
sep,24,42,true
sep,24,43,true
sep,24,44,true
sep,24,45,true
sep,24,46,true
sep,24,47,true
sep,24,48,true
sep,24,49,true
sep,24,50,true
sep,24,51,true
sep,24,52,true
sep,24,53,true
sep,24,54,true
sep,24,55,true
sep,24,56,true
sep,24,57,true
sep,24,58,true
sep,24,59,true
sep,24,60,true
sep,24,61,true
sep,24,62,true
sep,24,63,true
sep,24,64,true
sep,24,65,true
sep,24,66,true
sep,24,67,true
sep,24,68,true
sep,24,69,true
sep,24,70,true
sep,24,71,true
sep,24,72,true
sep,24,73,true
sep,24,74,true
sep,24,75,true
sep,24,76,true
sep,24,77,true
sep,24,78,true
sep,24,79,true
sep,24,80,true
sep,24,81,true
sep,24,82,true
sep,24,83,true
sep,24,84,true
sep,24,85,true
sep,24,86,true
sep,24,87,true
sep,24,88,true
sep,24,89,true
sep,24,90,true
sep,24,91,true
sep,24,92,true
sep,24,93,true
sep,24,94,true
sep,24,95,true
sep,24,96,true
sep,24,97,true
sep,24,98,true
sep,24,99,true
sep,24,100,true
sep,24,101,true
sep,24,102,true
sep,24,103,true
sep,24,104,true
sep,24,105,true
sep,24,106,true
sep,24,107,true
sep,24,108,true
sep,24,109,true
sep,24,110,true
sep,24,111,true
sep,24,112,true
sep,24,113,true
sep,24,114,true
sep,24,115,true
sep,24,116,true
sep,24,117,true
sep,24,118,true
sep,24,119,true
sep,24,120,true
sep,24,121,true
sep,24,122,true
sep,24,123,true
sep,24,124,true
sep,25,26,true
sep,25,27,true
sep,25,28,true
sep,25,29,true
sep,25,30,true
sep,25,31,true
sep,25,32,true
sep,25,33,true
sep,25,34,true
sep,25,35,true
sep,25,36,true
sep,25,37,true
sep,25,38,true
sep,25,39,true
sep,25,40,true
sep,25,41,true
sep,25,42,true
sep,25,43,true
sep,25,44,true
sep,25,45,true
sep,25,46,true
sep,25,47,true
sep,25,48,true
sep,25,49,true
sep,25,50,true
sep,25,51,true
sep,25,52,true
sep,25,53,true
sep,25,54,true
sep,25,55,true
sep,25,56,true
sep,25,57,true
sep,25,58,true
sep,25,59,true
sep,25,60,true
sep,25,61,true
sep,25,62,true
sep,25,63,true
sep,25,64,true
sep,25,65,true
sep,25,66,true
sep,25,67,true
sep,25,68,true
sep,25,69,true
sep,25,70,true
sep,25,71,true
sep,25,72,true
sep,25,73,true
sep,25,74,true
sep,25,75,true
sep,25,76,true
sep,25,77,true
sep,25,78,true
sep,25,79,true
sep,25,80,true
sep,25,81,true
sep,25,82,true
sep,25,83,true
sep,25,84,true
sep,25,85,true
sep,25,86,true
sep,25,87,true
sep,25,88,true
sep,25,89,true
sep,25,90,true
sep,25,91,true
sep,25,92,true
sep,25,93,true
sep,25,94,true
sep,25,95,true
sep,25,96,true
sep,25,97,true
sep,25,98,true
sep,25,99,true
sep,25,100,true
sep,25,101,true
sep,25,102,true
sep,25,103,true
sep,25,104,true
sep,25,105,true
sep,25,106,true
sep,25,107,true
sep,25,108,true
sep,25,109,true
sep,25,110,true
sep,25,111,true
sep,25,112,true
sep,25,113,true
sep,25,114,true
sep,25,115,true
sep,25,116,true
sep,25,117,true
sep,25,118,true
sep,25,119,true
sep,25,120,true
sep,25,121,true
sep,25,122,true
sep,25,123,true
sep,25,124,true
sep,26,27,true
sep,26,28,true
sep,26,29,true
sep,26,30,true
sep,26,31,true
sep,26,32,true
sep,26,33,true
sep,26,34,true
sep,26,35,true
sep,26,36,true
sep,26,37,true
sep,26,38,true
sep,26,39,true
sep,26,40,true
sep,26,41,true
sep,26,42,true
sep,26,43,true
sep,26,44,true
sep,26,45,true
sep,26,46,true
sep,26,47,true
sep,26,48,true
sep,26,49,true
sep,26,50,true
sep,26,51,true
sep,26,52,true
sep,26,53,true
sep,26,54,true
sep,26,55,true
sep,26,56,true
sep,26,57,true
sep,26,58,true
sep,26,59,true
sep,26,60,true
sep,26,61,true
sep,26,62,true
sep,26,63,true
sep,26,64,true
sep,26,65,true
sep,26,66,true
sep,26,67,true
sep,26,68,true
sep,26,69,true
sep,26,70,true
sep,26,71,true
sep,26,72,true
sep,26,73,true
sep,26,74,true
sep,26,75,true
sep,26,76,true
sep,26,77,true
sep,26,78,true
sep,26,79,true
sep,26,80,true
sep,26,81,true
sep,26,82,true
sep,26,83,true
sep,26,84,true
sep,26,85,true
sep,26,86,true
sep,26,87,true
sep,26,88,true
sep,26,89,true
sep,26,90,true
sep,26,91,true
sep,26,92,true
sep,26,93,true
sep,26,94,true
sep,26,95,true
sep,26,96,true
sep,26,97,true
sep,26,98,true
sep,26,99,true
sep,26,100,true
sep,26,101,true
sep,26,102,true
sep,26,103,true
sep,26,104,true
sep,26,105,true
sep,26,106,true
sep,26,107,true
sep,26,108,true
sep,26,109,true
sep,26,110,true
sep,26,111,true
sep,26,112,true
sep,26,113,true
sep,26,114,true
sep,26,115,true
sep,26,116,true
sep,26,117,true
sep,26,118,true
sep,26,119,true
sep,26,120,true
sep,26,121,true
sep,26,122,true
sep,26,123,true
sep,26,124,true
sep,27,28,true
sep,27,29,true
sep,27,30,true
sep,27,31,true
sep,27,32,true
sep,27,33,true
sep,27,34,true
sep,27,35,true
sep,27,36,true
sep,27,37,true
sep,27,38,true
sep,27,39,true
sep,27,40,true
sep,27,41,true
sep,27,42,true
sep,27,43,true
sep,27,44,true
sep,27,45,true
sep,27,46,true
sep,27,47,true
sep,27,48,true
sep,27,49,true
sep,27,50,true
sep,27,51,true
sep,27,52,true
sep,27,53,true
sep,27,54,true
sep,27,55,true
sep,27,56,true
sep,27,57,true
sep,27,58,true
sep,27,59,true
sep,27,60,true
sep,27,61,true
sep,27,62,true
sep,27,63,true
sep,27,64,true
sep,27,65,true
sep,27,66,true
sep,27,67,true
sep,27,68,true
sep,27,69,true
sep,27,70,true
sep,27,71,true
sep,27,72,true
sep,27,73,true
sep,27,74,true
sep,27,75,true
sep,27,76,true
sep,27,77,true
sep,27,78,true
sep,27,79,true
sep,27,80,true
sep,27,81,true
sep,27,82,true
sep,27,83,true
sep,27,84,true
sep,27,85,true
sep,27,86,true
sep,27,87,true
sep,27,88,true
sep,27,89,true
sep,27,90,true
sep,27,91,true
sep,27,92,true
sep,27,93,true
sep,27,94,true
sep,27,95,true
sep,27,96,true
sep,27,97,true
sep,27,98,true
sep,27,99,true
sep,27,100,true
sep,27,101,true
sep,27,102,true
sep,27,103,true
sep,27,104,true
sep,27,105,true
sep,27,106,true
sep,27,107,true
sep,27,108,true
sep,27,109,true
sep,27,110,true
sep,27,111,true
sep,27,112,true
sep,27,113,true
sep,27,114,true
sep,27,115,true
sep,27,116,true
sep,27,117,true
sep,27,118,true
sep,27,119,true
sep,27,120,true
sep,27,121,true
sep,27,122,true
sep,27,123,true
sep,27,124,true
sep,28,29,true
sep,28,30,true
sep,28,31,true
sep,28,32,true
sep,28,33,true
sep,28,34,true
sep,28,35,true
sep,28,36,true
sep,28,37,true
sep,28,38,true
sep,28,39,true
sep,28,40,true
sep,28,41,true
sep,28,42,true
sep,28,43,true
sep,28,44,true
sep,28,45,true
sep,28,46,true
sep,28,47,true
sep,28,48,true
sep,28,49,true
sep,28,50,true
sep,28,51,true
sep,28,52,true
sep,28,53,true
sep,28,54,true
sep,28,55,true
sep,28,56,true
sep,28,57,true
sep,28,58,true
sep,28,59,true
sep,28,60,true
sep,28,61,true
sep,28,62,true
sep,28,63,true
sep,28,64,true
sep,28,65,true
sep,28,66,true
sep,28,67,true
sep,28,68,true
sep,28,69,true
sep,28,70,true
sep,28,71,true
sep,28,72,true
sep,28,73,true
sep,28,74,true
sep,28,75,true
sep,28,76,true
sep,28,77,true
sep,28,78,true
sep,28,79,true
sep,28,80,true
sep,28,81,true
sep,28,82,true
sep,28,83,true
sep,28,84,true
sep,28,85,true
sep,28,86,true
sep,28,87,true
sep,28,88,true
sep,28,89,true
sep,28,90,true
sep,28,91,true
sep,28,92,true
sep,28,93,true
sep,28,94,true
sep,28,95,true
sep,28,96,true
sep,28,97,true
sep,28,98,true
sep,28,99,true
sep,28,100,true
sep,28,101,true
sep,28,102,true
sep,28,103,true
sep,28,104,true
sep,28,105,true
sep,28,106,true
sep,28,107,true
sep,28,108,true
sep,28,109,true
sep,28,110,true
sep,28,111,true
sep,28,112,true
sep,28,113,true
sep,28,114,true
sep,28,115,true
sep,28,116,true
sep,28,117,true
sep,28,118,true
sep,28,119,true
sep,28,120,true
sep,28,121,true
sep,28,122,true
sep,28,123,true
sep,28,124,true
sep,29,30,true
sep,29,31,true
sep,29,32,true
sep,29,33,true
sep,29,34,true
sep,29,35,true
sep,29,36,true
sep,29,37,true
sep,29,38,true
sep,29,39,true
sep,29,40,true
sep,29,41,true
sep,29,42,true
sep,29,43,true
sep,29,44,true
sep,29,45,true
sep,29,46,true
sep,29,47,true
sep,29,48,true
sep,29,49,true
sep,29,50,true
sep,29,51,true
sep,29,52,true
sep,29,53,true
sep,29,54,true
sep,29,55,true
sep,29,56,true
sep,29,57,true
sep,29,58,true
sep,29,59,true
sep,29,60,true
sep,29,61,true
sep,29,62,true
sep,29,63,true
sep,29,64,true
sep,29,65,true
sep,29,66,true
sep,29,67,true
sep,29,68,true
sep,29,69,true
sep,29,70,true
sep,29,71,true
sep,29,72,true
sep,29,73,true
sep,29,74,true
sep,29,75,true
sep,29,76,true
sep,29,77,true
sep,29,78,true
sep,29,79,true
sep,29,80,true
sep,29,81,true
sep,29,82,true
sep,29,83,true
sep,29,84,true
sep,29,85,true
sep,29,86,true
sep,29,87,true
sep,29,88,true
sep,29,89,true
sep,29,90,true
sep,29,91,true
sep,29,92,true
sep,29,93,true
sep,29,94,true
sep,29,95,true
sep,29,96,true
sep,29,97,true
sep,29,98,true
sep,29,99,true
sep,29,100,true
sep,29,101,true
sep,29,102,true
sep,29,103,true
sep,29,104,true
sep,29,105,true
sep,29,106,true
sep,29,107,true
sep,29,108,true
sep,29,109,true
sep,29,110,true
sep,29,111,true
sep,29,112,true
sep,29,113,true
sep,29,114,true
sep,29,115,true
sep,29,116,true
sep,29,117,true
sep,29,118,true
sep,29,119,true
sep,29,120,true
sep,29,121,true
sep,29,122,true
sep,29,123,true
sep,29,124,true
sep,30,31,true
sep,30,32,true
sep,30,33,true
sep,30,34,true
sep,30,35,true
sep,30,36,true
sep,30,37,true
sep,30,38,true
sep,30,39,true
sep,30,40,true
sep,30,41,true
sep,30,42,true
sep,30,43,true
sep,30,44,true
sep,30,45,true
sep,30,46,true
sep,30,47,true
sep,30,48,true
sep,30,49,true
sep,30,50,true
sep,30,51,true
sep,30,52,true
sep,30,53,true
sep,30,54,true
sep,30,55,true
sep,30,56,true
sep,30,57,true
sep,30,58,true
sep,30,59,true
sep,30,60,true
sep,30,61,true
sep,30,62,true
sep,30,63,true
sep,30,64,true
sep,30,65,true
sep,30,66,true
sep,30,67,true
sep,30,68,true
sep,30,69,true
sep,30,70,true
sep,30,71,true
sep,30,72,true
sep,30,73,true
sep,30,74,true
sep,30,75,true
sep,30,76,true
sep,30,77,true
sep,30,78,true
sep,30,79,true
sep,30,80,true
sep,30,81,true
sep,30,82,true
sep,30,83,true
sep,30,84,true
sep,30,85,true
sep,30,86,true
sep,30,87,true
sep,30,88,true
sep,30,89,true
sep,30,90,true
sep,30,91,true
sep,30,92,true
sep,30,93,true
sep,30,94,false
sep,30,95,true
sep,30,96,true
sep,30,97,true
sep,30,98,true
sep,30,99,true
sep,30,100,true
sep,30,101,true
sep,30,102,true
sep,30,103,true
sep,30,104,true
sep,30,105,true
sep,30,106,true
sep,30,107,true
sep,30,108,true
sep,30,109,true
sep,30,110,true
sep,30,111,true
sep,30,112,true
sep,30,113,true
sep,30,114,true
sep,30,115,true
sep,30,116,true
sep,30,117,true
sep,30,118,true
sep,30,119,true
sep,30,120,true
sep,30,121,true
sep,30,122,true
sep,30,123,true
sep,30,124,true
sep,31,32,true
sep,31,33,true
sep,31,34,true
sep,31,35,true
sep,31,36,true
sep,31,37,true
sep,31,38,true
sep,31,39,true
sep,31,40,true
sep,31,41,true
sep,31,42,true
sep,31,43,true
sep,31,44,true
sep,31,45,true
sep,31,46,true
sep,31,47,true
sep,31,48,true
sep,31,49,true
sep,31,50,true
sep,31,51,true
sep,31,52,true
sep,31,53,true
sep,31,54,true
sep,31,55,true
sep,31,56,true
sep,31,57,true
sep,31,58,true
sep,31,59,true
sep,31,60,true
sep,31,61,true
sep,31,62,true
sep,31,63,true
sep,31,64,true
sep,31,65,true
sep,31,66,true
sep,31,67,true
sep,31,68,true
sep,31,69,true
sep,31,70,true
sep,31,71,true
sep,31,72,true
sep,31,73,true
sep,31,74,true
sep,31,75,true
sep,31,76,true
sep,31,77,true
sep,31,78,true
sep,31,79,true
sep,31,80,true
sep,31,81,true
sep,31,82,true
sep,31,83,true
sep,31,84,true
sep,31,85,true
sep,31,86,true
sep,31,87,true
sep,31,88,true
sep,31,89,true
sep,31,90,true
sep,31,91,true
sep,31,92,true
sep,31,93,true
sep,31,94,true
sep,31,95,true
sep,31,96,true
sep,31,97,true
sep,31,98,true
sep,31,99,true
sep,31,100,true
sep,31,101,true
sep,31,102,true
sep,31,103,true
sep,31,104,true
sep,31,105,true
sep,31,106,true
sep,31,107,true
sep,31,108,true
sep,31,109,true
sep,31,110,true
sep,31,111,true
sep,31,112,true
sep,31,113,true
sep,31,114,true
sep,31,115,true
sep,31,116,true
sep,31,117,true
sep,31,118,true
sep,31,119,true
sep,31,120,true
sep,31,121,true
sep,31,122,true
sep,31,123,true
sep,31,124,true
sep,32,33,true
sep,32,34,true
sep,32,35,true
sep,32,36,true
sep,32,37,true
sep,32,38,true
sep,32,39,true
sep,32,40,true
sep,32,41,true
sep,32,42,true
sep,32,43,true
sep,32,44,true
sep,32,45,true
sep,32,46,true
sep,32,47,true
sep,32,48,true
sep,32,49,true
sep,32,50,true
sep,32,51,true
sep,32,52,true
sep,32,53,true
sep,32,54,true
sep,32,55,true
sep,32,56,true
sep,32,57,true
sep,32,58,true
sep,32,59,true
sep,32,60,true
sep,32,61,true
sep,32,62,true
sep,32,63,true
sep,32,64,true
sep,32,65,true
sep,32,66,true
sep,32,67,true
sep,32,68,true
sep,32,69,true
sep,32,70,true
sep,32,71,true
sep,32,72,true
sep,32,73,true
sep,32,74,true
sep,32,75,true
sep,32,76,true
sep,32,77,true
sep,32,78,true
sep,32,79,true
sep,32,80,true
sep,32,81,true
sep,32,82,true
sep,32,83,true
sep,32,84,true
sep,32,85,true
sep,32,86,true
sep,32,87,true
sep,32,88,true
sep,32,89,true
sep,32,90,true
sep,32,91,true
sep,32,92,true
sep,32,93,true
sep,32,94,true
sep,32,95,true
sep,32,96,true
sep,32,97,true
sep,32,98,true
sep,32,99,true
sep,32,100,true
sep,32,101,true
sep,32,102,true
sep,32,103,true
sep,32,104,true
sep,32,105,true
sep,32,106,true
sep,32,107,true
sep,32,108,true
sep,32,109,true
sep,32,110,true
sep,32,111,true
sep,32,112,true
sep,32,113,true
sep,32,114,true
sep,32,115,true
sep,32,116,true
sep,32,117,true
sep,32,118,true
sep,32,119,true
sep,32,120,true
sep,32,121,true
sep,32,122,true
sep,32,123,true
sep,32,124,true
sep,33,34,true
sep,33,35,true
sep,33,36,true
sep,33,37,true
sep,33,38,true
sep,33,39,true
sep,33,40,true
sep,33,41,true
sep,33,42,true
sep,33,43,true
sep,33,44,true
sep,33,45,true
sep,33,46,true
sep,33,47,true
sep,33,48,true
sep,33,49,true
sep,33,50,true
sep,33,51,true
sep,33,52,true
sep,33,53,true
sep,33,54,true
sep,33,55,true
sep,33,56,true
sep,33,57,true
sep,33,58,true
sep,33,59,true
sep,33,60,true
sep,33,61,true
sep,33,62,true
sep,33,63,true
sep,33,64,true
sep,33,65,true
sep,33,66,true
sep,33,67,true
sep,33,68,true
sep,33,69,true
sep,33,70,true
sep,33,71,true
sep,33,72,true
sep,33,73,true
sep,33,74,true
sep,33,75,true
sep,33,76,true
sep,33,77,true
sep,33,78,true
sep,33,79,true
sep,33,80,true
sep,33,81,true
sep,33,82,true
sep,33,83,true
sep,33,84,true
sep,33,85,true
sep,33,86,true
sep,33,87,true
sep,33,88,true
sep,33,89,true
sep,33,90,true
sep,33,91,true
sep,33,92,true
sep,33,93,true
sep,33,94,true
sep,33,95,true
sep,33,96,true
sep,33,97,true
sep,33,98,true
sep,33,99,true
sep,33,100,true
sep,33,101,true
sep,33,102,true
sep,33,103,true
sep,33,104,true
sep,33,105,true
sep,33,106,true
sep,33,107,true
sep,33,108,true
sep,33,109,true
sep,33,110,true
sep,33,111,true
sep,33,112,true
sep,33,113,true
sep,33,114,true
sep,33,115,true
sep,33,116,true
sep,33,117,true
sep,33,118,true
sep,33,119,true
sep,33,120,true
sep,33,121,true
sep,33,122,true
sep,33,123,true
sep,33,124,true
sep,34,35,true
sep,34,36,true
sep,34,37,true
sep,34,38,true
sep,34,39,true
sep,34,40,true
sep,34,41,true
sep,34,42,true
sep,34,43,true
sep,34,44,true
sep,34,45,true
sep,34,46,true
sep,34,47,true
sep,34,48,true
sep,34,49,true
sep,34,50,true
sep,34,51,true
sep,34,52,true
sep,34,53,true
sep,34,54,true
sep,34,55,true
sep,34,56,true
sep,34,57,true
sep,34,58,true
sep,34,59,true
sep,34,60,true
sep,34,61,true
sep,34,62,true
sep,34,63,true
sep,34,64,true
sep,34,65,true
sep,34,66,true
sep,34,67,true
sep,34,68,true
sep,34,69,true
sep,34,70,true
sep,34,71,true
sep,34,72,true
sep,34,73,true
sep,34,74,true
sep,34,75,true
sep,34,76,true
sep,34,77,true
sep,34,78,true
sep,34,79,true
sep,34,80,true
sep,34,81,true
sep,34,82,true
sep,34,83,true
sep,34,84,true
sep,34,85,true
sep,34,86,true
sep,34,87,true
sep,34,88,true
sep,34,89,true
sep,34,90,true
sep,34,91,true
sep,34,92,true
sep,34,93,true
sep,34,94,true
sep,34,95,true
sep,34,96,true
sep,34,97,true
sep,34,98,true
sep,34,99,true
sep,34,100,true
sep,34,101,true
sep,34,102,true
sep,34,103,true
sep,34,104,true
sep,34,105,true
sep,34,106,true
sep,34,107,true
sep,34,108,true
sep,34,109,true
sep,34,110,true
sep,34,111,true
sep,34,112,true
sep,34,113,true
sep,34,114,true
sep,34,115,true
sep,34,116,true
sep,34,117,true
sep,34,118,true
sep,34,119,true
sep,34,120,true
sep,34,121,true
sep,34,122,true
sep,34,123,true
sep,34,124,true
sep,35,36,true
sep,35,37,true
sep,35,38,true
sep,35,39,true
sep,35,40,true
sep,35,41,false
sep,35,42,true
sep,35,43,true
sep,35,44,true
sep,35,45,true
sep,35,46,true
sep,35,47,true
sep,35,48,true
sep,35,49,true
sep,35,50,true
sep,35,51,true
sep,35,52,true
sep,35,53,true
sep,35,54,true
sep,35,55,true
sep,35,56,true
sep,35,57,true
sep,35,58,true
sep,35,59,true
sep,35,60,true
sep,35,61,true
sep,35,62,true
sep,35,63,true
sep,35,64,true
sep,35,65,true
sep,35,66,true
sep,35,67,true
sep,35,68,true
sep,35,69,true
sep,35,70,true
sep,35,71,true
sep,35,72,true
sep,35,73,true
sep,35,74,true
sep,35,75,true
sep,35,76,true
sep,35,77,true
sep,35,78,true
sep,35,79,true
sep,35,80,true
sep,35,81,true
sep,35,82,true
sep,35,83,true
sep,35,84,true
sep,35,85,true
sep,35,86,true
sep,35,87,true
sep,35,88,true
sep,35,89,true
sep,35,90,true
sep,35,91,true
sep,35,92,true
sep,35,93,false
sep,35,94,true
sep,35,95,true
sep,35,96,true
sep,35,97,true
sep,35,98,true
sep,35,99,true
sep,35,100,true
sep,35,101,true
sep,35,102,true
sep,35,103,true
sep,35,104,true
sep,35,105,true
sep,35,106,true
sep,35,107,true
sep,35,108,true
sep,35,109,true
sep,35,110,true
sep,35,111,true
sep,35,112,true
sep,35,113,true
sep,35,114,true
sep,35,115,true
sep,35,116,true
sep,35,117,true
sep,35,118,true
sep,35,119,true
sep,35,120,true
sep,35,121,true
sep,35,122,true
sep,35,123,true
sep,35,124,true
sep,36,37,true
sep,36,38,true
sep,36,39,true
sep,36,40,true
sep,36,41,true
sep,36,42,true
sep,36,43,true
sep,36,44,true
sep,36,45,true
sep,36,46,true
sep,36,47,true
sep,36,48,true
sep,36,49,true
sep,36,50,true
sep,36,51,true
sep,36,52,true
sep,36,53,true
sep,36,54,true
sep,36,55,true
sep,36,56,true
sep,36,57,true
sep,36,58,true
sep,36,59,true
sep,36,60,true
sep,36,61,true
sep,36,62,true
sep,36,63,true
sep,36,64,true
sep,36,65,true
sep,36,66,true
sep,36,67,true
sep,36,68,true
sep,36,69,true
sep,36,70,true
sep,36,71,true
sep,36,72,true
sep,36,73,true
sep,36,74,true
sep,36,75,true
sep,36,76,true
sep,36,77,true
sep,36,78,true
sep,36,79,true
sep,36,80,true
sep,36,81,true
sep,36,82,true
sep,36,83,true
sep,36,84,true
sep,36,85,true
sep,36,86,true
sep,36,87,true
sep,36,88,true
sep,36,89,true
sep,36,90,true
sep,36,91,true
sep,36,92,true
sep,36,93,true
sep,36,94,true
sep,36,95,true
sep,36,96,true
sep,36,97,true
sep,36,98,true
sep,36,99,true
sep,36,100,true
sep,36,101,true
sep,36,102,true
sep,36,103,true
sep,36,104,true
sep,36,105,true
sep,36,106,true
sep,36,107,true
sep,36,108,true
sep,36,109,true
sep,36,110,true
sep,36,111,true
sep,36,112,true
sep,36,113,true
sep,36,114,true
sep,36,115,true
sep,36,116,true
sep,36,117,true
sep,36,118,true
sep,36,119,true
sep,36,120,true
sep,36,121,true
sep,36,122,true
sep,36,123,true
sep,36,124,true
sep,37,38,true
sep,37,39,true
sep,37,40,true
sep,37,41,true
sep,37,42,true
sep,37,43,true
sep,37,44,true
sep,37,45,true
sep,37,46,true
sep,37,47,true
sep,37,48,true
sep,37,49,true
sep,37,50,true
sep,37,51,true
sep,37,52,true
sep,37,53,true
sep,37,54,true
sep,37,55,true
sep,37,56,true
sep,37,57,true
sep,37,58,true
sep,37,59,true
sep,37,60,true
sep,37,61,true
sep,37,62,true
sep,37,63,true
sep,37,64,true
sep,37,65,true
sep,37,66,true
sep,37,67,true
sep,37,68,true
sep,37,69,true
sep,37,70,true
sep,37,71,true
sep,37,72,true
sep,37,73,true
sep,37,74,true
sep,37,75,true
sep,37,76,true
sep,37,77,true
sep,37,78,true
sep,37,79,true
sep,37,80,true
sep,37,81,true
sep,37,82,true
sep,37,83,true
sep,37,84,true
sep,37,85,true
sep,37,86,true
sep,37,87,true
sep,37,88,true
sep,37,89,true
sep,37,90,true
sep,37,91,true
sep,37,92,true
sep,37,93,true
sep,37,94,true
sep,37,95,true
sep,37,96,true
sep,37,97,true
sep,37,98,true
sep,37,99,true
sep,37,100,true
sep,37,101,true
sep,37,102,true
sep,37,103,true
sep,37,104,true
sep,37,105,true
sep,37,106,true
sep,37,107,true
sep,37,108,true
sep,37,109,true
sep,37,110,true
sep,37,111,true
sep,37,112,true
sep,37,113,true
sep,37,114,true
sep,37,115,true
sep,37,116,true
sep,37,117,true
sep,37,118,true
sep,37,119,true
sep,37,120,true
sep,37,121,true
sep,37,122,true
sep,37,123,true
sep,37,124,true
sep,38,39,true
sep,38,40,true
sep,38,41,true
sep,38,42,true
sep,38,43,true
sep,38,44,true
sep,38,45,true
sep,38,46,true
sep,38,47,true
sep,38,48,true
sep,38,49,true
sep,38,50,true
sep,38,51,true
sep,38,52,true
sep,38,53,true
sep,38,54,true
sep,38,55,true
sep,38,56,true
sep,38,57,true
sep,38,58,true
sep,38,59,true
sep,38,60,true
sep,38,61,true
sep,38,62,true
sep,38,63,true
sep,38,64,true
sep,38,65,true
sep,38,66,true
sep,38,67,true
sep,38,68,true
sep,38,69,true
sep,38,70,true
sep,38,71,true
sep,38,72,true
sep,38,73,true
sep,38,74,true
sep,38,75,true
sep,38,76,true
sep,38,77,true
sep,38,78,true
sep,38,79,true
sep,38,80,true
sep,38,81,true
sep,38,82,true
sep,38,83,true
sep,38,84,true
sep,38,85,true
sep,38,86,true
sep,38,87,true
sep,38,88,true
sep,38,89,true
sep,38,90,true
sep,38,91,true
sep,38,92,true
sep,38,93,true
sep,38,94,true
sep,38,95,true
sep,38,96,true
sep,38,97,true
sep,38,98,true
sep,38,99,true
sep,38,100,true
sep,38,101,true
sep,38,102,true
sep,38,103,true
sep,38,104,true
sep,38,105,true
sep,38,106,true
sep,38,107,true
sep,38,108,true
sep,38,109,true
sep,38,110,true
sep,38,111,true
sep,38,112,true
sep,38,113,true
sep,38,114,true
sep,38,115,true
sep,38,116,true
sep,38,117,true
sep,38,118,true
sep,38,119,true
sep,38,120,true
sep,38,121,true
sep,38,122,true
sep,38,123,true
sep,38,124,true
sep,39,40,true
sep,39,41,true
sep,39,42,true
sep,39,43,true
sep,39,44,true
sep,39,45,true
sep,39,46,true
sep,39,47,true
sep,39,48,true
sep,39,49,true
sep,39,50,true
sep,39,51,true
sep,39,52,true
sep,39,53,true
sep,39,54,true
sep,39,55,true
sep,39,56,true
sep,39,57,true
sep,39,58,true
sep,39,59,true
sep,39,60,true
sep,39,61,true
sep,39,62,true
sep,39,63,true
sep,39,64,true
sep,39,65,true
sep,39,66,true
sep,39,67,true
sep,39,68,true
sep,39,69,true
sep,39,70,true
sep,39,71,true
sep,39,72,true
sep,39,73,true
sep,39,74,true
sep,39,75,true
sep,39,76,true
sep,39,77,true
sep,39,78,true
sep,39,79,true
sep,39,80,true
sep,39,81,true
sep,39,82,true
sep,39,83,true
sep,39,84,true
sep,39,85,true
sep,39,86,true
sep,39,87,true
sep,39,88,true
sep,39,89,true
sep,39,90,true
sep,39,91,true
sep,39,92,true
sep,39,93,true
sep,39,94,true
sep,39,95,true
sep,39,96,true
sep,39,97,true
sep,39,98,true
sep,39,99,true
sep,39,100,true
sep,39,101,true
sep,39,102,true
sep,39,103,true
sep,39,104,true
sep,39,105,true
sep,39,106,true
sep,39,107,true
sep,39,108,true
sep,39,109,true
sep,39,110,true
sep,39,111,true
sep,39,112,true
sep,39,113,true
sep,39,114,true
sep,39,115,true
sep,39,116,true
sep,39,117,true
sep,39,118,true
sep,39,119,true
sep,39,120,true
sep,39,121,true
sep,39,122,true
sep,39,123,true
sep,39,124,true
sep,40,41,true
sep,40,42,true
sep,40,43,true
sep,40,44,true
sep,40,45,true
sep,40,46,true
sep,40,47,true
sep,40,48,true
sep,40,49,true
sep,40,50,true
sep,40,51,true
sep,40,52,true
sep,40,53,true
sep,40,54,true
sep,40,55,true
sep,40,56,true
sep,40,57,true
sep,40,58,true
sep,40,59,true
sep,40,60,true
sep,40,61,true
sep,40,62,true
sep,40,63,true
sep,40,64,true
sep,40,65,true
sep,40,66,true
sep,40,67,true
sep,40,68,true
sep,40,69,true
sep,40,70,true
sep,40,71,true
sep,40,72,true
sep,40,73,true
sep,40,74,true
sep,40,75,true
sep,40,76,true
sep,40,77,true
sep,40,78,true
sep,40,79,true
sep,40,80,true
sep,40,81,true
sep,40,82,true
sep,40,83,true
sep,40,84,true
sep,40,85,true
sep,40,86,true
sep,40,87,true
sep,40,88,true
sep,40,89,true
sep,40,90,true
sep,40,91,true
sep,40,92,true
sep,40,93,true
sep,40,94,true
sep,40,95,true
sep,40,96,true
sep,40,97,true
sep,40,98,true
sep,40,99,true
sep,40,100,true
sep,40,101,true
sep,40,102,true
sep,40,103,true
sep,40,104,true
sep,40,105,true
sep,40,106,true
sep,40,107,true
sep,40,108,true
sep,40,109,true
sep,40,110,true
sep,40,111,true
sep,40,112,true
sep,40,113,true
sep,40,114,true
sep,40,115,true
sep,40,116,true
sep,40,117,true
sep,40,118,true
sep,40,119,true
sep,40,120,true
sep,40,121,true
sep,40,122,true
sep,40,123,true
sep,40,124,true
sep,41,42,true
sep,41,43,true
sep,41,44,true
sep,41,45,true
sep,41,46,true
sep,41,47,true
sep,41,48,true
sep,41,49,true
sep,41,50,true
sep,41,51,true
sep,41,52,true
sep,41,53,true
sep,41,54,true
sep,41,55,true
sep,41,56,true
sep,41,57,true
sep,41,58,true
sep,41,59,true
sep,41,60,true
sep,41,61,true
sep,41,62,true
sep,41,63,true
sep,41,64,true
sep,41,65,true
sep,41,66,true
sep,41,67,true
sep,41,68,true
sep,41,69,true
sep,41,70,true
sep,41,71,true
sep,41,72,true
sep,41,73,true
sep,41,74,true
sep,41,75,true
sep,41,76,true
sep,41,77,true
sep,41,78,true
sep,41,79,true
sep,41,80,true
sep,41,81,true
sep,41,82,true
sep,41,83,true
sep,41,84,true
sep,41,85,true
sep,41,86,true
sep,41,87,true
sep,41,88,true
sep,41,89,true
sep,41,90,true
sep,41,91,true
sep,41,92,true
sep,41,93,false
sep,41,94,true
sep,41,95,true
sep,41,96,true
sep,41,97,true
sep,41,98,true
sep,41,99,true
sep,41,100,true
sep,41,101,true
sep,41,102,true
sep,41,103,true
sep,41,104,true
sep,41,105,true
sep,41,106,true
sep,41,107,true
sep,41,108,true
sep,41,109,true
sep,41,110,true
sep,41,111,true
sep,41,112,true
sep,41,113,true
sep,41,114,true
sep,41,115,true
sep,41,116,true
sep,41,117,true
sep,41,118,true
sep,41,119,true
sep,41,120,true
sep,41,121,true
sep,41,122,true
sep,41,123,true
sep,41,124,true
sep,42,43,true
sep,42,44,true
sep,42,45,true
sep,42,46,true
sep,42,47,true
sep,42,48,true
sep,42,49,true
sep,42,50,true
sep,42,51,true
sep,42,52,true
sep,42,53,true
sep,42,54,true
sep,42,55,true
sep,42,56,true
sep,42,57,true
sep,42,58,true
sep,42,59,true
sep,42,60,true
sep,42,61,true
sep,42,62,true
sep,42,63,true
sep,42,64,true
sep,42,65,true
sep,42,66,true
sep,42,67,true
sep,42,68,true
sep,42,69,true
sep,42,70,true
sep,42,71,true
sep,42,72,true
sep,42,73,true
sep,42,74,true
sep,42,75,true
sep,42,76,true
sep,42,77,true
sep,42,78,true
sep,42,79,true
sep,42,80,true
sep,42,81,true
sep,42,82,true
sep,42,83,true
sep,42,84,true
sep,42,85,true
sep,42,86,true
sep,42,87,true
sep,42,88,true
sep,42,89,true
sep,42,90,true
sep,42,91,true
sep,42,92,true
sep,42,93,true
sep,42,94,true
sep,42,95,true
sep,42,96,true
sep,42,97,true
sep,42,98,true
sep,42,99,true
sep,42,100,true
sep,42,101,true
sep,42,102,true
sep,42,103,true
sep,42,104,true
sep,42,105,true
sep,42,106,true
sep,42,107,true
sep,42,108,true
sep,42,109,true
sep,42,110,true
sep,42,111,true
sep,42,112,true
sep,42,113,true
sep,42,114,true
sep,42,115,true
sep,42,116,true
sep,42,117,true
sep,42,118,true
sep,42,119,true
sep,42,120,true
sep,42,121,true
sep,42,122,true
sep,42,123,true
sep,42,124,true
sep,43,44,true
sep,43,45,true
sep,43,46,true
sep,43,47,true
sep,43,48,true
sep,43,49,true
sep,43,50,true
sep,43,51,true
sep,43,52,true
sep,43,53,true
sep,43,54,true
sep,43,55,true
sep,43,56,true
sep,43,57,true
sep,43,58,true
sep,43,59,true
sep,43,60,true
sep,43,61,true
sep,43,62,true
sep,43,63,true
sep,43,64,true
sep,43,65,true
sep,43,66,true
sep,43,67,true
sep,43,68,true
sep,43,69,true
sep,43,70,true
sep,43,71,true
sep,43,72,true
sep,43,73,true
sep,43,74,true
sep,43,75,true
sep,43,76,true
sep,43,77,true
sep,43,78,true
sep,43,79,true
sep,43,80,true
sep,43,81,true
sep,43,82,true
sep,43,83,true
sep,43,84,true
sep,43,85,true
sep,43,86,true
sep,43,87,true
sep,43,88,true
sep,43,89,true
sep,43,90,true
sep,43,91,true
sep,43,92,true
sep,43,93,true
sep,43,94,true
sep,43,95,true
sep,43,96,true
sep,43,97,true
sep,43,98,true
sep,43,99,true
sep,43,100,true
sep,43,101,true
sep,43,102,true
sep,43,103,true
sep,43,104,true
sep,43,105,true
sep,43,106,true
sep,43,107,true
sep,43,108,true
sep,43,109,true
sep,43,110,true
sep,43,111,true
sep,43,112,true
sep,43,113,true
sep,43,114,true
sep,43,115,true
sep,43,116,true
sep,43,117,true
sep,43,118,true
sep,43,119,true
sep,43,120,true
sep,43,121,true
sep,43,122,true
sep,43,123,true
sep,43,124,true
sep,44,45,true
sep,44,46,true
sep,44,47,true
sep,44,48,true
sep,44,49,true
sep,44,50,true
sep,44,51,true
sep,44,52,true
sep,44,53,true
sep,44,54,true
sep,44,55,true
sep,44,56,true
sep,44,57,true
sep,44,58,true
sep,44,59,true
sep,44,60,true
sep,44,61,true
sep,44,62,true
sep,44,63,true
sep,44,64,true
sep,44,65,true
sep,44,66,true
sep,44,67,true
sep,44,68,true
sep,44,69,true
sep,44,70,true
sep,44,71,true
sep,44,72,true
sep,44,73,true
sep,44,74,true
sep,44,75,true
sep,44,76,true
sep,44,77,true
sep,44,78,true
sep,44,79,true
sep,44,80,true
sep,44,81,true
sep,44,82,true
sep,44,83,true
sep,44,84,true
sep,44,85,true
sep,44,86,true
sep,44,87,true
sep,44,88,true
sep,44,89,true
sep,44,90,true
sep,44,91,true
sep,44,92,true
sep,44,93,true
sep,44,94,true
sep,44,95,true
sep,44,96,true
sep,44,97,true
sep,44,98,true
sep,44,99,true
sep,44,100,true
sep,44,101,true
sep,44,102,true
sep,44,103,true
sep,44,104,true
sep,44,105,true
sep,44,106,true
sep,44,107,true
sep,44,108,true
sep,44,109,true
sep,44,110,true
sep,44,111,true
sep,44,112,true
sep,44,113,true
sep,44,114,true
sep,44,115,true
sep,44,116,true
sep,44,117,true
sep,44,118,true
sep,44,119,true
sep,44,120,true
sep,44,121,true
sep,44,122,true
sep,44,123,true
sep,44,124,true
sep,45,46,true
sep,45,47,true
sep,45,48,true
sep,45,49,true
sep,45,50,true
sep,45,51,true
sep,45,52,true
sep,45,53,true
sep,45,54,true
sep,45,55,true
sep,45,56,true
sep,45,57,true
sep,45,58,true
sep,45,59,true
sep,45,60,true
sep,45,61,true
sep,45,62,true
sep,45,63,true
sep,45,64,true
sep,45,65,true
sep,45,66,true
sep,45,67,true
sep,45,68,true
sep,45,69,true
sep,45,70,true
sep,45,71,true
sep,45,72,true
sep,45,73,true
sep,45,74,true
sep,45,75,true
sep,45,76,true
sep,45,77,true
sep,45,78,true
sep,45,79,true
sep,45,80,true
sep,45,81,true
sep,45,82,true
sep,45,83,true
sep,45,84,true
sep,45,85,true
sep,45,86,true
sep,45,87,true
sep,45,88,true
sep,45,89,true
sep,45,90,true
sep,45,91,true
sep,45,92,true
sep,45,93,true
sep,45,94,true
sep,45,95,true
sep,45,96,true
sep,45,97,true
sep,45,98,true
sep,45,99,true
sep,45,100,true
sep,45,101,true
sep,45,102,true
sep,45,103,true
sep,45,104,true
sep,45,105,true
sep,45,106,true
sep,45,107,true
sep,45,108,true
sep,45,109,true
sep,45,110,true
sep,45,111,true
sep,45,112,true
sep,45,113,true
sep,45,114,true
sep,45,115,true
sep,45,116,true
sep,45,117,true
sep,45,118,true
sep,45,119,true
sep,45,120,true
sep,45,121,true
sep,45,122,true
sep,45,123,true
sep,45,124,true
sep,46,47,true
sep,46,48,true
sep,46,49,true
sep,46,50,true
sep,46,51,true
sep,46,52,true
sep,46,53,true
sep,46,54,true
sep,46,55,true
sep,46,56,true
sep,46,57,true
sep,46,58,true
sep,46,59,true
sep,46,60,true
sep,46,61,true
sep,46,62,true
sep,46,63,true
sep,46,64,true
sep,46,65,true
sep,46,66,true
sep,46,67,true
sep,46,68,true
sep,46,69,true
sep,46,70,true
sep,46,71,true
sep,46,72,true
sep,46,73,true
sep,46,74,true
sep,46,75,true
sep,46,76,true
sep,46,77,true
sep,46,78,true
sep,46,79,true
sep,46,80,true
sep,46,81,true
sep,46,82,true
sep,46,83,true
sep,46,84,true
sep,46,85,true
sep,46,86,true
sep,46,87,true
sep,46,88,true
sep,46,89,true
sep,46,90,true
sep,46,91,true
sep,46,92,true
sep,46,93,true
sep,46,94,true
sep,46,95,true
sep,46,96,true
sep,46,97,true
sep,46,98,true
sep,46,99,true
sep,46,100,true
sep,46,101,true
sep,46,102,true
sep,46,103,true
sep,46,104,true
sep,46,105,true
sep,46,106,true
sep,46,107,true
sep,46,108,true
sep,46,109,true
sep,46,110,true
sep,46,111,true
sep,46,112,true
sep,46,113,true
sep,46,114,true
sep,46,115,true
sep,46,116,true
sep,46,117,true
sep,46,118,true
sep,46,119,true
sep,46,120,true
sep,46,121,true
sep,46,122,true
sep,46,123,true
sep,46,124,true
sep,47,48,true
sep,47,49,true
sep,47,50,true
sep,47,51,true
sep,47,52,true
sep,47,53,true
sep,47,54,true
sep,47,55,true
sep,47,56,true
sep,47,57,true
sep,47,58,true
sep,47,59,true
sep,47,60,true
sep,47,61,true
sep,47,62,true
sep,47,63,true
sep,47,64,true
sep,47,65,true
sep,47,66,true
sep,47,67,true
sep,47,68,true
sep,47,69,true
sep,47,70,true
sep,47,71,true
sep,47,72,true
sep,47,73,true
sep,47,74,true
sep,47,75,true
sep,47,76,true
sep,47,77,true
sep,47,78,true
sep,47,79,true
sep,47,80,true
sep,47,81,true
sep,47,82,true
sep,47,83,true
sep,47,84,true
sep,47,85,true
sep,47,86,true
sep,47,87,true
sep,47,88,true
sep,47,89,true
sep,47,90,true
sep,47,91,true
sep,47,92,true
sep,47,93,true
sep,47,94,true
sep,47,95,true
sep,47,96,true
sep,47,97,true
sep,47,98,true
sep,47,99,true
sep,47,100,true
sep,47,101,true
sep,47,102,true
sep,47,103,true
sep,47,104,true
sep,47,105,true
sep,47,106,true
sep,47,107,true
sep,47,108,true
sep,47,109,true
sep,47,110,true
sep,47,111,true
sep,47,112,true
sep,47,113,true
sep,47,114,true
sep,47,115,true
sep,47,116,true
sep,47,117,true
sep,47,118,true
sep,47,119,true
sep,47,120,true
sep,47,121,true
sep,47,122,true
sep,47,123,true
sep,47,124,true
sep,48,49,true
sep,48,50,true
sep,48,51,true
sep,48,52,true
sep,48,53,true
sep,48,54,true
sep,48,55,true
sep,48,56,true
sep,48,57,true
sep,48,58,true
sep,48,59,true
sep,48,60,true
sep,48,61,true
sep,48,62,true
sep,48,63,true
sep,48,64,true
sep,48,65,true
sep,48,66,true
sep,48,67,true
sep,48,68,true
sep,48,69,true
sep,48,70,true
sep,48,71,true
sep,48,72,true
sep,48,73,true
sep,48,74,true
sep,48,75,true
sep,48,76,true
sep,48,77,true
sep,48,78,true
sep,48,79,true
sep,48,80,true
sep,48,81,true
sep,48,82,true
sep,48,83,true
sep,48,84,true
sep,48,85,true
sep,48,86,true
sep,48,87,true
sep,48,88,true
sep,48,89,true
sep,48,90,true
sep,48,91,true
sep,48,92,true
sep,48,93,true
sep,48,94,true
sep,48,95,true
sep,48,96,true
sep,48,97,true
sep,48,98,true
sep,48,99,true
sep,48,100,true
sep,48,101,true
sep,48,102,true
sep,48,103,true
sep,48,104,true
sep,48,105,true
sep,48,106,true
sep,48,107,true
sep,48,108,true
sep,48,109,true
sep,48,110,true
sep,48,111,true
sep,48,112,true
sep,48,113,true
sep,48,114,true
sep,48,115,false
sep,48,116,true
sep,48,117,true
sep,48,118,true
sep,48,119,true
sep,48,120,true
sep,48,121,true
sep,48,122,true
sep,48,123,true
sep,48,124,true
sep,49,50,true
sep,49,51,true
sep,49,52,true
sep,49,53,true
sep,49,54,true
sep,49,55,true
sep,49,56,true
sep,49,57,true
sep,49,58,true
sep,49,59,true
sep,49,60,true
sep,49,61,true
sep,49,62,true
sep,49,63,true
sep,49,64,true
sep,49,65,true
sep,49,66,true
sep,49,67,true
sep,49,68,true
sep,49,69,true
sep,49,70,true
sep,49,71,true
sep,49,72,true
sep,49,73,true
sep,49,74,true
sep,49,75,true
sep,49,76,true
sep,49,77,true
sep,49,78,true
sep,49,79,true
sep,49,80,true
sep,49,81,true
sep,49,82,true
sep,49,83,true
sep,49,84,true
sep,49,85,true
sep,49,86,true
sep,49,87,true
sep,49,88,true
sep,49,89,true
sep,49,90,true
sep,49,91,true
sep,49,92,true
sep,49,93,true
sep,49,94,true
sep,49,95,true
sep,49,96,true
sep,49,97,true
sep,49,98,true
sep,49,99,true
sep,49,100,true
sep,49,101,true
sep,49,102,true
sep,49,103,true
sep,49,104,true
sep,49,105,true
sep,49,106,true
sep,49,107,true
sep,49,108,true
sep,49,109,true
sep,49,110,true
sep,49,111,true
sep,49,112,true
sep,49,113,true
sep,49,114,true
sep,49,115,true
sep,49,116,true
sep,49,117,true
sep,49,118,true
sep,49,119,true
sep,49,120,true
sep,49,121,true
sep,49,122,true
sep,49,123,true
sep,49,124,true
sep,50,51,true
sep,50,52,true
sep,50,53,true
sep,50,54,true
sep,50,55,true
sep,50,56,true
sep,50,57,true
sep,50,58,true
sep,50,59,true
sep,50,60,true
sep,50,61,true
sep,50,62,true
sep,50,63,true
sep,50,64,true
sep,50,65,true
sep,50,66,true
sep,50,67,true
sep,50,68,true
sep,50,69,true
sep,50,70,true
sep,50,71,true
sep,50,72,true
sep,50,73,true
sep,50,74,true
sep,50,75,true
sep,50,76,true
sep,50,77,true
sep,50,78,true
sep,50,79,true
sep,50,80,true
sep,50,81,true
sep,50,82,true
sep,50,83,true
sep,50,84,true
sep,50,85,true
sep,50,86,true
sep,50,87,true
sep,50,88,true
sep,50,89,true
sep,50,90,true
sep,50,91,true
sep,50,92,true
sep,50,93,true
sep,50,94,true
sep,50,95,true
sep,50,96,true
sep,50,97,true
sep,50,98,true
sep,50,99,true
sep,50,100,true
sep,50,101,true
sep,50,102,true
sep,50,103,true
sep,50,104,true
sep,50,105,true
sep,50,106,true
sep,50,107,true
sep,50,108,true
sep,50,109,true
sep,50,110,true
sep,50,111,true
sep,50,112,true
sep,50,113,true
sep,50,114,true
sep,50,115,true
sep,50,116,true
sep,50,117,true
sep,50,118,true
sep,50,119,true
sep,50,120,true
sep,50,121,true
sep,50,122,true
sep,50,123,true
sep,50,124,true
sep,51,52,true
sep,51,53,true
sep,51,54,true
sep,51,55,true
sep,51,56,true
sep,51,57,true
sep,51,58,true
sep,51,59,true
sep,51,60,false
sep,51,61,true
sep,51,62,true
sep,51,63,true
sep,51,64,true
sep,51,65,true
sep,51,66,true
sep,51,67,true
sep,51,68,true
sep,51,69,true
sep,51,70,true
sep,51,71,true
sep,51,72,true
sep,51,73,true
sep,51,74,true
sep,51,75,true
sep,51,76,true
sep,51,77,true
sep,51,78,true
sep,51,79,true
sep,51,80,true
sep,51,81,true
sep,51,82,true
sep,51,83,true
sep,51,84,true
sep,51,85,true
sep,51,86,true
sep,51,87,true
sep,51,88,true
sep,51,89,true
sep,51,90,true
sep,51,91,true
sep,51,92,true
sep,51,93,true
sep,51,94,true
sep,51,95,true
sep,51,96,true
sep,51,97,true
sep,51,98,true
sep,51,99,true
sep,51,100,true
sep,51,101,true
sep,51,102,true
sep,51,103,true
sep,51,104,true
sep,51,105,true
sep,51,106,true
sep,51,107,true
sep,51,108,true
sep,51,109,true
sep,51,110,true
sep,51,111,true
sep,51,112,true
sep,51,113,true
sep,51,114,true
sep,51,115,true
sep,51,116,true
sep,51,117,true
sep,51,118,true
sep,51,119,true
sep,51,120,true
sep,51,121,true
sep,51,122,true
sep,51,123,true
sep,51,124,true
sep,52,53,true
sep,52,54,true
sep,52,55,true
sep,52,56,true
sep,52,57,true
sep,52,58,true
sep,52,59,true
sep,52,60,true
sep,52,61,true
sep,52,62,true
sep,52,63,true
sep,52,64,true
sep,52,65,true
sep,52,66,true
sep,52,67,true
sep,52,68,true
sep,52,69,true
sep,52,70,true
sep,52,71,true
sep,52,72,true
sep,52,73,true
sep,52,74,true
sep,52,75,true
sep,52,76,true
sep,52,77,true
sep,52,78,true
sep,52,79,true
sep,52,80,true
sep,52,81,true
sep,52,82,true
sep,52,83,true
sep,52,84,true
sep,52,85,true
sep,52,86,true
sep,52,87,true
sep,52,88,true
sep,52,89,true
sep,52,90,true
sep,52,91,true
sep,52,92,true
sep,52,93,true
sep,52,94,true
sep,52,95,true
sep,52,96,true
sep,52,97,true
sep,52,98,true
sep,52,99,true
sep,52,100,true
sep,52,101,true
sep,52,102,true
sep,52,103,true
sep,52,104,true
sep,52,105,true
sep,52,106,true
sep,52,107,true
sep,52,108,true
sep,52,109,true
sep,52,110,true
sep,52,111,true
sep,52,112,true
sep,52,113,true
sep,52,114,true
sep,52,115,true
sep,52,116,true
sep,52,117,true
sep,52,118,true
sep,52,119,true
sep,52,120,true
sep,52,121,true
sep,52,122,true
sep,52,123,true
sep,52,124,true
sep,53,54,true
sep,53,55,true
sep,53,56,true
sep,53,57,true
sep,53,58,true
sep,53,59,true
sep,53,60,true
sep,53,61,true
sep,53,62,true
sep,53,63,true
sep,53,64,true
sep,53,65,true
sep,53,66,true
sep,53,67,true
sep,53,68,true
sep,53,69,true
sep,53,70,true
sep,53,71,true
sep,53,72,true
sep,53,73,true
sep,53,74,true
sep,53,75,true
sep,53,76,true
sep,53,77,true
sep,53,78,true
sep,53,79,true
sep,53,80,true
sep,53,81,true
sep,53,82,true
sep,53,83,true
sep,53,84,true
sep,53,85,true
sep,53,86,true
sep,53,87,true
sep,53,88,true
sep,53,89,true
sep,53,90,true
sep,53,91,true
sep,53,92,true
sep,53,93,true
sep,53,94,true
sep,53,95,true
sep,53,96,true
sep,53,97,true
sep,53,98,true
sep,53,99,true
sep,53,100,true
sep,53,101,true
sep,53,102,true
sep,53,103,true
sep,53,104,true
sep,53,105,true
sep,53,106,true
sep,53,107,true
sep,53,108,true
sep,53,109,true
sep,53,110,true
sep,53,111,true
sep,53,112,true
sep,53,113,true
sep,53,114,true
sep,53,115,true
sep,53,116,true
sep,53,117,true
sep,53,118,true
sep,53,119,true
sep,53,120,true
sep,53,121,true
sep,53,122,true
sep,53,123,true
sep,53,124,true
sep,54,55,true
sep,54,56,true
sep,54,57,true
sep,54,58,true
sep,54,59,true
sep,54,60,true
sep,54,61,true
sep,54,62,true
sep,54,63,true
sep,54,64,true
sep,54,65,true
sep,54,66,true
sep,54,67,true
sep,54,68,true
sep,54,69,true
sep,54,70,true
sep,54,71,true
sep,54,72,true
sep,54,73,true
sep,54,74,true
sep,54,75,true
sep,54,76,true
sep,54,77,true
sep,54,78,true
sep,54,79,true
sep,54,80,true
sep,54,81,true
sep,54,82,true
sep,54,83,true
sep,54,84,true
sep,54,85,true
sep,54,86,true
sep,54,87,true
sep,54,88,true
sep,54,89,true
sep,54,90,true
sep,54,91,true
sep,54,92,true
sep,54,93,true
sep,54,94,true
sep,54,95,true
sep,54,96,true
sep,54,97,true
sep,54,98,true
sep,54,99,true
sep,54,100,true
sep,54,101,true
sep,54,102,true
sep,54,103,true
sep,54,104,true
sep,54,105,true
sep,54,106,true
sep,54,107,true
sep,54,108,true
sep,54,109,true
sep,54,110,true
sep,54,111,true
sep,54,112,true
sep,54,113,true
sep,54,114,true
sep,54,115,true
sep,54,116,true
sep,54,117,true
sep,54,118,true
sep,54,119,true
sep,54,120,true
sep,54,121,true
sep,54,122,true
sep,54,123,true
sep,54,124,true
sep,55,56,true
sep,55,57,true
sep,55,58,true
sep,55,59,true
sep,55,60,true
sep,55,61,true
sep,55,62,true
sep,55,63,true
sep,55,64,true
sep,55,65,true
sep,55,66,true
sep,55,67,true
sep,55,68,true
sep,55,69,true
sep,55,70,true
sep,55,71,true
sep,55,72,true
sep,55,73,true
sep,55,74,true
sep,55,75,true
sep,55,76,true
sep,55,77,true
sep,55,78,true
sep,55,79,true
sep,55,80,true
sep,55,81,true
sep,55,82,true
sep,55,83,true
sep,55,84,true
sep,55,85,true
sep,55,86,true
sep,55,87,true
sep,55,88,true
sep,55,89,true
sep,55,90,true
sep,55,91,true
sep,55,92,true
sep,55,93,true
sep,55,94,true
sep,55,95,true
sep,55,96,true
sep,55,97,true
sep,55,98,true
sep,55,99,true
sep,55,100,true
sep,55,101,true
sep,55,102,true
sep,55,103,true
sep,55,104,true
sep,55,105,true
sep,55,106,true
sep,55,107,true
sep,55,108,true
sep,55,109,true
sep,55,110,true
sep,55,111,true
sep,55,112,true
sep,55,113,true
sep,55,114,true
sep,55,115,true
sep,55,116,true
sep,55,117,true
sep,55,118,true
sep,55,119,true
sep,55,120,true
sep,55,121,true
sep,55,122,true
sep,55,123,true
sep,55,124,true
sep,56,57,true
sep,56,58,true
sep,56,59,true
sep,56,60,true
sep,56,61,true
sep,56,62,true
sep,56,63,true
sep,56,64,true
sep,56,65,true
sep,56,66,true
sep,56,67,true
sep,56,68,true
sep,56,69,true
sep,56,70,true
sep,56,71,true
sep,56,72,true
sep,56,73,true
sep,56,74,true
sep,56,75,true
sep,56,76,true
sep,56,77,true
sep,56,78,true
sep,56,79,true
sep,56,80,true
sep,56,81,true
sep,56,82,true
sep,56,83,true
sep,56,84,true
sep,56,85,true
sep,56,86,true
sep,56,87,true
sep,56,88,true
sep,56,89,true
sep,56,90,true
sep,56,91,true
sep,56,92,true
sep,56,93,true
sep,56,94,true
sep,56,95,true
sep,56,96,true
sep,56,97,true
sep,56,98,true
sep,56,99,true
sep,56,100,true
sep,56,101,true
sep,56,102,true
sep,56,103,true
sep,56,104,true
sep,56,105,true
sep,56,106,true
sep,56,107,true
sep,56,108,true
sep,56,109,true
sep,56,110,true
sep,56,111,true
sep,56,112,true
sep,56,113,true
sep,56,114,true
sep,56,115,true
sep,56,116,true
sep,56,117,true
sep,56,118,true
sep,56,119,true
sep,56,120,true
sep,56,121,true
sep,56,122,true
sep,56,123,true
sep,56,124,true
sep,57,58,true
sep,57,59,true
sep,57,60,true
sep,57,61,true
sep,57,62,true
sep,57,63,true
sep,57,64,true
sep,57,65,true
sep,57,66,true
sep,57,67,true
sep,57,68,true
sep,57,69,true
sep,57,70,true
sep,57,71,true
sep,57,72,true
sep,57,73,true
sep,57,74,true
sep,57,75,true
sep,57,76,true
sep,57,77,true
sep,57,78,true
sep,57,79,true
sep,57,80,true
sep,57,81,true
sep,57,82,true
sep,57,83,true
sep,57,84,true
sep,57,85,true
sep,57,86,true
sep,57,87,true
sep,57,88,true
sep,57,89,true
sep,57,90,true
sep,57,91,true
sep,57,92,true
sep,57,93,true
sep,57,94,true
sep,57,95,true
sep,57,96,true
sep,57,97,true
sep,57,98,true
sep,57,99,true
sep,57,100,true
sep,57,101,true
sep,57,102,true
sep,57,103,true
sep,57,104,true
sep,57,105,true
sep,57,106,true
sep,57,107,true
sep,57,108,true
sep,57,109,true
sep,57,110,true
sep,57,111,true
sep,57,112,true
sep,57,113,true
sep,57,114,true
sep,57,115,true
sep,57,116,true
sep,57,117,true
sep,57,118,true
sep,57,119,true
sep,57,120,true
sep,57,121,true
sep,57,122,true
sep,57,123,true
sep,57,124,true
sep,58,59,true
sep,58,60,true
sep,58,61,true
sep,58,62,true
sep,58,63,true
sep,58,64,true
sep,58,65,true
sep,58,66,true
sep,58,67,true
sep,58,68,true
sep,58,69,true
sep,58,70,true
sep,58,71,true
sep,58,72,true
sep,58,73,true
sep,58,74,true
sep,58,75,true
sep,58,76,true
sep,58,77,true
sep,58,78,true
sep,58,79,true
sep,58,80,true
sep,58,81,true
sep,58,82,true
sep,58,83,true
sep,58,84,true
sep,58,85,true
sep,58,86,true
sep,58,87,true
sep,58,88,true
sep,58,89,true
sep,58,90,true
sep,58,91,true
sep,58,92,true
sep,58,93,true
sep,58,94,true
sep,58,95,true
sep,58,96,true
sep,58,97,true
sep,58,98,true
sep,58,99,true
sep,58,100,true
sep,58,101,true
sep,58,102,true
sep,58,103,true
sep,58,104,true
sep,58,105,true
sep,58,106,true
sep,58,107,true
sep,58,108,true
sep,58,109,true
sep,58,110,true
sep,58,111,true
sep,58,112,true
sep,58,113,true
sep,58,114,true
sep,58,115,true
sep,58,116,true
sep,58,117,true
sep,58,118,true
sep,58,119,true
sep,58,120,true
sep,58,121,true
sep,58,122,true
sep,58,123,true
sep,58,124,true
sep,59,60,true
sep,59,61,true
sep,59,62,true
sep,59,63,true
sep,59,64,true
sep,59,65,true
sep,59,66,true
sep,59,67,true
sep,59,68,true
sep,59,69,true
sep,59,70,true
sep,59,71,true
sep,59,72,true
sep,59,73,true
sep,59,74,true
sep,59,75,true
sep,59,76,true
sep,59,77,true
sep,59,78,true
sep,59,79,true
sep,59,80,true
sep,59,81,true
sep,59,82,true
sep,59,83,true
sep,59,84,true
sep,59,85,true
sep,59,86,true
sep,59,87,true
sep,59,88,true
sep,59,89,true
sep,59,90,true
sep,59,91,true
sep,59,92,true
sep,59,93,true
sep,59,94,true
sep,59,95,true
sep,59,96,true
sep,59,97,true
sep,59,98,true
sep,59,99,true
sep,59,100,true
sep,59,101,true
sep,59,102,true
sep,59,103,true
sep,59,104,true
sep,59,105,true
sep,59,106,true
sep,59,107,true
sep,59,108,true
sep,59,109,true
sep,59,110,true
sep,59,111,true
sep,59,112,true
sep,59,113,true
sep,59,114,true
sep,59,115,true
sep,59,116,true
sep,59,117,true
sep,59,118,true
sep,59,119,true
sep,59,120,true
sep,59,121,true
sep,59,122,true
sep,59,123,true
sep,59,124,true
sep,60,61,true
sep,60,62,true
sep,60,63,true
sep,60,64,true
sep,60,65,true
sep,60,66,true
sep,60,67,true
sep,60,68,true
sep,60,69,true
sep,60,70,true
sep,60,71,true
sep,60,72,true
sep,60,73,true
sep,60,74,true
sep,60,75,true
sep,60,76,true
sep,60,77,true
sep,60,78,true
sep,60,79,true
sep,60,80,true
sep,60,81,true
sep,60,82,true
sep,60,83,true
sep,60,84,true
sep,60,85,true
sep,60,86,true
sep,60,87,true
sep,60,88,true
sep,60,89,true
sep,60,90,true
sep,60,91,true
sep,60,92,true
sep,60,93,true
sep,60,94,true
sep,60,95,true
sep,60,96,true
sep,60,97,true
sep,60,98,true
sep,60,99,true
sep,60,100,true
sep,60,101,true
sep,60,102,true
sep,60,103,true
sep,60,104,true
sep,60,105,true
sep,60,106,true
sep,60,107,true
sep,60,108,true
sep,60,109,true
sep,60,110,true
sep,60,111,true
sep,60,112,true
sep,60,113,true
sep,60,114,true
sep,60,115,true
sep,60,116,true
sep,60,117,true
sep,60,118,true
sep,60,119,true
sep,60,120,true
sep,60,121,true
sep,60,122,true
sep,60,123,true
sep,60,124,true
sep,61,62,true
sep,61,63,true
sep,61,64,true
sep,61,65,true
sep,61,66,true
sep,61,67,true
sep,61,68,true
sep,61,69,true
sep,61,70,true
sep,61,71,true
sep,61,72,true
sep,61,73,true
sep,61,74,true
sep,61,75,true
sep,61,76,true
sep,61,77,true
sep,61,78,true
sep,61,79,true
sep,61,80,true
sep,61,81,true
sep,61,82,true
sep,61,83,true
sep,61,84,true
sep,61,85,true
sep,61,86,true
sep,61,87,true
sep,61,88,true
sep,61,89,true
sep,61,90,true
sep,61,91,true
sep,61,92,true
sep,61,93,true
sep,61,94,true
sep,61,95,true
sep,61,96,true
sep,61,97,true
sep,61,98,true
sep,61,99,true
sep,61,100,true
sep,61,101,true
sep,61,102,true
sep,61,103,true
sep,61,104,true
sep,61,105,true
sep,61,106,true
sep,61,107,true
sep,61,108,true
sep,61,109,true
sep,61,110,true
sep,61,111,true
sep,61,112,true
sep,61,113,true
sep,61,114,true
sep,61,115,true
sep,61,116,true
sep,61,117,true
sep,61,118,true
sep,61,119,true
sep,61,120,true
sep,61,121,true
sep,61,122,true
sep,61,123,true
sep,61,124,true
sep,62,63,true
sep,62,64,true
sep,62,65,true
sep,62,66,true
sep,62,67,true
sep,62,68,true
sep,62,69,true
sep,62,70,true
sep,62,71,true
sep,62,72,true
sep,62,73,true
sep,62,74,true
sep,62,75,true
sep,62,76,true
sep,62,77,true
sep,62,78,true
sep,62,79,true
sep,62,80,true
sep,62,81,true
sep,62,82,true
sep,62,83,true
sep,62,84,true
sep,62,85,true
sep,62,86,true
sep,62,87,true
sep,62,88,true
sep,62,89,true
sep,62,90,true
sep,62,91,true
sep,62,92,true
sep,62,93,true
sep,62,94,true
sep,62,95,true
sep,62,96,true
sep,62,97,true
sep,62,98,true
sep,62,99,true
sep,62,100,true
sep,62,101,true
sep,62,102,true
sep,62,103,true
sep,62,104,true
sep,62,105,true
sep,62,106,true
sep,62,107,true
sep,62,108,true
sep,62,109,true
sep,62,110,true
sep,62,111,true
sep,62,112,true
sep,62,113,true
sep,62,114,true
sep,62,115,true
sep,62,116,true
sep,62,117,true
sep,62,118,true
sep,62,119,true
sep,62,120,true
sep,62,121,true
sep,62,122,true
sep,62,123,true
sep,62,124,true
sep,63,64,true
sep,63,65,true
sep,63,66,true
sep,63,67,true
sep,63,68,true
sep,63,69,true
sep,63,70,true
sep,63,71,true
sep,63,72,true
sep,63,73,true
sep,63,74,true
sep,63,75,true
sep,63,76,true
sep,63,77,true
sep,63,78,true
sep,63,79,true
sep,63,80,true
sep,63,81,true
sep,63,82,true
sep,63,83,true
sep,63,84,true
sep,63,85,true
sep,63,86,true
sep,63,87,true
sep,63,88,true
sep,63,89,true
sep,63,90,true
sep,63,91,true
sep,63,92,true
sep,63,93,true
sep,63,94,true
sep,63,95,true
sep,63,96,true
sep,63,97,true
sep,63,98,true
sep,63,99,true
sep,63,100,true
sep,63,101,true
sep,63,102,true
sep,63,103,true
sep,63,104,true
sep,63,105,true
sep,63,106,true
sep,63,107,true
sep,63,108,true
sep,63,109,true
sep,63,110,true
sep,63,111,true
sep,63,112,true
sep,63,113,true
sep,63,114,true
sep,63,115,true
sep,63,116,true
sep,63,117,true
sep,63,118,true
sep,63,119,true
sep,63,120,true
sep,63,121,true
sep,63,122,true
sep,63,123,true
sep,63,124,true
sep,64,65,true
sep,64,66,true
sep,64,67,true
sep,64,68,true
sep,64,69,true
sep,64,70,true
sep,64,71,true
sep,64,72,true
sep,64,73,true
sep,64,74,true
sep,64,75,true
sep,64,76,true
sep,64,77,true
sep,64,78,true
sep,64,79,true
sep,64,80,true
sep,64,81,true
sep,64,82,true
sep,64,83,true
sep,64,84,true
sep,64,85,true
sep,64,86,false
sep,64,87,true
sep,64,88,true
sep,64,89,true
sep,64,90,true
sep,64,91,true
sep,64,92,true
sep,64,93,true
sep,64,94,true
sep,64,95,true
sep,64,96,true
sep,64,97,true
sep,64,98,true
sep,64,99,true
sep,64,100,true
sep,64,101,true
sep,64,102,true
sep,64,103,true
sep,64,104,true
sep,64,105,true
sep,64,106,true
sep,64,107,true
sep,64,108,true
sep,64,109,true
sep,64,110,true
sep,64,111,true
sep,64,112,true
sep,64,113,true
sep,64,114,true
sep,64,115,true
sep,64,116,true
sep,64,117,true
sep,64,118,true
sep,64,119,true
sep,64,120,true
sep,64,121,true
sep,64,122,true
sep,64,123,true
sep,64,124,true
sep,65,66,true
sep,65,67,true
sep,65,68,true
sep,65,69,true
sep,65,70,true
sep,65,71,true
sep,65,72,true
sep,65,73,true
sep,65,74,true
sep,65,75,true
sep,65,76,true
sep,65,77,true
sep,65,78,true
sep,65,79,true
sep,65,80,true
sep,65,81,true
sep,65,82,true
sep,65,83,true
sep,65,84,true
sep,65,85,true
sep,65,86,true
sep,65,87,true
sep,65,88,true
sep,65,89,true
sep,65,90,true
sep,65,91,true
sep,65,92,true
sep,65,93,true
sep,65,94,true
sep,65,95,true
sep,65,96,true
sep,65,97,true
sep,65,98,true
sep,65,99,true
sep,65,100,true
sep,65,101,true
sep,65,102,true
sep,65,103,true
sep,65,104,true
sep,65,105,true
sep,65,106,true
sep,65,107,true
sep,65,108,true
sep,65,109,true
sep,65,110,true
sep,65,111,true
sep,65,112,true
sep,65,113,true
sep,65,114,true
sep,65,115,true
sep,65,116,true
sep,65,117,true
sep,65,118,true
sep,65,119,true
sep,65,120,true
sep,65,121,true
sep,65,122,true
sep,65,123,true
sep,65,124,true
sep,66,67,true
sep,66,68,true
sep,66,69,true
sep,66,70,true
sep,66,71,true
sep,66,72,true
sep,66,73,true
sep,66,74,true
sep,66,75,true
sep,66,76,true
sep,66,77,true
sep,66,78,true
sep,66,79,true
sep,66,80,true
sep,66,81,true
sep,66,82,true
sep,66,83,true
sep,66,84,true
sep,66,85,true
sep,66,86,true
sep,66,87,true
sep,66,88,true
sep,66,89,true
sep,66,90,true
sep,66,91,true
sep,66,92,true
sep,66,93,true
sep,66,94,true
sep,66,95,true
sep,66,96,true
sep,66,97,true
sep,66,98,true
sep,66,99,true
sep,66,100,true
sep,66,101,true
sep,66,102,true
sep,66,103,true
sep,66,104,true
sep,66,105,true
sep,66,106,true
sep,66,107,true
sep,66,108,true
sep,66,109,true
sep,66,110,true
sep,66,111,true
sep,66,112,true
sep,66,113,true
sep,66,114,true
sep,66,115,true
sep,66,116,true
sep,66,117,true
sep,66,118,true
sep,66,119,true
sep,66,120,true
sep,66,121,true
sep,66,122,true
sep,66,123,true
sep,66,124,true
sep,67,68,true
sep,67,69,true
sep,67,70,true
sep,67,71,true
sep,67,72,true
sep,67,73,true
sep,67,74,true
sep,67,75,true
sep,67,76,true
sep,67,77,true
sep,67,78,true
sep,67,79,true
sep,67,80,true
sep,67,81,true
sep,67,82,true
sep,67,83,true
sep,67,84,true
sep,67,85,true
sep,67,86,true
sep,67,87,true
sep,67,88,true
sep,67,89,true
sep,67,90,true
sep,67,91,true
sep,67,92,true
sep,67,93,true
sep,67,94,true
sep,67,95,true
sep,67,96,true
sep,67,97,true
sep,67,98,true
sep,67,99,true
sep,67,100,true
sep,67,101,true
sep,67,102,true
sep,67,103,true
sep,67,104,true
sep,67,105,true
sep,67,106,true
sep,67,107,true
sep,67,108,true
sep,67,109,true
sep,67,110,true
sep,67,111,true
sep,67,112,true
sep,67,113,true
sep,67,114,true
sep,67,115,true
sep,67,116,true
sep,67,117,true
sep,67,118,true
sep,67,119,true
sep,67,120,true
sep,67,121,true
sep,67,122,true
sep,67,123,true
sep,67,124,true
sep,68,69,true
sep,68,70,true
sep,68,71,true
sep,68,72,true
sep,68,73,true
sep,68,74,true
sep,68,75,true
sep,68,76,true
sep,68,77,true
sep,68,78,true
sep,68,79,true
sep,68,80,true
sep,68,81,true
sep,68,82,true
sep,68,83,true
sep,68,84,true
sep,68,85,true
sep,68,86,true
sep,68,87,true
sep,68,88,true
sep,68,89,true
sep,68,90,true
sep,68,91,true
sep,68,92,true
sep,68,93,true
sep,68,94,true
sep,68,95,true
sep,68,96,true
sep,68,97,true
sep,68,98,true
sep,68,99,true
sep,68,100,true
sep,68,101,true
sep,68,102,true
sep,68,103,true
sep,68,104,true
sep,68,105,true
sep,68,106,true
sep,68,107,true
sep,68,108,true
sep,68,109,true
sep,68,110,true
sep,68,111,true
sep,68,112,true
sep,68,113,true
sep,68,114,true
sep,68,115,true
sep,68,116,true
sep,68,117,true
sep,68,118,true
sep,68,119,true
sep,68,120,true
sep,68,121,true
sep,68,122,true
sep,68,123,true
sep,68,124,true
sep,69,70,true
sep,69,71,true
sep,69,72,true
sep,69,73,true
sep,69,74,true
sep,69,75,true
sep,69,76,true
sep,69,77,true
sep,69,78,true
sep,69,79,true
sep,69,80,true
sep,69,81,true
sep,69,82,true
sep,69,83,true
sep,69,84,true
sep,69,85,true
sep,69,86,true
sep,69,87,true
sep,69,88,true
sep,69,89,true
sep,69,90,true
sep,69,91,true
sep,69,92,true
sep,69,93,true
sep,69,94,true
sep,69,95,true
sep,69,96,true
sep,69,97,true
sep,69,98,true
sep,69,99,true
sep,69,100,true
sep,69,101,true
sep,69,102,true
sep,69,103,true
sep,69,104,true
sep,69,105,true
sep,69,106,true
sep,69,107,true
sep,69,108,true
sep,69,109,true
sep,69,110,true
sep,69,111,true
sep,69,112,true
sep,69,113,true
sep,69,114,true
sep,69,115,true
sep,69,116,true
sep,69,117,true
sep,69,118,true
sep,69,119,true
sep,69,120,true
sep,69,121,true
sep,69,122,true
sep,69,123,true
sep,69,124,true
sep,70,71,true
sep,70,72,true
sep,70,73,true
sep,70,74,true
sep,70,75,true
sep,70,76,true
sep,70,77,true
sep,70,78,true
sep,70,79,true
sep,70,80,true
sep,70,81,true
sep,70,82,true
sep,70,83,true
sep,70,84,true
sep,70,85,true
sep,70,86,true
sep,70,87,true
sep,70,88,true
sep,70,89,true
sep,70,90,true
sep,70,91,true
sep,70,92,true
sep,70,93,true
sep,70,94,true
sep,70,95,true
sep,70,96,true
sep,70,97,true
sep,70,98,true
sep,70,99,true
sep,70,100,true
sep,70,101,true
sep,70,102,true
sep,70,103,true
sep,70,104,true
sep,70,105,true
sep,70,106,true
sep,70,107,true
sep,70,108,true
sep,70,109,true
sep,70,110,true
sep,70,111,true
sep,70,112,true
sep,70,113,true
sep,70,114,true
sep,70,115,true
sep,70,116,true
sep,70,117,true
sep,70,118,true
sep,70,119,true
sep,70,120,true
sep,70,121,true
sep,70,122,true
sep,70,123,true
sep,70,124,true
sep,71,72,true
sep,71,73,true
sep,71,74,true
sep,71,75,true
sep,71,76,true
sep,71,77,true
sep,71,78,true
sep,71,79,true
sep,71,80,true
sep,71,81,true
sep,71,82,true
sep,71,83,true
sep,71,84,true
sep,71,85,true
sep,71,86,true
sep,71,87,true
sep,71,88,true
sep,71,89,true
sep,71,90,true
sep,71,91,true
sep,71,92,true
sep,71,93,true
sep,71,94,true
sep,71,95,true
sep,71,96,true
sep,71,97,true
sep,71,98,true
sep,71,99,true
sep,71,100,true
sep,71,101,true
sep,71,102,true
sep,71,103,true
sep,71,104,true
sep,71,105,true
sep,71,106,true
sep,71,107,true
sep,71,108,true
sep,71,109,true
sep,71,110,true
sep,71,111,true
sep,71,112,true
sep,71,113,true
sep,71,114,true
sep,71,115,true
sep,71,116,true
sep,71,117,true
sep,71,118,true
sep,71,119,true
sep,71,120,true
sep,71,121,true
sep,71,122,true
sep,71,123,true
sep,71,124,true
sep,72,73,true
sep,72,74,true
sep,72,75,true
sep,72,76,true
sep,72,77,true
sep,72,78,true
sep,72,79,true
sep,72,80,true
sep,72,81,true
sep,72,82,true
sep,72,83,true
sep,72,84,true
sep,72,85,true
sep,72,86,true
sep,72,87,true
sep,72,88,true
sep,72,89,true
sep,72,90,true
sep,72,91,true
sep,72,92,true
sep,72,93,true
sep,72,94,true
sep,72,95,true
sep,72,96,true
sep,72,97,true
sep,72,98,true
sep,72,99,true
sep,72,100,true
sep,72,101,true
sep,72,102,true
sep,72,103,true
sep,72,104,true
sep,72,105,true
sep,72,106,true
sep,72,107,true
sep,72,108,true
sep,72,109,true
sep,72,110,true
sep,72,111,true
sep,72,112,true
sep,72,113,true
sep,72,114,true
sep,72,115,true
sep,72,116,true
sep,72,117,true
sep,72,118,true
sep,72,119,true
sep,72,120,true
sep,72,121,true
sep,72,122,true
sep,72,123,true
sep,72,124,true
sep,73,74,true
sep,73,75,true
sep,73,76,true
sep,73,77,true
sep,73,78,true
sep,73,79,true
sep,73,80,true
sep,73,81,true
sep,73,82,true
sep,73,83,true
sep,73,84,true
sep,73,85,true
sep,73,86,true
sep,73,87,true
sep,73,88,true
sep,73,89,true
sep,73,90,true
sep,73,91,true
sep,73,92,true
sep,73,93,true
sep,73,94,true
sep,73,95,true
sep,73,96,true
sep,73,97,true
sep,73,98,true
sep,73,99,true
sep,73,100,true
sep,73,101,true
sep,73,102,true
sep,73,103,true
sep,73,104,true
sep,73,105,true
sep,73,106,true
sep,73,107,true
sep,73,108,true
sep,73,109,true
sep,73,110,true
sep,73,111,true
sep,73,112,true
sep,73,113,true
sep,73,114,true
sep,73,115,true
sep,73,116,true
sep,73,117,true
sep,73,118,true
sep,73,119,true
sep,73,120,true
sep,73,121,true
sep,73,122,true
sep,73,123,true
sep,73,124,true
sep,74,75,true
sep,74,76,true
sep,74,77,true
sep,74,78,true
sep,74,79,true
sep,74,80,true
sep,74,81,true
sep,74,82,true
sep,74,83,true
sep,74,84,true
sep,74,85,true
sep,74,86,true
sep,74,87,true
sep,74,88,true
sep,74,89,true
sep,74,90,true
sep,74,91,true
sep,74,92,true
sep,74,93,true
sep,74,94,true
sep,74,95,true
sep,74,96,true
sep,74,97,true
sep,74,98,true
sep,74,99,true
sep,74,100,true
sep,74,101,true
sep,74,102,true
sep,74,103,true
sep,74,104,true
sep,74,105,true
sep,74,106,true
sep,74,107,true
sep,74,108,true
sep,74,109,true
sep,74,110,true
sep,74,111,true
sep,74,112,true
sep,74,113,true
sep,74,114,true
sep,74,115,true
sep,74,116,true
sep,74,117,true
sep,74,118,true
sep,74,119,true
sep,74,120,true
sep,74,121,true
sep,74,122,true
sep,74,123,true
sep,74,124,true
sep,75,76,true
sep,75,77,true
sep,75,78,true
sep,75,79,true
sep,75,80,true
sep,75,81,true
sep,75,82,true
sep,75,83,true
sep,75,84,true
sep,75,85,true
sep,75,86,true
sep,75,87,true
sep,75,88,true
sep,75,89,true
sep,75,90,true
sep,75,91,true
sep,75,92,true
sep,75,93,true
sep,75,94,true
sep,75,95,true
sep,75,96,true
sep,75,97,true
sep,75,98,true
sep,75,99,true
sep,75,100,true
sep,75,101,true
sep,75,102,true
sep,75,103,true
sep,75,104,true
sep,75,105,true
sep,75,106,true
sep,75,107,true
sep,75,108,true
sep,75,109,true
sep,75,110,true
sep,75,111,true
sep,75,112,true
sep,75,113,true
sep,75,114,true
sep,75,115,true
sep,75,116,true
sep,75,117,true
sep,75,118,true
sep,75,119,true
sep,75,120,true
sep,75,121,true
sep,75,122,true
sep,75,123,true
sep,75,124,true
sep,76,77,true
sep,76,78,true
sep,76,79,true
sep,76,80,true
sep,76,81,true
sep,76,82,true
sep,76,83,true
sep,76,84,true
sep,76,85,true
sep,76,86,true
sep,76,87,true
sep,76,88,true
sep,76,89,true
sep,76,90,true
sep,76,91,true
sep,76,92,true
sep,76,93,true
sep,76,94,true
sep,76,95,true
sep,76,96,true
sep,76,97,true
sep,76,98,true
sep,76,99,true
sep,76,100,true
sep,76,101,true
sep,76,102,true
sep,76,103,true
sep,76,104,true
sep,76,105,true
sep,76,106,true
sep,76,107,true
sep,76,108,true
sep,76,109,true
sep,76,110,true
sep,76,111,true
sep,76,112,true
sep,76,113,true
sep,76,114,true
sep,76,115,true
sep,76,116,true
sep,76,117,true
sep,76,118,true
sep,76,119,true
sep,76,120,true
sep,76,121,true
sep,76,122,true
sep,76,123,true
sep,76,124,true
sep,77,78,true
sep,77,79,true
sep,77,80,true
sep,77,81,true
sep,77,82,true
sep,77,83,true
sep,77,84,true
sep,77,85,true
sep,77,86,true
sep,77,87,true
sep,77,88,true
sep,77,89,true
sep,77,90,true
sep,77,91,true
sep,77,92,true
sep,77,93,true
sep,77,94,true
sep,77,95,true
sep,77,96,true
sep,77,97,true
sep,77,98,true
sep,77,99,true
sep,77,100,true
sep,77,101,true
sep,77,102,true
sep,77,103,true
sep,77,104,true
sep,77,105,true
sep,77,106,true
sep,77,107,true
sep,77,108,true
sep,77,109,true
sep,77,110,true
sep,77,111,true
sep,77,112,true
sep,77,113,true
sep,77,114,true
sep,77,115,true
sep,77,116,true
sep,77,117,true
sep,77,118,true
sep,77,119,true
sep,77,120,true
sep,77,121,true
sep,77,122,true
sep,77,123,true
sep,77,124,true
sep,78,79,true
sep,78,80,true
sep,78,81,true
sep,78,82,true
sep,78,83,true
sep,78,84,true
sep,78,85,true
sep,78,86,true
sep,78,87,true
sep,78,88,true
sep,78,89,true
sep,78,90,true
sep,78,91,true
sep,78,92,true
sep,78,93,true
sep,78,94,true
sep,78,95,true
sep,78,96,true
sep,78,97,true
sep,78,98,true
sep,78,99,true
sep,78,100,true
sep,78,101,true
sep,78,102,true
sep,78,103,true
sep,78,104,true
sep,78,105,true
sep,78,106,true
sep,78,107,true
sep,78,108,true
sep,78,109,true
sep,78,110,true
sep,78,111,true
sep,78,112,true
sep,78,113,true
sep,78,114,true
sep,78,115,true
sep,78,116,true
sep,78,117,true
sep,78,118,true
sep,78,119,true
sep,78,120,true
sep,78,121,true
sep,78,122,true
sep,78,123,true
sep,78,124,true
sep,79,80,true
sep,79,81,true
sep,79,82,true
sep,79,83,true
sep,79,84,true
sep,79,85,true
sep,79,86,true
sep,79,87,true
sep,79,88,true
sep,79,89,true
sep,79,90,true
sep,79,91,true
sep,79,92,true
sep,79,93,true
sep,79,94,true
sep,79,95,true
sep,79,96,true
sep,79,97,true
sep,79,98,true
sep,79,99,true
sep,79,100,true
sep,79,101,true
sep,79,102,true
sep,79,103,true
sep,79,104,true
sep,79,105,true
sep,79,106,true
sep,79,107,true
sep,79,108,true
sep,79,109,true
sep,79,110,true
sep,79,111,true
sep,79,112,true
sep,79,113,true
sep,79,114,true
sep,79,115,true
sep,79,116,true
sep,79,117,true
sep,79,118,true
sep,79,119,true
sep,79,120,true
sep,79,121,true
sep,79,122,true
sep,79,123,true
sep,79,124,true
sep,80,81,true
sep,80,82,true
sep,80,83,true
sep,80,84,true
sep,80,85,true
sep,80,86,true
sep,80,87,true
sep,80,88,true
sep,80,89,true
sep,80,90,true
sep,80,91,true
sep,80,92,true
sep,80,93,true
sep,80,94,true
sep,80,95,true
sep,80,96,true
sep,80,97,true
sep,80,98,true
sep,80,99,true
sep,80,100,true
sep,80,101,true
sep,80,102,true
sep,80,103,true
sep,80,104,true
sep,80,105,true
sep,80,106,true
sep,80,107,true
sep,80,108,true
sep,80,109,true
sep,80,110,true
sep,80,111,true
sep,80,112,true
sep,80,113,true
sep,80,114,true
sep,80,115,true
sep,80,116,true
sep,80,117,true
sep,80,118,true
sep,80,119,true
sep,80,120,true
sep,80,121,true
sep,80,122,true
sep,80,123,true
sep,80,124,true
sep,81,82,true
sep,81,83,true
sep,81,84,true
sep,81,85,true
sep,81,86,true
sep,81,87,true
sep,81,88,true
sep,81,89,true
sep,81,90,true
sep,81,91,true
sep,81,92,true
sep,81,93,true
sep,81,94,true
sep,81,95,true
sep,81,96,true
sep,81,97,true
sep,81,98,true
sep,81,99,true
sep,81,100,true
sep,81,101,true
sep,81,102,true
sep,81,103,true
sep,81,104,true
sep,81,105,true
sep,81,106,true
sep,81,107,true
sep,81,108,true
sep,81,109,true
sep,81,110,true
sep,81,111,true
sep,81,112,true
sep,81,113,true
sep,81,114,true
sep,81,115,true
sep,81,116,true
sep,81,117,true
sep,81,118,true
sep,81,119,true
sep,81,120,true
sep,81,121,true
sep,81,122,true
sep,81,123,true
sep,81,124,true
sep,82,83,true
sep,82,84,true
sep,82,85,true
sep,82,86,true
sep,82,87,true
sep,82,88,true
sep,82,89,true
sep,82,90,true
sep,82,91,true
sep,82,92,true
sep,82,93,true
sep,82,94,true
sep,82,95,true
sep,82,96,true
sep,82,97,true
sep,82,98,true
sep,82,99,true
sep,82,100,true
sep,82,101,true
sep,82,102,true
sep,82,103,true
sep,82,104,true
sep,82,105,true
sep,82,106,true
sep,82,107,true
sep,82,108,true
sep,82,109,true
sep,82,110,true
sep,82,111,true
sep,82,112,true
sep,82,113,true
sep,82,114,true
sep,82,115,true
sep,82,116,true
sep,82,117,true
sep,82,118,true
sep,82,119,true
sep,82,120,true
sep,82,121,true
sep,82,122,true
sep,82,123,true
sep,82,124,true
sep,83,84,true
sep,83,85,true
sep,83,86,true
sep,83,87,true
sep,83,88,true
sep,83,89,true
sep,83,90,true
sep,83,91,true
sep,83,92,true
sep,83,93,true
sep,83,94,true
sep,83,95,true
sep,83,96,true
sep,83,97,true
sep,83,98,true
sep,83,99,true
sep,83,100,true
sep,83,101,true
sep,83,102,true
sep,83,103,true
sep,83,104,true
sep,83,105,true
sep,83,106,true
sep,83,107,true
sep,83,108,true
sep,83,109,true
sep,83,110,true
sep,83,111,true
sep,83,112,true
sep,83,113,true
sep,83,114,true
sep,83,115,true
sep,83,116,true
sep,83,117,true
sep,83,118,true
sep,83,119,true
sep,83,120,true
sep,83,121,true
sep,83,122,true
sep,83,123,true
sep,83,124,true
sep,84,85,true
sep,84,86,true
sep,84,87,true
sep,84,88,true
sep,84,89,true
sep,84,90,true
sep,84,91,true
sep,84,92,true
sep,84,93,true
sep,84,94,true
sep,84,95,true
sep,84,96,true
sep,84,97,true
sep,84,98,true
sep,84,99,true
sep,84,100,true
sep,84,101,true
sep,84,102,true
sep,84,103,true
sep,84,104,true
sep,84,105,true
sep,84,106,true
sep,84,107,true
sep,84,108,true
sep,84,109,true
sep,84,110,true
sep,84,111,true
sep,84,112,true
sep,84,113,true
sep,84,114,true
sep,84,115,true
sep,84,116,true
sep,84,117,true
sep,84,118,true
sep,84,119,true
sep,84,120,true
sep,84,121,true
sep,84,122,true
sep,84,123,true
sep,84,124,true
sep,85,86,true
sep,85,87,true
sep,85,88,true
sep,85,89,true
sep,85,90,true
sep,85,91,true
sep,85,92,true
sep,85,93,true
sep,85,94,true
sep,85,95,true
sep,85,96,true
sep,85,97,true
sep,85,98,true
sep,85,99,true
sep,85,100,true
sep,85,101,true
sep,85,102,true
sep,85,103,true
sep,85,104,true
sep,85,105,true
sep,85,106,true
sep,85,107,true
sep,85,108,true
sep,85,109,true
sep,85,110,true
sep,85,111,true
sep,85,112,true
sep,85,113,true
sep,85,114,true
sep,85,115,true
sep,85,116,true
sep,85,117,true
sep,85,118,true
sep,85,119,true
sep,85,120,true
sep,85,121,true
sep,85,122,true
sep,85,123,true
sep,85,124,true
sep,86,87,true
sep,86,88,true
sep,86,89,true
sep,86,90,true
sep,86,91,true
sep,86,92,true
sep,86,93,true
sep,86,94,true
sep,86,95,true
sep,86,96,true
sep,86,97,true
sep,86,98,true
sep,86,99,true
sep,86,100,true
sep,86,101,true
sep,86,102,true
sep,86,103,true
sep,86,104,true
sep,86,105,true
sep,86,106,true
sep,86,107,true
sep,86,108,true
sep,86,109,true
sep,86,110,true
sep,86,111,true
sep,86,112,true
sep,86,113,true
sep,86,114,true
sep,86,115,true
sep,86,116,true
sep,86,117,true
sep,86,118,true
sep,86,119,true
sep,86,120,true
sep,86,121,true
sep,86,122,true
sep,86,123,true
sep,86,124,true
sep,87,88,true
sep,87,89,true
sep,87,90,true
sep,87,91,true
sep,87,92,true
sep,87,93,true
sep,87,94,true
sep,87,95,true
sep,87,96,true
sep,87,97,true
sep,87,98,true
sep,87,99,true
sep,87,100,true
sep,87,101,true
sep,87,102,true
sep,87,103,true
sep,87,104,true
sep,87,105,true
sep,87,106,true
sep,87,107,true
sep,87,108,true
sep,87,109,true
sep,87,110,true
sep,87,111,true
sep,87,112,true
sep,87,113,true
sep,87,114,true
sep,87,115,true
sep,87,116,true
sep,87,117,true
sep,87,118,true
sep,87,119,true
sep,87,120,true
sep,87,121,true
sep,87,122,true
sep,87,123,true
sep,87,124,true
sep,88,89,true
sep,88,90,true
sep,88,91,true
sep,88,92,true
sep,88,93,true
sep,88,94,true
sep,88,95,true
sep,88,96,true
sep,88,97,true
sep,88,98,true
sep,88,99,true
sep,88,100,true
sep,88,101,true
sep,88,102,true
sep,88,103,true
sep,88,104,true
sep,88,105,true
sep,88,106,true
sep,88,107,true
sep,88,108,true
sep,88,109,true
sep,88,110,true
sep,88,111,true
sep,88,112,true
sep,88,113,true
sep,88,114,true
sep,88,115,true
sep,88,116,true
sep,88,117,true
sep,88,118,true
sep,88,119,true
sep,88,120,true
sep,88,121,true
sep,88,122,true
sep,88,123,true
sep,88,124,true
sep,89,90,true
sep,89,91,true
sep,89,92,true
sep,89,93,true
sep,89,94,true
sep,89,95,true
sep,89,96,true
sep,89,97,true
sep,89,98,true
sep,89,99,true
sep,89,100,true
sep,89,101,true
sep,89,102,true
sep,89,103,true
sep,89,104,true
sep,89,105,true
sep,89,106,true
sep,89,107,true
sep,89,108,true
sep,89,109,true
sep,89,110,true
sep,89,111,true
sep,89,112,true
sep,89,113,true
sep,89,114,true
sep,89,115,true
sep,89,116,true
sep,89,117,true
sep,89,118,true
sep,89,119,true
sep,89,120,true
sep,89,121,true
sep,89,122,true
sep,89,123,true
sep,89,124,true
sep,90,91,true
sep,90,92,true
sep,90,93,true
sep,90,94,true
sep,90,95,true
sep,90,96,true
sep,90,97,true
sep,90,98,true
sep,90,99,true
sep,90,100,true
sep,90,101,true
sep,90,102,true
sep,90,103,true
sep,90,104,true
sep,90,105,true
sep,90,106,true
sep,90,107,true
sep,90,108,true
sep,90,109,true
sep,90,110,true
sep,90,111,true
sep,90,112,true
sep,90,113,true
sep,90,114,true
sep,90,115,true
sep,90,116,true
sep,90,117,true
sep,90,118,true
sep,90,119,true
sep,90,120,true
sep,90,121,true
sep,90,122,true
sep,90,123,true
sep,90,124,true
sep,91,92,true
sep,91,93,true
sep,91,94,true
sep,91,95,true
sep,91,96,true
sep,91,97,true
sep,91,98,true
sep,91,99,true
sep,91,100,true
sep,91,101,true
sep,91,102,true
sep,91,103,true
sep,91,104,true
sep,91,105,true
sep,91,106,true
sep,91,107,true
sep,91,108,true
sep,91,109,true
sep,91,110,true
sep,91,111,true
sep,91,112,true
sep,91,113,true
sep,91,114,true
sep,91,115,true
sep,91,116,true
sep,91,117,true
sep,91,118,true
sep,91,119,true
sep,91,120,true
sep,91,121,true
sep,91,122,true
sep,91,123,true
sep,91,124,true
sep,92,93,true
sep,92,94,true
sep,92,95,true
sep,92,96,true
sep,92,97,true
sep,92,98,true
sep,92,99,true
sep,92,100,true
sep,92,101,true
sep,92,102,true
sep,92,103,true
sep,92,104,true
sep,92,105,true
sep,92,106,true
sep,92,107,true
sep,92,108,true
sep,92,109,true
sep,92,110,true
sep,92,111,true
sep,92,112,true
sep,92,113,true
sep,92,114,true
sep,92,115,true
sep,92,116,true
sep,92,117,true
sep,92,118,true
sep,92,119,true
sep,92,120,true
sep,92,121,true
sep,92,122,true
sep,92,123,true
sep,92,124,true
sep,93,94,true
sep,93,95,true
sep,93,96,true
sep,93,97,true
sep,93,98,true
sep,93,99,true
sep,93,100,true
sep,93,101,true
sep,93,102,true
sep,93,103,true
sep,93,104,true
sep,93,105,true
sep,93,106,true
sep,93,107,true
sep,93,108,true
sep,93,109,true
sep,93,110,true
sep,93,111,true
sep,93,112,true
sep,93,113,true
sep,93,114,true
sep,93,115,true
sep,93,116,true
sep,93,117,true
sep,93,118,true
sep,93,119,true
sep,93,120,true
sep,93,121,true
sep,93,122,true
sep,93,123,true
sep,93,124,true
sep,94,95,true
sep,94,96,true
sep,94,97,true
sep,94,98,true
sep,94,99,true
sep,94,100,true
sep,94,101,true
sep,94,102,true
sep,94,103,true
sep,94,104,true
sep,94,105,true
sep,94,106,true
sep,94,107,true
sep,94,108,true
sep,94,109,true
sep,94,110,true
sep,94,111,true
sep,94,112,true
sep,94,113,true
sep,94,114,true
sep,94,115,true
sep,94,116,true
sep,94,117,true
sep,94,118,true
sep,94,119,true
sep,94,120,true
sep,94,121,true
sep,94,122,true
sep,94,123,true
sep,94,124,true
sep,95,96,true
sep,95,97,true
sep,95,98,true
sep,95,99,true
sep,95,100,true
sep,95,101,true
sep,95,102,true
sep,95,103,true
sep,95,104,true
sep,95,105,true
sep,95,106,true
sep,95,107,true
sep,95,108,true
sep,95,109,true
sep,95,110,true
sep,95,111,true
sep,95,112,true
sep,95,113,true
sep,95,114,true
sep,95,115,true
sep,95,116,true
sep,95,117,true
sep,95,118,true
sep,95,119,true
sep,95,120,true
sep,95,121,true
sep,95,122,true
sep,95,123,true
sep,95,124,true
sep,96,97,true
sep,96,98,true
sep,96,99,true
sep,96,100,true
sep,96,101,true
sep,96,102,true
sep,96,103,true
sep,96,104,true
sep,96,105,true
sep,96,106,true
sep,96,107,true
sep,96,108,true
sep,96,109,true
sep,96,110,true
sep,96,111,true
sep,96,112,true
sep,96,113,true
sep,96,114,true
sep,96,115,true
sep,96,116,true
sep,96,117,true
sep,96,118,true
sep,96,119,true
sep,96,120,true
sep,96,121,true
sep,96,122,true
sep,96,123,true
sep,96,124,true
sep,97,98,true
sep,97,99,true
sep,97,100,true
sep,97,101,true
sep,97,102,true
sep,97,103,true
sep,97,104,true
sep,97,105,true
sep,97,106,true
sep,97,107,true
sep,97,108,true
sep,97,109,true
sep,97,110,true
sep,97,111,true
sep,97,112,true
sep,97,113,true
sep,97,114,true
sep,97,115,true
sep,97,116,true
sep,97,117,true
sep,97,118,true
sep,97,119,true
sep,97,120,true
sep,97,121,true
sep,97,122,true
sep,97,123,true
sep,97,124,true
sep,98,99,true
sep,98,100,true
sep,98,101,true
sep,98,102,true
sep,98,103,true
sep,98,104,true
sep,98,105,true
sep,98,106,true
sep,98,107,true
sep,98,108,true
sep,98,109,true
sep,98,110,true
sep,98,111,true
sep,98,112,true
sep,98,113,true
sep,98,114,true
sep,98,115,true
sep,98,116,true
sep,98,117,true
sep,98,118,true
sep,98,119,true
sep,98,120,true
sep,98,121,true
sep,98,122,true
sep,98,123,true
sep,98,124,true
sep,99,100,true
sep,99,101,true
sep,99,102,true
sep,99,103,true
sep,99,104,true
sep,99,105,true
sep,99,106,true
sep,99,107,true
sep,99,108,true
sep,99,109,true
sep,99,110,true
sep,99,111,true
sep,99,112,true
sep,99,113,true
sep,99,114,true
sep,99,115,true
sep,99,116,true
sep,99,117,true
sep,99,118,true
sep,99,119,true
sep,99,120,true
sep,99,121,true
sep,99,122,true
sep,99,123,true
sep,99,124,true
sep,100,101,true
sep,100,102,true
sep,100,103,true
sep,100,104,true
sep,100,105,true
sep,100,106,true
sep,100,107,true
sep,100,108,true
sep,100,109,true
sep,100,110,true
sep,100,111,true
sep,100,112,true
sep,100,113,true
sep,100,114,true
sep,100,115,true
sep,100,116,true
sep,100,117,true
sep,100,118,true
sep,100,119,true
sep,100,120,true
sep,100,121,true
sep,100,122,true
sep,100,123,true
sep,100,124,true
sep,101,102,true
sep,101,103,true
sep,101,104,true
sep,101,105,true
sep,101,106,true
sep,101,107,true
sep,101,108,true
sep,101,109,true
sep,101,110,true
sep,101,111,true
sep,101,112,true
sep,101,113,true
sep,101,114,true
sep,101,115,true
sep,101,116,true
sep,101,117,true
sep,101,118,true
sep,101,119,true
sep,101,120,true
sep,101,121,true
sep,101,122,true
sep,101,123,true
sep,101,124,true
sep,102,103,true
sep,102,104,true
sep,102,105,true
sep,102,106,true
sep,102,107,true
sep,102,108,true
sep,102,109,true
sep,102,110,true
sep,102,111,true
sep,102,112,true
sep,102,113,true
sep,102,114,true
sep,102,115,true
sep,102,116,true
sep,102,117,true
sep,102,118,true
sep,102,119,true
sep,102,120,true
sep,102,121,true
sep,102,122,true
sep,102,123,true
sep,102,124,true
sep,103,104,true
sep,103,105,true
sep,103,106,true
sep,103,107,true
sep,103,108,true
sep,103,109,true
sep,103,110,true
sep,103,111,true
sep,103,112,true
sep,103,113,true
sep,103,114,true
sep,103,115,true
sep,103,116,true
sep,103,117,true
sep,103,118,true
sep,103,119,true
sep,103,120,true
sep,103,121,true
sep,103,122,true
sep,103,123,true
sep,103,124,true
sep,104,105,true
sep,104,106,true
sep,104,107,true
sep,104,108,true
sep,104,109,true
sep,104,110,true
sep,104,111,true
sep,104,112,true
sep,104,113,true
sep,104,114,true
sep,104,115,true
sep,104,116,true
sep,104,117,true
sep,104,118,true
sep,104,119,true
sep,104,120,true
sep,104,121,true
sep,104,122,true
sep,104,123,true
sep,104,124,true
sep,105,106,true
sep,105,107,true
sep,105,108,true
sep,105,109,true
sep,105,110,true
sep,105,111,true
sep,105,112,true
sep,105,113,true
sep,105,114,true
sep,105,115,true
sep,105,116,true
sep,105,117,true
sep,105,118,true
sep,105,119,true
sep,105,120,true
sep,105,121,true
sep,105,122,true
sep,105,123,true
sep,105,124,true
sep,106,107,true
sep,106,108,true
sep,106,109,true
sep,106,110,true
sep,106,111,true
sep,106,112,true
sep,106,113,true
sep,106,114,true
sep,106,115,true
sep,106,116,true
sep,106,117,true
sep,106,118,true
sep,106,119,true
sep,106,120,true
sep,106,121,true
sep,106,122,true
sep,106,123,true
sep,106,124,true
sep,107,108,true
sep,107,109,true
sep,107,110,true
sep,107,111,true
sep,107,112,true
sep,107,113,true
sep,107,114,true
sep,107,115,true
sep,107,116,true
sep,107,117,true
sep,107,118,true
sep,107,119,true
sep,107,120,true
sep,107,121,true
sep,107,122,true
sep,107,123,true
sep,107,124,true
sep,108,109,true
sep,108,110,true
sep,108,111,true
sep,108,112,true
sep,108,113,true
sep,108,114,true
sep,108,115,true
sep,108,116,true
sep,108,117,true
sep,108,118,true
sep,108,119,true
sep,108,120,true
sep,108,121,true
sep,108,122,true
sep,108,123,true
sep,108,124,true
sep,109,110,true
sep,109,111,true
sep,109,112,true
sep,109,113,true
sep,109,114,true
sep,109,115,true
sep,109,116,true
sep,109,117,true
sep,109,118,true
sep,109,119,true
sep,109,120,true
sep,109,121,true
sep,109,122,true
sep,109,123,true
sep,109,124,true
sep,110,111,true
sep,110,112,true
sep,110,113,true
sep,110,114,true
sep,110,115,true
sep,110,116,true
sep,110,117,true
sep,110,118,true
sep,110,119,true
sep,110,120,true
sep,110,121,true
sep,110,122,true
sep,110,123,true
sep,110,124,true
sep,111,112,true
sep,111,113,true
sep,111,114,true
sep,111,115,true
sep,111,116,true
sep,111,117,true
sep,111,118,true
sep,111,119,true
sep,111,120,true
sep,111,121,true
sep,111,122,true
sep,111,123,true
sep,111,124,true
sep,112,113,true
sep,112,114,true
sep,112,115,true
sep,112,116,true
sep,112,117,true
sep,112,118,true
sep,112,119,true
sep,112,120,true
sep,112,121,true
sep,112,122,true
sep,112,123,true
sep,112,124,true
sep,113,114,true
sep,113,115,true
sep,113,116,true
sep,113,117,true
sep,113,118,true
sep,113,119,true
sep,113,120,true
sep,113,121,true
sep,113,122,true
sep,113,123,true
sep,113,124,true
sep,114,115,true
sep,114,116,true
sep,114,117,true
sep,114,118,true
sep,114,119,true
sep,114,120,true
sep,114,121,true
sep,114,122,true
sep,114,123,true
sep,114,124,true
sep,115,116,true
sep,115,117,true
sep,115,118,true
sep,115,119,true
sep,115,120,true
sep,115,121,true
sep,115,122,true
sep,115,123,true
sep,115,124,true
sep,116,117,true
sep,116,118,true
sep,116,119,true
sep,116,120,true
sep,116,121,true
sep,116,122,true
sep,116,123,true
sep,116,124,true
sep,117,118,true
sep,117,119,true
sep,117,120,true
sep,117,121,true
sep,117,122,true
sep,117,123,true
sep,117,124,true
sep,118,119,true
sep,118,120,true
sep,118,121,true
sep,118,122,true
sep,118,123,true
sep,118,124,true
sep,119,120,true
sep,119,121,true
sep,119,122,true
sep,119,123,true
sep,119,124,true
sep,120,121,true
sep,120,122,true
sep,120,123,true
sep,120,124,true
sep,121,122,true
sep,121,123,true
sep,121,124,true
sep,122,123,true
sep,122,124,true
sep,123,124,true
amb,0,36
amb,11,54
amb,14,116
amb,15,117
amb,30,94
amb,35,41
amb,35,93
amb,41,93
amb,48,115
amb,51,60
amb,64,86
