,0
0,84
1,86
2,85
4,0
5,2
6,1
8,3
9,5
10,4
12,6
13,8
14,7
16,9
17,11
18,10
20,12
21,14
22,13
24,15
25,17
26,16
28,18
29,20
30,19
32,21
33,23
34,22
36,24
37,26
38,25
40,27
41,29
42,28
44,30
45,32
46,31
48,33
49,35
50,34
52,36
53,38
54,37
56,39
57,41
58,40
60,42
61,44
62,43
64,45
65,47
66,46
68,48
69,50
70,49
72,51
73,53
74,52
76,54
77,56
78,55
80,57
81,59
82,58
84,60
85,62
86,61
88,63
89,65
90,64
92,66
93,68
94,67
96,69
97,71
98,70
100,72
101,74
102,73
104,75
105,77
106,76
108,78
109,80
110,79
112,81
113,83
114,82
0-0,9828
0-1,9830
0-2,9829
0-3,9859
0-4,9744
0-5,9746
0-6,9745
0-7,9831
0-8,9747
0-9,9749
0-10,9748
0-11,9832
0-12,9750
0-13,9752
0-14,9751
0-15,9833
0-16,9753
0-17,9755
0-18,9754
0-19,9834
0-20,9756
0-21,9758
0-22,9757
0-23,9835
0-24,9759
0-25,9761
0-26,9760
0-27,9836
0-28,9762
0-29,9764
0-30,9763
0-31,9837
0-32,9765
0-33,9767
0-34,9766
0-35,9838
0-36,9768
0-37,9770
0-38,9769
0-39,9839
0-40,9771
0-41,9773
0-42,9772
0-43,9840
0-44,9774
0-45,9776
0-46,9775
0-47,9841
0-48,9777
0-49,9779
0-50,9778
0-51,9842
0-52,9780
0-53,9782
0-54,9781
0-55,9843
0-56,9783
0-57,9785
0-58,9784
0-59,9844
0-60,9786
0-61,9788
0-62,9787
0-63,9845
0-64,9789
0-65,9791
0-66,9790
0-67,9846
0-68,9792
0-69,9794
0-70,9793
0-71,9847
0-72,9795
0-73,9797
0-74,9796
0-75,9848
0-76,9798
0-77,9800
0-78,9799
0-79,9849
0-80,9801
0-81,9803
0-82,9802
0-83,9850
0-84,9804
0-85,9806
0-86,9805
0-87,9851
0-88,9807
0-89,9809
0-90,9808
0-91,9852
0-92,9810
0-93,9812
0-94,9811
0-95,9853
0-96,9813
0-97,9815
0-98,9814
0-99,9854
0-100,9816
0-101,9818
0-102,9817
0-103,9855
0-104,9819
0-105,9821
0-106,9820
0-107,9856
0-108,9822
0-109,9824
0-110,9823
0-111,9857
0-112,9825
0-113,9827
0-114,9826
0-115,9858
1-0,10060
1-1,10062
1-2,10061
1-3,10091
1-4,9976
1-5,9978
1-6,9977
1-7,10063
1-8,9979
1-9,9981
1-10,9980
1-11,10064
1-12,9982
1-13,9984
1-14,9983
1-15,10065
1-16,9985
1-17,9987
1-18,9986
1-19,10066
1-20,9988
1-21,9990
1-22,9989
1-23,10067
1-24,9991
1-25,9993
1-26,9992
1-27,10068
1-28,9994
1-29,9996
1-30,9995
1-31,10069
1-32,9997
1-33,9999
1-34,9998
1-35,10070
1-36,10000
1-37,10002
1-38,10001
1-39,10071
1-40,10003
1-41,10005
1-42,10004
1-43,10072
1-44,10006
1-45,10008
1-46,10007
1-47,10073
1-48,10009
1-49,10011
1-50,10010
1-51,10074
1-52,10012
1-53,10014
1-54,10013
1-55,10075
1-56,10015
1-57,10017
1-58,10016
1-59,10076
1-60,10018
1-61,10020
1-62,10019
1-63,10077
1-64,10021
1-65,10023
1-66,10022
1-67,10078
1-68,10024
1-69,10026
1-70,10025
1-71,10079
1-72,10027
1-73,10029
1-74,10028
1-75,10080
1-76,10030
1-77,10032
1-78,10031
1-79,10081
1-80,10033
1-81,10035
1-82,10034
1-83,10082
1-84,10036
1-85,10038
1-86,10037
1-87,10083
1-88,10039
1-89,10041
1-90,10040
1-91,10084
1-92,10042
1-93,10044
1-94,10043
1-95,10085
1-96,10045
1-97,10047
1-98,10046
1-99,10086
1-100,10048
1-101,10050
1-102,10049
1-103,10087
1-104,10051
1-105,10053
1-106,10052
1-107,10088
1-108,10054
1-109,10056
1-110,10055
1-111,10089
1-112,10057
1-113,10059
1-114,10058
1-115,10090
2-0,9944
2-1,9946
2-2,9945
2-3,9975
2-4,9860
2-5,9862
2-6,9861
2-7,9947
2-8,9863
2-9,9865
2-10,9864
2-11,9948
2-12,9866
2-13,9868
2-14,9867
2-15,9949
2-16,9869
2-17,9871
2-18,9870
2-19,9950
2-20,9872
2-21,9874
2-22,9873
2-23,9951
2-24,9875
2-25,9877
2-26,9876
2-27,9952
2-28,9878
2-29,9880
2-30,9879
2-31,9953
2-32,9881
2-33,9883
2-34,9882
2-35,9954
2-36,9884
2-37,9886
2-38,9885
2-39,9955
2-40,9887
2-41,9889
2-42,9888
2-43,9956
2-44,9890
2-45,9892
2-46,9891
2-47,9957
2-48,9893
2-49,9895
2-50,9894
2-51,9958
2-52,9896
2-53,9898
2-54,9897
2-55,9959
2-56,9899
2-57,9901
2-58,9900
2-59,9960
2-60,9902
2-61,9904
2-62,9903
2-63,9961
2-64,9905
2-65,9907
2-66,9906
2-67,9962
2-68,9908
2-69,9910
2-70,9909
2-71,9963
2-72,9911
2-73,9913
2-74,9912
2-75,9964
2-76,9914
2-77,9916
2-78,9915
2-79,9965
2-80,9917
2-81,9919
2-82,9918
2-83,9966
2-84,9920
2-85,9922
2-86,9921
2-87,9967
2-88,9923
2-89,9925
2-90,9924
2-91,9968
2-92,9926
2-93,9928
2-94,9927
2-95,9969
2-96,9929
2-97,9931
2-98,9930
2-99,9970
2-100,9932
2-101,9934
2-102,9933
2-103,9971
2-104,9935
2-105,9937
2-106,9936
2-107,9972
2-108,9938
2-109,9940
2-110,9939
2-111,9973
2-112,9941
2-113,9943
2-114,9942
2-115,9974
4-0,84
4-1,86
4-2,85
4-3,115
4-4,0
4-5,2
4-6,1
4-7,87
4-8,3
4-9,5
4-10,4
4-11,88
4-12,6
4-13,8
4-14,7
4-15,89
4-16,9
4-17,11
4-18,10
4-19,90
4-20,12
4-21,14
4-22,13
4-23,91
4-24,15
4-25,17
4-26,16
4-27,92
4-28,18
4-29,20
4-30,19
4-31,93
4-32,21
4-33,23
4-34,22
4-35,94
4-36,24
4-37,26
4-38,25
4-39,95
4-40,27
4-41,29
4-42,28
4-43,96
4-44,30
4-45,32
4-46,31
4-47,97
4-48,33
4-49,35
4-50,34
4-51,98
4-52,36
4-53,38
4-54,37
4-55,99
4-56,39
4-57,41
4-58,40
4-59,100
4-60,42
4-61,44
4-62,43
4-63,101
4-64,45
4-65,47
4-66,46
4-67,102
4-68,48
4-69,50
4-70,49
4-71,103
4-72,51
4-73,53
4-74,52
4-75,104
4-76,54
4-77,56
4-78,55
4-79,105
4-80,57
4-81,59
4-82,58
4-83,106
4-84,60
4-85,62
4-86,61
4-87,107
4-88,63
4-89,65
4-90,64
4-91,108
4-92,66
4-93,68
4-94,67
4-95,109
4-96,69
4-97,71
4-98,70
4-99,110
4-100,72
4-101,74
4-102,73
4-103,111
4-104,75
4-105,77
4-106,76
4-107,112
4-108,78
4-109,80
4-110,79
4-111,113
4-112,81
4-113,83
4-114,82
4-115,114
5-0,316
5-1,318
5-2,317
5-3,347
5-4,232
5-5,234
5-6,233
5-7,319
5-8,235
5-9,237
5-10,236
5-11,320
5-12,238
5-13,240
5-14,239
5-15,321
5-16,241
5-17,243
5-18,242
5-19,322
5-20,244
5-21,246
5-22,245
5-23,323
5-24,247
5-25,249
5-26,248
5-27,324
5-28,250
5-29,252
5-30,251
5-31,325
5-32,253
5-33,255
5-34,254
5-35,326
5-36,256
5-37,258
5-38,257
5-39,327
5-40,259
5-41,261
5-42,260
5-43,328
5-44,262
5-45,264
5-46,263
5-47,329
5-48,265
5-49,267
5-50,266
5-51,330
5-52,268
5-53,270
5-54,269
5-55,331
5-56,271
5-57,273
5-58,272
5-59,332
5-60,274
5-61,276
5-62,275
5-63,333
5-64,277
5-65,279
5-66,278
5-67,334
5-68,280
5-69,282
5-70,281
5-71,335
5-72,283
5-73,285
5-74,284
5-75,336
5-76,286
5-77,288
5-78,287
5-79,337
5-80,289
5-81,291
5-82,290
5-83,338
5-84,292
5-85,294
5-86,293
5-87,339
5-88,295
5-89,297
5-90,296
5-91,340
5-92,298
5-93,300
5-94,299
5-95,341
5-96,301
5-97,303
5-98,302
5-99,342
5-100,304
5-101,306
5-102,305
5-103,343
5-104,307
5-105,309
5-106,308
5-107,344
5-108,310
5-109,312
5-110,311
5-111,345
5-112,313
5-113,315
5-114,314
5-115,346
6-0,200
6-1,202
6-2,201
6-3,231
6-4,116
6-5,118
6-6,117
6-7,203
6-8,119
6-9,121
6-10,120
6-11,204
6-12,122
6-13,124
6-14,123
6-15,205
6-16,125
6-17,127
6-18,126
6-19,206
6-20,128
6-21,130
6-22,129
6-23,207
6-24,131
6-25,133
6-26,132
6-27,208
6-28,134
6-29,136
6-30,135
6-31,209
6-32,137
6-33,139
6-34,138
6-35,210
6-36,140
6-37,142
6-38,141
6-39,211
6-40,143
6-41,145
6-42,144
6-43,212
6-44,146
6-45,148
6-46,147
6-47,213
6-48,149
6-49,151
6-50,150
6-51,214
6-52,152
6-53,154
6-54,153
6-55,215
6-56,155
6-57,157
6-58,156
6-59,216
6-60,158
6-61,160
6-62,159
6-63,217
6-64,161
6-65,163
6-66,162
6-67,218
6-68,164
6-69,166
6-70,165
6-71,219
6-72,167
6-73,169
6-74,168
6-75,220
6-76,170
6-77,172
6-78,171
6-79,221
6-80,173
6-81,175
6-82,174
6-83,222
6-84,176
6-85,178
6-86,177
6-87,223
6-88,179
6-89,181
6-90,180
6-91,224
6-92,182
6-93,184
6-94,183
6-95,225
6-96,185
6-97,187
6-98,186
6-99,226
6-100,188
6-101,190
6-102,189
6-103,227
6-104,191
6-105,193
6-106,192
6-107,228
6-108,194
6-109,196
6-110,195
6-111,229
6-112,197
6-113,199
6-114,198
6-115,230
8-0,432
8-1,434
8-2,433
8-3,463
8-4,348
8-5,350
8-6,349
8-7,435
8-8,351
8-9,353
8-10,352
8-11,436
8-12,354
8-13,356
8-14,355
8-15,437
8-16,357
8-17,359
8-18,358
8-19,438
8-20,360
8-21,362
8-22,361
8-23,439
8-24,363
8-25,365
8-26,364
8-27,440
8-28,366
8-29,368
8-30,367
8-31,441
8-32,369
8-33,371
8-34,370
8-35,442
8-36,372
8-37,374
8-38,373
8-39,443
8-40,375
8-41,377
8-42,376
8-43,444
8-44,378
8-45,380
8-46,379
8-47,445
8-48,381
8-49,383
8-50,382
8-51,446
8-52,384
8-53,386
8-54,385
8-55,447
8-56,387
8-57,389
8-58,388
8-59,448
8-60,390
8-61,392
8-62,391
8-63,449
8-64,393
8-65,395
8-66,394
8-67,450
8-68,396
8-69,398
8-70,397
8-71,451
8-72,399
8-73,401
8-74,400
8-75,452
8-76,402
8-77,404
8-78,403
8-79,453
8-80,405
8-81,407
8-82,406
8-83,454
8-84,408
8-85,410
8-86,409
8-87,455
8-88,411
8-89,413
8-90,412
8-91,456
8-92,414
8-93,416
8-94,415
8-95,457
8-96,417
8-97,419
8-98,418
8-99,458
8-100,420
8-101,422
8-102,421
8-103,459
8-104,423
8-105,425
8-106,424
8-107,460
8-108,426
8-109,428
8-110,427
8-111,461
8-112,429
8-113,431
8-114,430
8-115,462
9-0,664
9-1,666
9-2,665
9-3,695
9-4,580
9-5,582
9-6,581
9-7,667
9-8,583
9-9,585
9-10,584
9-11,668
9-12,586
9-13,588
9-14,587
9-15,669
9-16,589
9-17,591
9-18,590
9-19,670
9-20,592
9-21,594
9-22,593
9-23,671
9-24,595
9-25,597
9-26,596
9-27,672
9-28,598
9-29,600
9-30,599
9-31,673
9-32,601
9-33,603
9-34,602
9-35,674
9-36,604
9-37,606
9-38,605
9-39,675
9-40,607
9-41,609
9-42,608
9-43,676
9-44,610
9-45,612
9-46,611
9-47,677
9-48,613
9-49,615
9-50,614
9-51,678
9-52,616
9-53,618
9-54,617
9-55,679
9-56,619
9-57,621
9-58,620
9-59,680
9-60,622
9-61,624
9-62,623
9-63,681
9-64,625
9-65,627
9-66,626
9-67,682
9-68,628
9-69,630
9-70,629
9-71,683
9-72,631
9-73,633
9-74,632
9-75,684
9-76,634
9-77,636
9-78,635
9-79,685
9-80,637
9-81,639
9-82,638
9-83,686
9-84,640
9-85,642
9-86,641
9-87,687
9-88,643
9-89,645
9-90,644
9-91,688
9-92,646
9-93,648
9-94,647
9-95,689
9-96,649
9-97,651
9-98,650
9-99,690
9-100,652
9-101,654
9-102,653
9-103,691
9-104,655
9-105,657
9-106,656
9-107,692
9-108,658
9-109,660
9-110,659
9-111,693
9-112,661
9-113,663
9-114,662
9-115,694
10-0,548
10-1,550
10-2,549
10-3,579
10-4,464
10-5,466
10-6,465
10-7,551
10-8,467
10-9,469
10-10,468
10-11,552
10-12,470
10-13,472
10-14,471
10-15,553
10-16,473
10-17,475
10-18,474
10-19,554
10-20,476
10-21,478
10-22,477
10-23,555
10-24,479
10-25,481
10-26,480
10-27,556
10-28,482
10-29,484
10-30,483
10-31,557
10-32,485
10-33,487
10-34,486
10-35,558
10-36,488
10-37,490
10-38,489
10-39,559
10-40,491
10-41,493
10-42,492
10-43,560
10-44,494
10-45,496
10-46,495
10-47,561
10-48,497
10-49,499
10-50,498
10-51,562
10-52,500
10-53,502
10-54,501
10-55,563
10-56,503
10-57,505
10-58,504
10-59,564
10-60,506
10-61,508
10-62,507
10-63,565
10-64,509
10-65,511
10-66,510
10-67,566
10-68,512
10-69,514
10-70,513
10-71,567
10-72,515
10-73,517
10-74,516
10-75,568
10-76,518
10-77,520
10-78,519
10-79,569
10-80,521
10-81,523
10-82,522
10-83,570
10-84,524
10-85,526
10-86,525
10-87,571
10-88,527
10-89,529
10-90,528
10-91,572
10-92,530
10-93,532
10-94,531
10-95,573
10-96,533
10-97,535
10-98,534
10-99,574
10-100,536
10-101,538
10-102,537
10-103,575
10-104,539
10-105,541
10-106,540
10-107,576
10-108,542
10-109,544
10-110,543
10-111,577
10-112,545
10-113,547
10-114,546
10-115,578
12-0,780
12-1,782
12-2,781
12-3,811
12-4,696
12-5,698
12-6,697
12-7,783
12-8,699
12-9,701
12-10,700
12-11,784
12-12,702
12-13,704
12-14,703
12-15,785
12-16,705
12-17,707
12-18,706
12-19,786
12-20,708
12-21,710
12-22,709
12-23,787
12-24,711
12-25,713
12-26,712
12-27,788
12-28,714
12-29,716
12-30,715
12-31,789
12-32,717
12-33,719
12-34,718
12-35,790
12-36,720
12-37,722
12-38,721
12-39,791
12-40,723
12-41,725
12-42,724
12-43,792
12-44,726
12-45,728
12-46,727
12-47,793
12-48,729
12-49,731
12-50,730
12-51,794
12-52,732
12-53,734
12-54,733
12-55,795
12-56,735
12-57,737
12-58,736
12-59,796
12-60,738
12-61,740
12-62,739
12-63,797
12-64,741
12-65,743
12-66,742
12-67,798
12-68,744
12-69,746
12-70,745
12-71,799
12-72,747
12-73,749
12-74,748
12-75,800
12-76,750
12-77,752
12-78,751
12-79,801
12-80,753
12-81,755
12-82,754
12-83,802
12-84,756
12-85,758
12-86,757
12-87,803
12-88,759
12-89,761
12-90,760
12-91,804
12-92,762
12-93,764
12-94,763
12-95,805
12-96,765
12-97,767
12-98,766
12-99,806
12-100,768
12-101,770
12-102,769
12-103,807
12-104,771
12-105,773
12-106,772
12-107,808
12-108,774
12-109,776
12-110,775
12-111,809
12-112,777
12-113,779
12-114,778
12-115,810
13-0,1012
13-1,1014
13-2,1013
13-3,1043
13-4,928
13-5,930
13-6,929
13-7,1015
13-8,931
13-9,933
13-10,932
13-11,1016
13-12,934
13-13,936
13-14,935
13-15,1017
13-16,937
13-17,939
13-18,938
13-19,1018
13-20,940
13-21,942
13-22,941
13-23,1019
13-24,943
13-25,945
13-26,944
13-27,1020
13-28,946
13-29,948
13-30,947
13-31,1021
13-32,949
13-33,951
13-34,950
13-35,1022
13-36,952
13-37,954
13-38,953
13-39,1023
13-40,955
13-41,957
13-42,956
13-43,1024
13-44,958
13-45,960
13-46,959
13-47,1025
13-48,961
13-49,963
13-50,962
13-51,1026
13-52,964
13-53,966
13-54,965
13-55,1027
13-56,967
13-57,969
13-58,968
13-59,1028
13-60,970
13-61,972
13-62,971
13-63,1029
13-64,973
13-65,975
13-66,974
13-67,1030
13-68,976
13-69,978
13-70,977
13-71,1031
13-72,979
13-73,981
13-74,980
13-75,1032
13-76,982
13-77,984
13-78,983
13-79,1033
13-80,985
13-81,987
13-82,986
13-83,1034
13-84,988
13-85,990
13-86,989
13-87,1035
13-88,991
13-89,993
13-90,992
13-91,1036
13-92,994
13-93,996
13-94,995
13-95,1037
13-96,997
13-97,999
13-98,998
13-99,1038
13-100,1000
13-101,1002
13-102,1001
13-103,1039
13-104,1003
13-105,1005
13-106,1004
13-107,1040
13-108,1006
13-109,1008
13-110,1007
13-111,1041
13-112,1009
13-113,1011
13-114,1010
13-115,1042
14-0,896
14-1,898
14-2,897
14-3,927
14-4,812
14-5,814
14-6,813
14-7,899
14-8,815
14-9,817
14-10,816
14-11,900
14-12,818
14-13,820
14-14,819
14-15,901
14-16,821
14-17,823
14-18,822
14-19,902
14-20,824
14-21,826
14-22,825
14-23,903
14-24,827
14-25,829
14-26,828
14-27,904
14-28,830
14-29,832
14-30,831
14-31,905
14-32,833
14-33,835
14-34,834
14-35,906
14-36,836
14-37,838
14-38,837
14-39,907
14-40,839
14-41,841
14-42,840
14-43,908
14-44,842
14-45,844
14-46,843
14-47,909
14-48,845
14-49,847
14-50,846
14-51,910
14-52,848
14-53,850
14-54,849
14-55,911
14-56,851
14-57,853
14-58,852
14-59,912
14-60,854
14-61,856
14-62,855
14-63,913
14-64,857
14-65,859
14-66,858
14-67,914
14-68,860
14-69,862
14-70,861
14-71,915
14-72,863
14-73,865
14-74,864
14-75,916
14-76,866
14-77,868
14-78,867
14-79,917
14-80,869
14-81,871
14-82,870
14-83,918
14-84,872
14-85,874
14-86,873
14-87,919
14-88,875
14-89,877
14-90,876
14-91,920
14-92,878
14-93,880
14-94,879
14-95,921
14-96,881
14-97,883
14-98,882
14-99,922
14-100,884
14-101,886
14-102,885
14-103,923
14-104,887
14-105,889
14-106,888
14-107,924
14-108,890
14-109,892
14-110,891
14-111,925
14-112,893
14-113,895
14-114,894
14-115,926
16-0,1128
16-1,1130
16-2,1129
16-3,1159
16-4,1044
16-5,1046
16-6,1045
16-7,1131
16-8,1047
16-9,1049
16-10,1048
16-11,1132
16-12,1050
16-13,1052
16-14,1051
16-15,1133
16-16,1053
16-17,1055
16-18,1054
16-19,1134
16-20,1056
16-21,1058
16-22,1057
16-23,1135
16-24,1059
16-25,1061
16-26,1060
16-27,1136
16-28,1062
16-29,1064
16-30,1063
16-31,1137
16-32,1065
16-33,1067
16-34,1066
16-35,1138
16-36,1068
16-37,1070
16-38,1069
16-39,1139
16-40,1071
16-41,1073
16-42,1072
16-43,1140
16-44,1074
16-45,1076
16-46,1075
16-47,1141
16-48,1077
16-49,1079
16-50,1078
16-51,1142
16-52,1080
16-53,1082
16-54,1081
16-55,1143
16-56,1083
16-57,1085
16-58,1084
16-59,1144
16-60,1086
16-61,1088
16-62,1087
16-63,1145
16-64,1089
16-65,1091
16-66,1090
16-67,1146
16-68,1092
16-69,1094
16-70,1093
16-71,1147
16-72,1095
16-73,1097
16-74,1096
16-75,1148
16-76,1098
16-77,1100
16-78,1099
16-79,1149
16-80,1101
16-81,1103
16-82,1102
16-83,1150
16-84,1104
16-85,1106
16-86,1105
16-87,1151
16-88,1107
16-89,1109
16-90,1108
16-91,1152
16-92,1110
16-93,1112
16-94,1111
16-95,1153
16-96,1113
16-97,1115
16-98,1114
16-99,1154
16-100,1116
16-101,1118
16-102,1117
16-103,1155
16-104,1119
16-105,1121
16-106,1120
16-107,1156
16-108,1122
16-109,1124
16-110,1123
16-111,1157
16-112,1125
16-113,1127
16-114,1126
16-115,1158
17-0,1360
17-1,1362
17-2,1361
17-3,1391
17-4,1276
17-5,1278
17-6,1277
17-7,1363
17-8,1279
17-9,1281
17-10,1280
17-11,1364
17-12,1282
17-13,1284
17-14,1283
17-15,1365
17-16,1285
17-17,1287
17-18,1286
17-19,1366
17-20,1288
17-21,1290
17-22,1289
17-23,1367
17-24,1291
17-25,1293
17-26,1292
17-27,1368
17-28,1294
17-29,1296
17-30,1295
17-31,1369
17-32,1297
17-33,1299
17-34,1298
17-35,1370
17-36,1300
17-37,1302
17-38,1301
17-39,1371
17-40,1303
17-41,1305
17-42,1304
17-43,1372
17-44,1306
17-45,1308
17-46,1307
17-47,1373
17-48,1309
17-49,1311
17-50,1310
17-51,1374
17-52,1312
17-53,1314
17-54,1313
17-55,1375
17-56,1315
17-57,1317
17-58,1316
17-59,1376
17-60,1318
17-61,1320
17-62,1319
17-63,1377
17-64,1321
17-65,1323
17-66,1322
17-67,1378
17-68,1324
17-69,1326
17-70,1325
17-71,1379
17-72,1327
17-73,1329
17-74,1328
17-75,1380
17-76,1330
17-77,1332
17-78,1331
17-79,1381
17-80,1333
17-81,1335
17-82,1334
17-83,1382
17-84,1336
17-85,1338
17-86,1337
17-87,1383
17-88,1339
17-89,1341
17-90,1340
17-91,1384
17-92,1342
17-93,1344
17-94,1343
17-95,1385
17-96,1345
17-97,1347
17-98,1346
17-99,1386
17-100,1348
17-101,1350
17-102,1349
17-103,1387
17-104,1351
17-105,1353
17-106,1352
17-107,1388
17-108,1354
17-109,1356
17-110,1355
17-111,1389
17-112,1357
17-113,1359
17-114,1358
17-115,1390
18-0,1244
18-1,1246
18-2,1245
18-3,1275
18-4,1160
18-5,1162
18-6,1161
18-7,1247
18-8,1163
18-9,1165
18-10,1164
18-11,1248
18-12,1166
18-13,1168
18-14,1167
18-15,1249
18-16,1169
18-17,1171
18-18,1170
18-19,1250
18-20,1172
18-21,1174
18-22,1173
18-23,1251
18-24,1175
18-25,1177
18-26,1176
18-27,1252
18-28,1178
18-29,1180
18-30,1179
18-31,1253
18-32,1181
18-33,1183
18-34,1182
18-35,1254
18-36,1184
18-37,1186
18-38,1185
18-39,1255
18-40,1187
18-41,1189
18-42,1188
18-43,1256
18-44,1190
18-45,1192
18-46,1191
18-47,1257
18-48,1193
18-49,1195
18-50,1194
18-51,1258
18-52,1196
18-53,1198
18-54,1197
18-55,1259
18-56,1199
18-57,1201
18-58,1200
18-59,1260
18-60,1202
18-61,1204
18-62,1203
18-63,1261
18-64,1205
18-65,1207
18-66,1206
18-67,1262
18-68,1208
18-69,1210
18-70,1209
18-71,1263
18-72,1211
18-73,1213
18-74,1212
18-75,1264
18-76,1214
18-77,1216
18-78,1215
18-79,1265
18-80,1217
18-81,1219
18-82,1218
18-83,1266
18-84,1220
18-85,1222
18-86,1221
18-87,1267
18-88,1223
18-89,1225
18-90,1224
18-91,1268
18-92,1226
18-93,1228
18-94,1227
18-95,1269
18-96,1229
18-97,1231
18-98,1230
18-99,1270
18-100,1232
18-101,1234
18-102,1233
18-103,1271
18-104,1235
18-105,1237
18-106,1236
18-107,1272
18-108,1238
18-109,1240
18-110,1239
18-111,1273
18-112,1241
18-113,1243
18-114,1242
18-115,1274
20-0,1476
20-1,1478
20-2,1477
20-3,1507
20-4,1392
20-5,1394
20-6,1393
20-7,1479
20-8,1395
20-9,1397
20-10,1396
20-11,1480
20-12,1398
20-13,1400
20-14,1399
20-15,1481
20-16,1401
20-17,1403
20-18,1402
20-19,1482
20-20,1404
20-21,1406
20-22,1405
20-23,1483
20-24,1407
20-25,1409
20-26,1408
20-27,1484
20-28,1410
20-29,1412
20-30,1411
20-31,1485
20-32,1413
20-33,1415
20-34,1414
20-35,1486
20-36,1416
20-37,1418
20-38,1417
20-39,1487
20-40,1419
20-41,1421
20-42,1420
20-43,1488
20-44,1422
20-45,1424
20-46,1423
20-47,1489
20-48,1425
20-49,1427
20-50,1426
20-51,1490
20-52,1428
20-53,1430
20-54,1429
20-55,1491
20-56,1431
20-57,1433
20-58,1432
20-59,1492
20-60,1434
20-61,1436
20-62,1435
20-63,1493
20-64,1437
20-65,1439
20-66,1438
20-67,1494
20-68,1440
20-69,1442
20-70,1441
20-71,1495
20-72,1443
20-73,1445
20-74,1444
20-75,1496
20-76,1446
20-77,1448
20-78,1447
20-79,1497
20-80,1449
20-81,1451
20-82,1450
20-83,1498
20-84,1452
20-85,1454
20-86,1453
20-87,1499
20-88,1455
20-89,1457
20-90,1456
20-91,1500
20-92,1458
20-93,1460
20-94,1459
20-95,1501
20-96,1461
20-97,1463
20-98,1462
20-99,1502
20-100,1464
20-101,1466
20-102,1465
20-103,1503
20-104,1467
20-105,1469
20-106,1468
20-107,1504
20-108,1470
20-109,1472
20-110,1471
20-111,1505
20-112,1473
20-113,1475
20-114,1474
20-115,1506
21-0,1708
21-1,1710
21-2,1709
21-3,1739
21-4,1624
21-5,1626
21-6,1625
21-7,1711
21-8,1627
21-9,1629
21-10,1628
21-11,1712
21-12,1630
21-13,1632
21-14,1631
21-15,1713
21-16,1633
21-17,1635
21-18,1634
21-19,1714
21-20,1636
21-21,1638
21-22,1637
21-23,1715
21-24,1639
21-25,1641
21-26,1640
21-27,1716
21-28,1642
21-29,1644
21-30,1643
21-31,1717
21-32,1645
21-33,1647
21-34,1646
21-35,1718
21-36,1648
21-37,1650
21-38,1649
21-39,1719
21-40,1651
21-41,1653
21-42,1652
21-43,1720
21-44,1654
21-45,1656
21-46,1655
21-47,1721
21-48,1657
21-49,1659
21-50,1658
21-51,1722
21-52,1660
21-53,1662
21-54,1661
21-55,1723
21-56,1663
21-57,1665
21-58,1664
21-59,1724
21-60,1666
21-61,1668
21-62,1667
21-63,1725
21-64,1669
21-65,1671
21-66,1670
21-67,1726
21-68,1672
21-69,1674
21-70,1673
21-71,1727
21-72,1675
21-73,1677
21-74,1676
21-75,1728
21-76,1678
21-77,1680
21-78,1679
21-79,1729
21-80,1681
21-81,1683
21-82,1682
21-83,1730
21-84,1684
21-85,1686
21-86,1685
21-87,1731
21-88,1687
21-89,1689
21-90,1688
21-91,1732
21-92,1690
21-93,1692
21-94,1691
21-95,1733
21-96,1693
21-97,1695
21-98,1694
21-99,1734
21-100,1696
21-101,1698
21-102,1697
21-103,1735
21-104,1699
21-105,1701
21-106,1700
21-107,1736
21-108,1702
21-109,1704
21-110,1703
21-111,1737
21-112,1705
21-113,1707
21-114,1706
21-115,1738
22-0,1592
22-1,1594
22-2,1593
22-3,1623
22-4,1508
22-5,1510
22-6,1509
22-7,1595
22-8,1511
22-9,1513
22-10,1512
22-11,1596
22-12,1514
22-13,1516
22-14,1515
22-15,1597
22-16,1517
22-17,1519
22-18,1518
22-19,1598
22-20,1520
22-21,1522
22-22,1521
22-23,1599
22-24,1523
22-25,1525
22-26,1524
22-27,1600
22-28,1526
22-29,1528
22-30,1527
22-31,1601
22-32,1529
22-33,1531
22-34,1530
22-35,1602
22-36,1532
22-37,1534
22-38,1533
22-39,1603
22-40,1535
22-41,1537
22-42,1536
22-43,1604
22-44,1538
22-45,1540
22-46,1539
22-47,1605
22-48,1541
22-49,1543
22-50,1542
22-51,1606
22-52,1544
22-53,1546
22-54,1545
22-55,1607
22-56,1547
22-57,1549
22-58,1548
22-59,1608
22-60,1550
22-61,1552
22-62,1551
22-63,1609
22-64,1553
22-65,1555
22-66,1554
22-67,1610
22-68,1556
22-69,1558
22-70,1557
22-71,1611
22-72,1559
22-73,1561
22-74,1560
22-75,1612
22-76,1562
22-77,1564
22-78,1563
22-79,1613
22-80,1565
22-81,1567
22-82,1566
22-83,1614
22-84,1568
22-85,1570
22-86,1569
22-87,1615
22-88,1571
22-89,1573
22-90,1572
22-91,1616
22-92,1574
22-93,1576
22-94,1575
22-95,1617
22-96,1577
22-97,1579
22-98,1578
22-99,1618
22-100,1580
22-101,1582
22-102,1581
22-103,1619
22-104,1583
22-105,1585
22-106,1584
22-107,1620
22-108,1586
22-109,1588
22-110,1587
22-111,1621
22-112,1589
22-113,1591
22-114,1590
22-115,1622
24-0,1824
24-1,1826
24-2,1825
24-3,1855
24-4,1740
24-5,1742
24-6,1741
24-7,1827
24-8,1743
24-9,1745
24-10,1744
24-11,1828
24-12,1746
24-13,1748
24-14,1747
24-15,1829
24-16,1749
24-17,1751
24-18,1750
24-19,1830
24-20,1752
24-21,1754
24-22,1753
24-23,1831
24-24,1755
24-25,1757
24-26,1756
24-27,1832
24-28,1758
24-29,1760
24-30,1759
24-31,1833
24-32,1761
24-33,1763
24-34,1762
24-35,1834
24-36,1764
24-37,1766
24-38,1765
24-39,1835
24-40,1767
24-41,1769
24-42,1768
24-43,1836
24-44,1770
24-45,1772
24-46,1771
24-47,1837
24-48,1773
24-49,1775
24-50,1774
24-51,1838
24-52,1776
24-53,1778
24-54,1777
24-55,1839
24-56,1779
24-57,1781
24-58,1780
24-59,1840
24-60,1782
24-61,1784
24-62,1783
24-63,1841
24-64,1785
24-65,1787
24-66,1786
24-67,1842
24-68,1788
24-69,1790
24-70,1789
24-71,1843
24-72,1791
24-73,1793
24-74,1792
24-75,1844
24-76,1794
24-77,1796
24-78,1795
24-79,1845
24-80,1797
24-81,1799
24-82,1798
24-83,1846
24-84,1800
24-85,1802
24-86,1801
24-87,1847
24-88,1803
24-89,1805
24-90,1804
24-91,1848
24-92,1806
24-93,1808
24-94,1807
24-95,1849
24-96,1809
24-97,1811
24-98,1810
24-99,1850
24-100,1812
24-101,1814
24-102,1813
24-103,1851
24-104,1815
24-105,1817
24-106,1816
24-107,1852
24-108,1818
24-109,1820
24-110,1819
24-111,1853
24-112,1821
24-113,1823
24-114,1822
24-115,1854
25-0,2056
25-1,2058
25-2,2057
25-3,2087
25-4,1972
25-5,1974
25-6,1973
25-7,2059
25-8,1975
25-9,1977
25-10,1976
25-11,2060
25-12,1978
25-13,1980
25-14,1979
25-15,2061
25-16,1981
25-17,1983
25-18,1982
25-19,2062
25-20,1984
25-21,1986
25-22,1985
25-23,2063
25-24,1987
25-25,1989
25-26,1988
25-27,2064
25-28,1990
25-29,1992
25-30,1991
25-31,2065
25-32,1993
25-33,1995
25-34,1994
25-35,2066
25-36,1996
25-37,1998
25-38,1997
25-39,2067
25-40,1999
25-41,2001
25-42,2000
25-43,2068
25-44,2002
25-45,2004
25-46,2003
25-47,2069
25-48,2005
25-49,2007
25-50,2006
25-51,2070
25-52,2008
25-53,2010
25-54,2009
25-55,2071
25-56,2011
25-57,2013
25-58,2012
25-59,2072
25-60,2014
25-61,2016
25-62,2015
25-63,2073
25-64,2017
25-65,2019
25-66,2018
25-67,2074
25-68,2020
25-69,2022
25-70,2021
25-71,2075
25-72,2023
25-73,2025
25-74,2024
25-75,2076
25-76,2026
25-77,2028
25-78,2027
25-79,2077
25-80,2029
25-81,2031
25-82,2030
25-83,2078
25-84,2032
25-85,2034
25-86,2033
25-87,2079
25-88,2035
25-89,2037
25-90,2036
25-91,2080
25-92,2038
25-93,2040
25-94,2039
25-95,2081
25-96,2041
25-97,2043
25-98,2042
25-99,2082
25-100,2044
25-101,2046
25-102,2045
25-103,2083
25-104,2047
25-105,2049
25-106,2048
25-107,2084
25-108,2050
25-109,2052
25-110,2051
25-111,2085
25-112,2053
25-113,2055
25-114,2054
25-115,2086
26-0,1940
26-1,1942
26-2,1941
26-3,1971
26-4,1856
26-5,1858
26-6,1857
26-7,1943
26-8,1859
26-9,1861
26-10,1860
26-11,1944
26-12,1862
26-13,1864
26-14,1863
26-15,1945
26-16,1865
26-17,1867
26-18,1866
26-19,1946
26-20,1868
26-21,1870
26-22,1869
26-23,1947
26-24,1871
26-25,1873
26-26,1872
26-27,1948
26-28,1874
26-29,1876
26-30,1875
26-31,1949
26-32,1877
26-33,1879
26-34,1878
26-35,1950
26-36,1880
26-37,1882
26-38,1881
26-39,1951
26-40,1883
26-41,1885
26-42,1884
26-43,1952
26-44,1886
26-45,1888
26-46,1887
26-47,1953
26-48,1889
26-49,1891
26-50,1890
26-51,1954
26-52,1892
26-53,1894
26-54,1893
26-55,1955
26-56,1895
26-57,1897
26-58,1896
26-59,1956
26-60,1898
26-61,1900
26-62,1899
26-63,1957
26-64,1901
26-65,1903
26-66,1902
26-67,1958
26-68,1904
26-69,1906
26-70,1905
26-71,1959
26-72,1907
26-73,1909
26-74,1908
26-75,1960
26-76,1910
26-77,1912
26-78,1911
26-79,1961
26-80,1913
26-81,1915
26-82,1914
26-83,1962
26-84,1916
26-85,1918
26-86,1917
26-87,1963
26-88,1919
26-89,1921
26-90,1920
26-91,1964
26-92,1922
26-93,1924
26-94,1923
26-95,1965
26-96,1925
26-97,1927
26-98,1926
26-99,1966
26-100,1928
26-101,1930
26-102,1929
26-103,1967
26-104,1931
26-105,1933
26-106,1932
26-107,1968
26-108,1934
26-109,1936
26-110,1935
26-111,1969
26-112,1937
26-113,1939
26-114,1938
26-115,1970
28-0,2172
28-1,2174
28-2,2173
28-3,2203
28-4,2088
28-5,2090
28-6,2089
28-7,2175
28-8,2091
28-9,2093
28-10,2092
28-11,2176
28-12,2094
28-13,2096
28-14,2095
28-15,2177
28-16,2097
28-17,2099
28-18,2098
28-19,2178
28-20,2100
28-21,2102
28-22,2101
28-23,2179
28-24,2103
28-25,2105
28-26,2104
28-27,2180
28-28,2106
28-29,2108
28-30,2107
28-31,2181
28-32,2109
28-33,2111
28-34,2110
28-35,2182
28-36,2112
28-37,2114
28-38,2113
28-39,2183
28-40,2115
28-41,2117
28-42,2116
28-43,2184
28-44,2118
28-45,2120
28-46,2119
28-47,2185
28-48,2121
28-49,2123
28-50,2122
28-51,2186
28-52,2124
28-53,2126
28-54,2125
28-55,2187
28-56,2127
28-57,2129
28-58,2128
28-59,2188
28-60,2130
28-61,2132
28-62,2131
28-63,2189
28-64,2133
28-65,2135
28-66,2134
28-67,2190
28-68,2136
28-69,2138
28-70,2137
28-71,2191
28-72,2139
28-73,2141
28-74,2140
28-75,2192
28-76,2142
28-77,2144
28-78,2143
28-79,2193
28-80,2145
28-81,2147
28-82,2146
28-83,2194
28-84,2148
28-85,2150
28-86,2149
28-87,2195
28-88,2151
28-89,2153
28-90,2152
28-91,2196
28-92,2154
28-93,2156
28-94,2155
28-95,2197
28-96,2157
28-97,2159
28-98,2158
28-99,2198
28-100,2160
28-101,2162
28-102,2161
28-103,2199
28-104,2163
28-105,2165
28-106,2164
28-107,2200
28-108,2166
28-109,2168
28-110,2167
28-111,2201
28-112,2169
28-113,2171
28-114,2170
28-115,2202
29-0,2404
29-1,2406
29-2,2405
29-3,2435
29-4,2320
29-5,2322
29-6,2321
29-7,2407
29-8,2323
29-9,2325
29-10,2324
29-11,2408
29-12,2326
29-13,2328
29-14,2327
29-15,2409
29-16,2329
29-17,2331
29-18,2330
29-19,2410
29-20,2332
29-21,2334
29-22,2333
29-23,2411
29-24,2335
29-25,2337
29-26,2336
29-27,2412
29-28,2338
29-29,2340
29-30,2339
29-31,2413
29-32,2341
29-33,2343
29-34,2342
29-35,2414
29-36,2344
29-37,2346
29-38,2345
29-39,2415
29-40,2347
29-41,2349
29-42,2348
29-43,2416
29-44,2350
29-45,2352
29-46,2351
29-47,2417
29-48,2353
29-49,2355
29-50,2354
29-51,2418
29-52,2356
29-53,2358
29-54,2357
29-55,2419
29-56,2359
29-57,2361
29-58,2360
29-59,2420
29-60,2362
29-61,2364
29-62,2363
29-63,2421
29-64,2365
29-65,2367
29-66,2366
29-67,2422
29-68,2368
29-69,2370
29-70,2369
29-71,2423
29-72,2371
29-73,2373
29-74,2372
29-75,2424
29-76,2374
29-77,2376
29-78,2375
29-79,2425
29-80,2377
29-81,2379
29-82,2378
29-83,2426
29-84,2380
29-85,2382
29-86,2381
29-87,2427
29-88,2383
29-89,2385
29-90,2384
29-91,2428
29-92,2386
29-93,2388
29-94,2387
29-95,2429
29-96,2389
29-97,2391
29-98,2390
29-99,2430
29-100,2392
29-101,2394
29-102,2393
29-103,2431
29-104,2395
29-105,2397
29-106,2396
29-107,2432
29-108,2398
29-109,2400
29-110,2399
29-111,2433
29-112,2401
29-113,2403
29-114,2402
29-115,2434
30-0,2288
30-1,2290
30-2,2289
30-3,2319
30-4,2204
30-5,2206
30-6,2205
30-7,2291
30-8,2207
30-9,2209
30-10,2208
30-11,2292
30-12,2210
30-13,2212
30-14,2211
30-15,2293
30-16,2213
30-17,2215
30-18,2214
30-19,2294
30-20,2216
30-21,2218
30-22,2217
30-23,2295
30-24,2219
30-25,2221
30-26,2220
30-27,2296
30-28,2222
30-29,2224
30-30,2223
30-31,2297
30-32,2225
30-33,2227
30-34,2226
30-35,2298
30-36,2228
30-37,2230
30-38,2229
30-39,2299
30-40,2231
30-41,2233
30-42,2232
30-43,2300
30-44,2234
30-45,2236
30-46,2235
30-47,2301
30-48,2237
30-49,2239
30-50,2238
30-51,2302
30-52,2240
30-53,2242
30-54,2241
30-55,2303
30-56,2243
30-57,2245
30-58,2244
30-59,2304
30-60,2246
30-61,2248
30-62,2247
30-63,2305
30-64,2249
30-65,2251
30-66,2250
30-67,2306
30-68,2252
30-69,2254
30-70,2253
30-71,2307
30-72,2255
30-73,2257
30-74,2256
30-75,2308
30-76,2258
30-77,2260
30-78,2259
30-79,2309
30-80,2261
30-81,2263
30-82,2262
30-83,2310
30-84,2264
30-85,2266
30-86,2265
30-87,2311
30-88,2267
30-89,2269
30-90,2268
30-91,2312
30-92,2270
30-93,2272
30-94,2271
30-95,2313
30-96,2273
30-97,2275
30-98,2274
30-99,2314
30-100,2276
30-101,2278
30-102,2277
30-103,2315
30-104,2279
30-105,2281
30-106,2280
30-107,2316
30-108,2282
30-109,2284
30-110,2283
30-111,2317
30-112,2285
30-113,2287
30-114,2286
30-115,2318
32-0,2520
32-1,2522
32-2,2521
32-3,2551
32-4,2436
32-5,2438
32-6,2437
32-7,2523
32-8,2439
32-9,2441
32-10,2440
32-11,2524
32-12,2442
32-13,2444
32-14,2443
32-15,2525
32-16,2445
32-17,2447
32-18,2446
32-19,2526
32-20,2448
32-21,2450
32-22,2449
32-23,2527
32-24,2451
32-25,2453
32-26,2452
32-27,2528
32-28,2454
32-29,2456
32-30,2455
32-31,2529
32-32,2457
32-33,2459
32-34,2458
32-35,2530
32-36,2460
32-37,2462
32-38,2461
32-39,2531
32-40,2463
32-41,2465
32-42,2464
32-43,2532
32-44,2466
32-45,2468
32-46,2467
32-47,2533
32-48,2469
32-49,2471
32-50,2470
32-51,2534
32-52,2472
32-53,2474
32-54,2473
32-55,2535
32-56,2475
32-57,2477
32-58,2476
32-59,2536
32-60,2478
32-61,2480
32-62,2479
32-63,2537
32-64,2481
32-65,2483
32-66,2482
32-67,2538
32-68,2484
32-69,2486
32-70,2485
32-71,2539
32-72,2487
32-73,2489
32-74,2488
32-75,2540
32-76,2490
32-77,2492
32-78,2491
32-79,2541
32-80,2493
32-81,2495
32-82,2494
32-83,2542
32-84,2496
32-85,2498
32-86,2497
32-87,2543
32-88,2499
32-89,2501
32-90,2500
32-91,2544
32-92,2502
32-93,2504
32-94,2503
32-95,2545
32-96,2505
32-97,2507
32-98,2506
32-99,2546
32-100,2508
32-101,2510
32-102,2509
32-103,2547
32-104,2511
32-105,2513
32-106,2512
32-107,2548
32-108,2514
32-109,2516
32-110,2515
32-111,2549
32-112,2517
32-113,2519
32-114,2518
32-115,2550
33-0,2752
33-1,2754
33-2,2753
33-3,2783
33-4,2668
33-5,2670
33-6,2669
33-7,2755
33-8,2671
33-9,2673
33-10,2672
33-11,2756
33-12,2674
33-13,2676
33-14,2675
33-15,2757
33-16,2677
33-17,2679
33-18,2678
33-19,2758
33-20,2680
33-21,2682
33-22,2681
33-23,2759
33-24,2683
33-25,2685
33-26,2684
33-27,2760
33-28,2686
33-29,2688
33-30,2687
33-31,2761
33-32,2689
33-33,2691
33-34,2690
33-35,2762
33-36,2692
33-37,2694
33-38,2693
33-39,2763
33-40,2695
33-41,2697
33-42,2696
33-43,2764
33-44,2698
33-45,2700
33-46,2699
33-47,2765
33-48,2701
33-49,2703
33-50,2702
33-51,2766
33-52,2704
33-53,2706
33-54,2705
33-55,2767
33-56,2707
33-57,2709
33-58,2708
33-59,2768
33-60,2710
33-61,2712
33-62,2711
33-63,2769
33-64,2713
33-65,2715
33-66,2714
33-67,2770
33-68,2716
33-69,2718
33-70,2717
33-71,2771
33-72,2719
33-73,2721
33-74,2720
33-75,2772
33-76,2722
33-77,2724
33-78,2723
33-79,2773
33-80,2725
33-81,2727
33-82,2726
33-83,2774
33-84,2728
33-85,2730
33-86,2729
33-87,2775
33-88,2731
33-89,2733
33-90,2732
33-91,2776
33-92,2734
33-93,2736
33-94,2735
33-95,2777
33-96,2737
33-97,2739
33-98,2738
33-99,2778
33-100,2740
33-101,2742
33-102,2741
33-103,2779
33-104,2743
33-105,2745
33-106,2744
33-107,2780
33-108,2746
33-109,2748
33-110,2747
33-111,2781
33-112,2749
33-113,2751
33-114,2750
33-115,2782
34-0,2636
34-1,2638
34-2,2637
34-3,2667
34-4,2552
34-5,2554
34-6,2553
34-7,2639
34-8,2555
34-9,2557
34-10,2556
34-11,2640
34-12,2558
34-13,2560
34-14,2559
34-15,2641
34-16,2561
34-17,2563
34-18,2562
34-19,2642
34-20,2564
34-21,2566
34-22,2565
34-23,2643
34-24,2567
34-25,2569
34-26,2568
34-27,2644
34-28,2570
34-29,2572
34-30,2571
34-31,2645
34-32,2573
34-33,2575
34-34,2574
34-35,2646
34-36,2576
34-37,2578
34-38,2577
34-39,2647
34-40,2579
34-41,2581
34-42,2580
34-43,2648
34-44,2582
34-45,2584
34-46,2583
34-47,2649
34-48,2585
34-49,2587
34-50,2586
34-51,2650
34-52,2588
34-53,2590
34-54,2589
34-55,2651
34-56,2591
34-57,2593
34-58,2592
34-59,2652
34-60,2594
34-61,2596
34-62,2595
34-63,2653
34-64,2597
34-65,2599
34-66,2598
34-67,2654
34-68,2600
34-69,2602
34-70,2601
34-71,2655
34-72,2603
34-73,2605
34-74,2604
34-75,2656
34-76,2606
34-77,2608
34-78,2607
34-79,2657
34-80,2609
34-81,2611
34-82,2610
34-83,2658
34-84,2612
34-85,2614
34-86,2613
34-87,2659
34-88,2615
34-89,2617
34-90,2616
34-91,2660
34-92,2618
34-93,2620
34-94,2619
34-95,2661
34-96,2621
34-97,2623
34-98,2622
34-99,2662
34-100,2624
34-101,2626
34-102,2625
34-103,2663
34-104,2627
34-105,2629
34-106,2628
34-107,2664
34-108,2630
34-109,2632
34-110,2631
34-111,2665
34-112,2633
34-113,2635
34-114,2634
34-115,2666
36-0,2868
36-1,2870
36-2,2869
36-3,2899
36-4,2784
36-5,2786
36-6,2785
36-7,2871
36-8,2787
36-9,2789
36-10,2788
36-11,2872
36-12,2790
36-13,2792
36-14,2791
36-15,2873
36-16,2793
36-17,2795
36-18,2794
36-19,2874
36-20,2796
36-21,2798
36-22,2797
36-23,2875
36-24,2799
36-25,2801
36-26,2800
36-27,2876
36-28,2802
36-29,2804
36-30,2803
36-31,2877
36-32,2805
36-33,2807
36-34,2806
36-35,2878
36-36,2808
36-37,2810
36-38,2809
36-39,2879
36-40,2811
36-41,2813
36-42,2812
36-43,2880
36-44,2814
36-45,2816
36-46,2815
36-47,2881
36-48,2817
36-49,2819
36-50,2818
36-51,2882
36-52,2820
36-53,2822
36-54,2821
36-55,2883
36-56,2823
36-57,2825
36-58,2824
36-59,2884
36-60,2826
36-61,2828
36-62,2827
36-63,2885
36-64,2829
36-65,2831
36-66,2830
36-67,2886
36-68,2832
36-69,2834
36-70,2833
36-71,2887
36-72,2835
36-73,2837
36-74,2836
36-75,2888
36-76,2838
36-77,2840
36-78,2839
36-79,2889
36-80,2841
36-81,2843
36-82,2842
36-83,2890
36-84,2844
36-85,2846
36-86,2845
36-87,2891
36-88,2847
36-89,2849
36-90,2848
36-91,2892
36-92,2850
36-93,2852
36-94,2851
36-95,2893
36-96,2853
36-97,2855
36-98,2854
36-99,2894
36-100,2856
36-101,2858
36-102,2857
36-103,2895
36-104,2859
36-105,2861
36-106,2860
36-107,2896
36-108,2862
36-109,2864
36-110,2863
36-111,2897
36-112,2865
36-113,2867
36-114,2866
36-115,2898
37-0,3100
37-1,3102
37-2,3101
37-3,3131
37-4,3016
37-5,3018
37-6,3017
37-7,3103
37-8,3019
37-9,3021
37-10,3020
37-11,3104
37-12,3022
37-13,3024
37-14,3023
37-15,3105
37-16,3025
37-17,3027
37-18,3026
37-19,3106
37-20,3028
37-21,3030
37-22,3029
37-23,3107
37-24,3031
37-25,3033
37-26,3032
37-27,3108
37-28,3034
37-29,3036
37-30,3035
37-31,3109
37-32,3037
37-33,3039
37-34,3038
37-35,3110
37-36,3040
37-37,3042
37-38,3041
37-39,3111
37-40,3043
37-41,3045
37-42,3044
37-43,3112
37-44,3046
37-45,3048
37-46,3047
37-47,3113
37-48,3049
37-49,3051
37-50,3050
37-51,3114
37-52,3052
37-53,3054
37-54,3053
37-55,3115
37-56,3055
37-57,3057
37-58,3056
37-59,3116
37-60,3058
37-61,3060
37-62,3059
37-63,3117
37-64,3061
37-65,3063
37-66,3062
37-67,3118
37-68,3064
37-69,3066
37-70,3065
37-71,3119
37-72,3067
37-73,3069
37-74,3068
37-75,3120
37-76,3070
37-77,3072
37-78,3071
37-79,3121
37-80,3073
37-81,3075
37-82,3074
37-83,3122
37-84,3076
37-85,3078
37-86,3077
37-87,3123
37-88,3079
37-89,3081
37-90,3080
37-91,3124
37-92,3082
37-93,3084
37-94,3083
37-95,3125
37-96,3085
37-97,3087
37-98,3086
37-99,3126
37-100,3088
37-101,3090
37-102,3089
37-103,3127
37-104,3091
37-105,3093
37-106,3092
37-107,3128
37-108,3094
37-109,3096
37-110,3095
37-111,3129
37-112,3097
37-113,3099
37-114,3098
37-115,3130
38-0,2984
38-1,2986
38-2,2985
38-3,3015
38-4,2900
38-5,2902
38-6,2901
38-7,2987
38-8,2903
38-9,2905
38-10,2904
38-11,2988
38-12,2906
38-13,2908
38-14,2907
38-15,2989
38-16,2909
38-17,2911
38-18,2910
38-19,2990
38-20,2912
38-21,2914
38-22,2913
38-23,2991
38-24,2915
38-25,2917
38-26,2916
38-27,2992
38-28,2918
38-29,2920
38-30,2919
38-31,2993
38-32,2921
38-33,2923
38-34,2922
38-35,2994
38-36,2924
38-37,2926
38-38,2925
38-39,2995
38-40,2927
38-41,2929
38-42,2928
38-43,2996
38-44,2930
38-45,2932
38-46,2931
38-47,2997
38-48,2933
38-49,2935
38-50,2934
38-51,2998
38-52,2936
38-53,2938
38-54,2937
38-55,2999
38-56,2939
38-57,2941
38-58,2940
38-59,3000
38-60,2942
38-61,2944
38-62,2943
38-63,3001
38-64,2945
38-65,2947
38-66,2946
38-67,3002
38-68,2948
38-69,2950
38-70,2949
38-71,3003
38-72,2951
38-73,2953
38-74,2952
38-75,3004
38-76,2954
38-77,2956
38-78,2955
38-79,3005
38-80,2957
38-81,2959
38-82,2958
38-83,3006
38-84,2960
38-85,2962
38-86,2961
38-87,3007
38-88,2963
38-89,2965
38-90,2964
38-91,3008
38-92,2966
38-93,2968
38-94,2967
38-95,3009
38-96,2969
38-97,2971
38-98,2970
38-99,3010
38-100,2972
38-101,2974
38-102,2973
38-103,3011
38-104,2975
38-105,2977
38-106,2976
38-107,3012
38-108,2978
38-109,2980
38-110,2979
38-111,3013
38-112,2981
38-113,2983
38-114,2982
38-115,3014
40-0,3216
40-1,3218
40-2,3217
40-3,3247
40-4,3132
40-5,3134
40-6,3133
40-7,3219
40-8,3135
40-9,3137
40-10,3136
40-11,3220
40-12,3138
40-13,3140
40-14,3139
40-15,3221
40-16,3141
40-17,3143
40-18,3142
40-19,3222
40-20,3144
40-21,3146
40-22,3145
40-23,3223
40-24,3147
40-25,3149
40-26,3148
40-27,3224
40-28,3150
40-29,3152
40-30,3151
40-31,3225
40-32,3153
40-33,3155
40-34,3154
40-35,3226
40-36,3156
40-37,3158
40-38,3157
40-39,3227
40-40,3159
40-41,3161
40-42,3160
40-43,3228
40-44,3162
40-45,3164
40-46,3163
40-47,3229
40-48,3165
40-49,3167
40-50,3166
40-51,3230
40-52,3168
40-53,3170
40-54,3169
40-55,3231
40-56,3171
40-57,3173
40-58,3172
40-59,3232
40-60,3174
40-61,3176
40-62,3175
40-63,3233
40-64,3177
40-65,3179
40-66,3178
40-67,3234
40-68,3180
40-69,3182
40-70,3181
40-71,3235
40-72,3183
40-73,3185
40-74,3184
40-75,3236
40-76,3186
40-77,3188
40-78,3187
40-79,3237
40-80,3189
40-81,3191
40-82,3190
40-83,3238
40-84,3192
40-85,3194
40-86,3193
40-87,3239
40-88,3195
40-89,3197
40-90,3196
40-91,3240
40-92,3198
40-93,3200
40-94,3199
40-95,3241
40-96,3201
40-97,3203
40-98,3202
40-99,3242
40-100,3204
40-101,3206
40-102,3205
40-103,3243
40-104,3207
40-105,3209
40-106,3208
40-107,3244
40-108,3210
40-109,3212
40-110,3211
40-111,3245
40-112,3213
40-113,3215
40-114,3214
40-115,3246
41-0,3448
41-1,3450
41-2,3449
41-3,3479
41-4,3364
41-5,3366
41-6,3365
41-7,3451
41-8,3367
41-9,3369
41-10,3368
41-11,3452
41-12,3370
41-13,3372
41-14,3371
41-15,3453
41-16,3373
41-17,3375
41-18,3374
41-19,3454
41-20,3376
41-21,3378
41-22,3377
41-23,3455
41-24,3379
41-25,3381
41-26,3380
41-27,3456
41-28,3382
41-29,3384
41-30,3383
41-31,3457
41-32,3385
41-33,3387
41-34,3386
41-35,3458
41-36,3388
41-37,3390
41-38,3389
41-39,3459
41-40,3391
41-41,3393
41-42,3392
41-43,3460
41-44,3394
41-45,3396
41-46,3395
41-47,3461
41-48,3397
41-49,3399
41-50,3398
41-51,3462
41-52,3400
41-53,3402
41-54,3401
41-55,3463
41-56,3403
41-57,3405
41-58,3404
41-59,3464
41-60,3406
41-61,3408
41-62,3407
41-63,3465
41-64,3409
41-65,3411
41-66,3410
41-67,3466
41-68,3412
41-69,3414
41-70,3413
41-71,3467
41-72,3415
41-73,3417
41-74,3416
41-75,3468
41-76,3418
41-77,3420
41-78,3419
41-79,3469
41-80,3421
41-81,3423
41-82,3422
41-83,3470
41-84,3424
41-85,3426
41-86,3425
41-87,3471
41-88,3427
41-89,3429
41-90,3428
41-91,3472
41-92,3430
41-93,3432
41-94,3431
41-95,3473
41-96,3433
41-97,3435
41-98,3434
41-99,3474
41-100,3436
41-101,3438
41-102,3437
41-103,3475
41-104,3439
41-105,3441
41-106,3440
41-107,3476
41-108,3442
41-109,3444
41-110,3443
41-111,3477
41-112,3445
41-113,3447
41-114,3446
41-115,3478
42-0,3332
42-1,3334
42-2,3333
42-3,3363
42-4,3248
42-5,3250
42-6,3249
42-7,3335
42-8,3251
42-9,3253
42-10,3252
42-11,3336
42-12,3254
42-13,3256
42-14,3255
42-15,3337
42-16,3257
42-17,3259
42-18,3258
42-19,3338
42-20,3260
42-21,3262
42-22,3261
42-23,3339
42-24,3263
42-25,3265
42-26,3264
42-27,3340
42-28,3266
42-29,3268
42-30,3267
42-31,3341
42-32,3269
42-33,3271
42-34,3270
42-35,3342
42-36,3272
42-37,3274
42-38,3273
42-39,3343
42-40,3275
42-41,3277
42-42,3276
42-43,3344
42-44,3278
42-45,3280
42-46,3279
42-47,3345
42-48,3281
42-49,3283
42-50,3282
42-51,3346
42-52,3284
42-53,3286
42-54,3285
42-55,3347
42-56,3287
42-57,3289
42-58,3288
42-59,3348
42-60,3290
42-61,3292
42-62,3291
42-63,3349
42-64,3293
42-65,3295
42-66,3294
42-67,3350
42-68,3296
42-69,3298
42-70,3297
42-71,3351
42-72,3299
42-73,3301
42-74,3300
42-75,3352
42-76,3302
42-77,3304
42-78,3303
42-79,3353
42-80,3305
42-81,3307
42-82,3306
42-83,3354
42-84,3308
42-85,3310
42-86,3309
42-87,3355
42-88,3311
42-89,3313
42-90,3312
42-91,3356
42-92,3314
42-93,3316
42-94,3315
42-95,3357
42-96,3317
42-97,3319
42-98,3318
42-99,3358
42-100,3320
42-101,3322
42-102,3321
42-103,3359
42-104,3323
42-105,3325
42-106,3324
42-107,3360
42-108,3326
42-109,3328
42-110,3327
42-111,3361
42-112,3329
42-113,3331
42-114,3330
42-115,3362
44-0,3564
44-1,3566
44-2,3565
44-3,3595
44-4,3480
44-5,3482
44-6,3481
44-7,3567
44-8,3483
44-9,3485
44-10,3484
44-11,3568
44-12,3486
44-13,3488
44-14,3487
44-15,3569
44-16,3489
44-17,3491
44-18,3490
44-19,3570
44-20,3492
44-21,3494
44-22,3493
44-23,3571
44-24,3495
44-25,3497
44-26,3496
44-27,3572
44-28,3498
44-29,3500
44-30,3499
44-31,3573
44-32,3501
44-33,3503
44-34,3502
44-35,3574
44-36,3504
44-37,3506
44-38,3505
44-39,3575
44-40,3507
44-41,3509
44-42,3508
44-43,3576
44-44,3510
44-45,3512
44-46,3511
44-47,3577
44-48,3513
44-49,3515
44-50,3514
44-51,3578
44-52,3516
44-53,3518
44-54,3517
44-55,3579
44-56,3519
44-57,3521
44-58,3520
44-59,3580
44-60,3522
44-61,3524
44-62,3523
44-63,3581
44-64,3525
44-65,3527
44-66,3526
44-67,3582
44-68,3528
44-69,3530
44-70,3529
44-71,3583
44-72,3531
44-73,3533
44-74,3532
44-75,3584
44-76,3534
44-77,3536
44-78,3535
44-79,3585
44-80,3537
44-81,3539
44-82,3538
44-83,3586
44-84,3540
44-85,3542
44-86,3541
44-87,3587
44-88,3543
44-89,3545
44-90,3544
44-91,3588
44-92,3546
44-93,3548
44-94,3547
44-95,3589
44-96,3549
44-97,3551
44-98,3550
44-99,3590
44-100,3552
44-101,3554
44-102,3553
44-103,3591
44-104,3555
44-105,3557
44-106,3556
44-107,3592
44-108,3558
44-109,3560
44-110,3559
44-111,3593
44-112,3561
44-113,3563
44-114,3562
44-115,3594
45-0,3796
45-1,3798
45-2,3797
45-3,3827
45-4,3712
45-5,3714
45-6,3713
45-7,3799
45-8,3715
45-9,3717
45-10,3716
45-11,3800
45-12,3718
45-13,3720
45-14,3719
45-15,3801
45-16,3721
45-17,3723
45-18,3722
45-19,3802
45-20,3724
45-21,3726
45-22,3725
45-23,3803
45-24,3727
45-25,3729
45-26,3728
45-27,3804
45-28,3730
45-29,3732
45-30,3731
45-31,3805
45-32,3733
45-33,3735
45-34,3734
45-35,3806
45-36,3736
45-37,3738
45-38,3737
45-39,3807
45-40,3739
45-41,3741
45-42,3740
45-43,3808
45-44,3742
45-45,3744
45-46,3743
45-47,3809
45-48,3745
45-49,3747
45-50,3746
45-51,3810
45-52,3748
45-53,3750
45-54,3749
45-55,3811
45-56,3751
45-57,3753
45-58,3752
45-59,3812
45-60,3754
45-61,3756
45-62,3755
45-63,3813
45-64,3757
45-65,3759
45-66,3758
45-67,3814
45-68,3760
45-69,3762
45-70,3761
45-71,3815
45-72,3763
45-73,3765
45-74,3764
45-75,3816
45-76,3766
45-77,3768
45-78,3767
45-79,3817
45-80,3769
45-81,3771
45-82,3770
45-83,3818
45-84,3772
45-85,3774
45-86,3773
45-87,3819
45-88,3775
45-89,3777
45-90,3776
45-91,3820
45-92,3778
45-93,3780
45-94,3779
45-95,3821
45-96,3781
45-97,3783
45-98,3782
45-99,3822
45-100,3784
45-101,3786
45-102,3785
45-103,3823
45-104,3787
45-105,3789
45-106,3788
45-107,3824
45-108,3790
45-109,3792
45-110,3791
45-111,3825
45-112,3793
45-113,3795
45-114,3794
45-115,3826
46-0,3680
46-1,3682
46-2,3681
46-3,3711
46-4,3596
46-5,3598
46-6,3597
46-7,3683
46-8,3599
46-9,3601
46-10,3600
46-11,3684
46-12,3602
46-13,3604
46-14,3603
46-15,3685
46-16,3605
46-17,3607
46-18,3606
46-19,3686
46-20,3608
46-21,3610
46-22,3609
46-23,3687
46-24,3611
46-25,3613
46-26,3612
46-27,3688
46-28,3614
46-29,3616
46-30,3615
46-31,3689
46-32,3617
46-33,3619
46-34,3618
46-35,3690
46-36,3620
46-37,3622
46-38,3621
46-39,3691
46-40,3623
46-41,3625
46-42,3624
46-43,3692
46-44,3626
46-45,3628
46-46,3627
46-47,3693
46-48,3629
46-49,3631
46-50,3630
46-51,3694
46-52,3632
46-53,3634
46-54,3633
46-55,3695
46-56,3635
46-57,3637
46-58,3636
46-59,3696
46-60,3638
46-61,3640
46-62,3639
46-63,3697
46-64,3641
46-65,3643
46-66,3642
46-67,3698
46-68,3644
46-69,3646
46-70,3645
46-71,3699
46-72,3647
46-73,3649
46-74,3648
46-75,3700
46-76,3650
46-77,3652
46-78,3651
46-79,3701
46-80,3653
46-81,3655
46-82,3654
46-83,3702
46-84,3656
46-85,3658
46-86,3657
46-87,3703
46-88,3659
46-89,3661
46-90,3660
46-91,3704
46-92,3662
46-93,3664
46-94,3663
46-95,3705
46-96,3665
46-97,3667
46-98,3666
46-99,3706
46-100,3668
46-101,3670
46-102,3669
46-103,3707
46-104,3671
46-105,3673
46-106,3672
46-107,3708
46-108,3674
46-109,3676
46-110,3675
46-111,3709
46-112,3677
46-113,3679
46-114,3678
46-115,3710
48-0,3912
48-1,3914
48-2,3913
48-3,3943
48-4,3828
48-5,3830
48-6,3829
48-7,3915
48-8,3831
48-9,3833
48-10,3832
48-11,3916
48-12,3834
48-13,3836
48-14,3835
48-15,3917
48-16,3837
48-17,3839
48-18,3838
48-19,3918
48-20,3840
48-21,3842
48-22,3841
48-23,3919
48-24,3843
48-25,3845
48-26,3844
48-27,3920
48-28,3846
48-29,3848
48-30,3847
48-31,3921
48-32,3849
48-33,3851
48-34,3850
48-35,3922
48-36,3852
48-37,3854
48-38,3853
48-39,3923
48-40,3855
48-41,3857
48-42,3856
48-43,3924
48-44,3858
48-45,3860
48-46,3859
48-47,3925
48-48,3861
48-49,3863
48-50,3862
48-51,3926
48-52,3864
48-53,3866
48-54,3865
48-55,3927
48-56,3867
48-57,3869
48-58,3868
48-59,3928
48-60,3870
48-61,3872
48-62,3871
48-63,3929
48-64,3873
48-65,3875
48-66,3874
48-67,3930
48-68,3876
48-69,3878
48-70,3877
48-71,3931
48-72,3879
48-73,3881
48-74,3880
48-75,3932
48-76,3882
48-77,3884
48-78,3883
48-79,3933
48-80,3885
48-81,3887
48-82,3886
48-83,3934
48-84,3888
48-85,3890
48-86,3889
48-87,3935
48-88,3891
48-89,3893
48-90,3892
48-91,3936
48-92,3894
48-93,3896
48-94,3895
48-95,3937
48-96,3897
48-97,3899
48-98,3898
48-99,3938
48-100,3900
48-101,3902
48-102,3901
48-103,3939
48-104,3903
48-105,3905
48-106,3904
48-107,3940
48-108,3906
48-109,3908
48-110,3907
48-111,3941
48-112,3909
48-113,3911
48-114,3910
48-115,3942
49-0,4144
49-1,4146
49-2,4145
49-3,4175
49-4,4060
49-5,4062
49-6,4061
49-7,4147
49-8,4063
49-9,4065
49-10,4064
49-11,4148
49-12,4066
49-13,4068
49-14,4067
49-15,4149
49-16,4069
49-17,4071
49-18,4070
49-19,4150
49-20,4072
49-21,4074
49-22,4073
49-23,4151
49-24,4075
49-25,4077
49-26,4076
49-27,4152
49-28,4078
49-29,4080
49-30,4079
49-31,4153
49-32,4081
49-33,4083
49-34,4082
49-35,4154
49-36,4084
49-37,4086
49-38,4085
49-39,4155
49-40,4087
49-41,4089
49-42,4088
49-43,4156
49-44,4090
49-45,4092
49-46,4091
49-47,4157
49-48,4093
49-49,4095
49-50,4094
49-51,4158
49-52,4096
49-53,4098
49-54,4097
49-55,4159
49-56,4099
49-57,4101
49-58,4100
49-59,4160
49-60,4102
49-61,4104
49-62,4103
49-63,4161
49-64,4105
49-65,4107
49-66,4106
49-67,4162
49-68,4108
49-69,4110
49-70,4109
49-71,4163
49-72,4111
49-73,4113
49-74,4112
49-75,4164
49-76,4114
49-77,4116
49-78,4115
49-79,4165
49-80,4117
49-81,4119
49-82,4118
49-83,4166
49-84,4120
49-85,4122
49-86,4121
49-87,4167
49-88,4123
49-89,4125
49-90,4124
49-91,4168
49-92,4126
49-93,4128
49-94,4127
49-95,4169
49-96,4129
49-97,4131
49-98,4130
49-99,4170
49-100,4132
49-101,4134
49-102,4133
49-103,4171
49-104,4135
49-105,4137
49-106,4136
49-107,4172
49-108,4138
49-109,4140
49-110,4139
49-111,4173
49-112,4141
49-113,4143
49-114,4142
49-115,4174
50-0,4028
50-1,4030
50-2,4029
50-3,4059
50-4,3944
50-5,3946
50-6,3945
50-7,4031
50-8,3947
50-9,3949
50-10,3948
50-11,4032
50-12,3950
50-13,3952
50-14,3951
50-15,4033
50-16,3953
50-17,3955
50-18,3954
50-19,4034
50-20,3956
50-21,3958
50-22,3957
50-23,4035
50-24,3959
50-25,3961
50-26,3960
50-27,4036
50-28,3962
50-29,3964
50-30,3963
50-31,4037
50-32,3965
50-33,3967
50-34,3966
50-35,4038
50-36,3968
50-37,3970
50-38,3969
50-39,4039
50-40,3971
50-41,3973
50-42,3972
50-43,4040
50-44,3974
50-45,3976
50-46,3975
50-47,4041
50-48,3977
50-49,3979
50-50,3978
50-51,4042
50-52,3980
50-53,3982
50-54,3981
50-55,4043
50-56,3983
50-57,3985
50-58,3984
50-59,4044
50-60,3986
50-61,3988
50-62,3987
50-63,4045
50-64,3989
50-65,3991
50-66,3990
50-67,4046
50-68,3992
50-69,3994
50-70,3993
50-71,4047
50-72,3995
50-73,3997
50-74,3996
50-75,4048
50-76,3998
50-77,4000
50-78,3999
50-79,4049
50-80,4001
50-81,4003
50-82,4002
50-83,4050
50-84,4004
50-85,4006
50-86,4005
50-87,4051
50-88,4007
50-89,4009
50-90,4008
50-91,4052
50-92,4010
50-93,4012
50-94,4011
50-95,4053
50-96,4013
50-97,4015
50-98,4014
50-99,4054
50-100,4016
50-101,4018
50-102,4017
50-103,4055
50-104,4019
50-105,4021
50-106,4020
50-107,4056
50-108,4022
50-109,4024
50-110,4023
50-111,4057
50-112,4025
50-113,4027
50-114,4026
50-115,4058
52-0,4260
52-1,4262
52-2,4261
52-3,4291
52-4,4176
52-5,4178
52-6,4177
52-7,4263
52-8,4179
52-9,4181
52-10,4180
52-11,4264
52-12,4182
52-13,4184
52-14,4183
52-15,4265
52-16,4185
52-17,4187
52-18,4186
52-19,4266
52-20,4188
52-21,4190
52-22,4189
52-23,4267
52-24,4191
52-25,4193
52-26,4192
52-27,4268
52-28,4194
52-29,4196
52-30,4195
52-31,4269
52-32,4197
52-33,4199
52-34,4198
52-35,4270
52-36,4200
52-37,4202
52-38,4201
52-39,4271
52-40,4203
52-41,4205
52-42,4204
52-43,4272
52-44,4206
52-45,4208
52-46,4207
52-47,4273
52-48,4209
52-49,4211
52-50,4210
52-51,4274
52-52,4212
52-53,4214
52-54,4213
52-55,4275
52-56,4215
52-57,4217
52-58,4216
52-59,4276
52-60,4218
52-61,4220
52-62,4219
52-63,4277
52-64,4221
52-65,4223
52-66,4222
52-67,4278
52-68,4224
52-69,4226
52-70,4225
52-71,4279
52-72,4227
52-73,4229
52-74,4228
52-75,4280
52-76,4230
52-77,4232
52-78,4231
52-79,4281
52-80,4233
52-81,4235
52-82,4234
52-83,4282
52-84,4236
52-85,4238
52-86,4237
52-87,4283
52-88,4239
52-89,4241
52-90,4240
52-91,4284
52-92,4242
52-93,4244
52-94,4243
52-95,4285
52-96,4245
52-97,4247
52-98,4246
52-99,4286
52-100,4248
52-101,4250
52-102,4249
52-103,4287
52-104,4251
52-105,4253
52-106,4252
52-107,4288
52-108,4254
52-109,4256
52-110,4255
52-111,4289
52-112,4257
52-113,4259
52-114,4258
52-115,4290
53-0,4492
53-1,4494
53-2,4493
53-3,4523
53-4,4408
53-5,4410
53-6,4409
53-7,4495
53-8,4411
53-9,4413
53-10,4412
53-11,4496
53-12,4414
53-13,4416
53-14,4415
53-15,4497
53-16,4417
53-17,4419
53-18,4418
53-19,4498
53-20,4420
53-21,4422
53-22,4421
53-23,4499
53-24,4423
53-25,4425
53-26,4424
53-27,4500
53-28,4426
53-29,4428
53-30,4427
53-31,4501
53-32,4429
53-33,4431
53-34,4430
53-35,4502
53-36,4432
53-37,4434
53-38,4433
53-39,4503
53-40,4435
53-41,4437
53-42,4436
53-43,4504
53-44,4438
53-45,4440
53-46,4439
53-47,4505
53-48,4441
53-49,4443
53-50,4442
53-51,4506
53-52,4444
53-53,4446
53-54,4445
53-55,4507
53-56,4447
53-57,4449
53-58,4448
53-59,4508
53-60,4450
53-61,4452
53-62,4451
53-63,4509
53-64,4453
53-65,4455
53-66,4454
53-67,4510
53-68,4456
53-69,4458
53-70,4457
53-71,4511
53-72,4459
53-73,4461
53-74,4460
53-75,4512
53-76,4462
53-77,4464
53-78,4463
53-79,4513
53-80,4465
53-81,4467
53-82,4466
53-83,4514
53-84,4468
53-85,4470
53-86,4469
53-87,4515
53-88,4471
53-89,4473
53-90,4472
53-91,4516
53-92,4474
53-93,4476
53-94,4475
53-95,4517
53-96,4477
53-97,4479
53-98,4478
53-99,4518
53-100,4480
53-101,4482
53-102,4481
53-103,4519
53-104,4483
53-105,4485
53-106,4484
53-107,4520
53-108,4486
53-109,4488
53-110,4487
53-111,4521
53-112,4489
53-113,4491
53-114,4490
53-115,4522
54-0,4376
54-1,4378
54-2,4377
54-3,4407
54-4,4292
54-5,4294
54-6,4293
54-7,4379
54-8,4295
54-9,4297
54-10,4296
54-11,4380
54-12,4298
54-13,4300
54-14,4299
54-15,4381
54-16,4301
54-17,4303
54-18,4302
54-19,4382
54-20,4304
54-21,4306
54-22,4305
54-23,4383
54-24,4307
54-25,4309
54-26,4308
54-27,4384
54-28,4310
54-29,4312
54-30,4311
54-31,4385
54-32,4313
54-33,4315
54-34,4314
54-35,4386
54-36,4316
54-37,4318
54-38,4317
54-39,4387
54-40,4319
54-41,4321
54-42,4320
54-43,4388
54-44,4322
54-45,4324
54-46,4323
54-47,4389
54-48,4325
54-49,4327
54-50,4326
54-51,4390
54-52,4328
54-53,4330
54-54,4329
54-55,4391
54-56,4331
54-57,4333
54-58,4332
54-59,4392
54-60,4334
54-61,4336
54-62,4335
54-63,4393
54-64,4337
54-65,4339
54-66,4338
54-67,4394
54-68,4340
54-69,4342
54-70,4341
54-71,4395
54-72,4343
54-73,4345
54-74,4344
54-75,4396
54-76,4346
54-77,4348
54-78,4347
54-79,4397
54-80,4349
54-81,4351
54-82,4350
54-83,4398
54-84,4352
54-85,4354
54-86,4353
54-87,4399
54-88,4355
54-89,4357
54-90,4356
54-91,4400
54-92,4358
54-93,4360
54-94,4359
54-95,4401
54-96,4361
54-97,4363
54-98,4362
54-99,4402
54-100,4364
54-101,4366
54-102,4365
54-103,4403
54-104,4367
54-105,4369
54-106,4368
54-107,4404
54-108,4370
54-109,4372
54-110,4371
54-111,4405
54-112,4373
54-113,4375
54-114,4374
54-115,4406
56-0,4608
56-1,4610
56-2,4609
56-3,4639
56-4,4524
56-5,4526
56-6,4525
56-7,4611
56-8,4527
56-9,4529
56-10,4528
56-11,4612
56-12,4530
56-13,4532
56-14,4531
56-15,4613
56-16,4533
56-17,4535
56-18,4534
56-19,4614
56-20,4536
56-21,4538
56-22,4537
56-23,4615
56-24,4539
56-25,4541
56-26,4540
56-27,4616
56-28,4542
56-29,4544
56-30,4543
56-31,4617
56-32,4545
56-33,4547
56-34,4546
56-35,4618
56-36,4548
56-37,4550
56-38,4549
56-39,4619
56-40,4551
56-41,4553
56-42,4552
56-43,4620
56-44,4554
56-45,4556
56-46,4555
56-47,4621
56-48,4557
56-49,4559
56-50,4558
56-51,4622
56-52,4560
56-53,4562
56-54,4561
56-55,4623
56-56,4563
56-57,4565
56-58,4564
56-59,4624
56-60,4566
56-61,4568
56-62,4567
56-63,4625
56-64,4569
56-65,4571
56-66,4570
56-67,4626
56-68,4572
56-69,4574
56-70,4573
56-71,4627
56-72,4575
56-73,4577
56-74,4576
56-75,4628
56-76,4578
56-77,4580
56-78,4579
56-79,4629
56-80,4581
56-81,4583
56-82,4582
56-83,4630
56-84,4584
56-85,4586
56-86,4585
56-87,4631
56-88,4587
56-89,4589
56-90,4588
56-91,4632
56-92,4590
56-93,4592
56-94,4591
56-95,4633
56-96,4593
56-97,4595
56-98,4594
56-99,4634
56-100,4596
56-101,4598
56-102,4597
56-103,4635
56-104,4599
56-105,4601
56-106,4600
56-107,4636
56-108,4602
56-109,4604
56-110,4603
56-111,4637
56-112,4605
56-113,4607
56-114,4606
56-115,4638
57-0,4840
57-1,4842
57-2,4841
57-3,4871
57-4,4756
57-5,4758
57-6,4757
57-7,4843
57-8,4759
57-9,4761
57-10,4760
57-11,4844
57-12,4762
57-13,4764
57-14,4763
57-15,4845
57-16,4765
57-17,4767
57-18,4766
57-19,4846
57-20,4768
57-21,4770
57-22,4769
57-23,4847
57-24,4771
57-25,4773
57-26,4772
57-27,4848
57-28,4774
57-29,4776
57-30,4775
57-31,4849
57-32,4777
57-33,4779
57-34,4778
57-35,4850
57-36,4780
57-37,4782
57-38,4781
57-39,4851
57-40,4783
57-41,4785
57-42,4784
57-43,4852
57-44,4786
57-45,4788
57-46,4787
57-47,4853
57-48,4789
57-49,4791
57-50,4790
57-51,4854
57-52,4792
57-53,4794
57-54,4793
57-55,4855
57-56,4795
57-57,4797
57-58,4796
57-59,4856
57-60,4798
57-61,4800
57-62,4799
57-63,4857
57-64,4801
57-65,4803
57-66,4802
57-67,4858
57-68,4804
57-69,4806
57-70,4805
57-71,4859
57-72,4807
57-73,4809
57-74,4808
57-75,4860
57-76,4810
57-77,4812
57-78,4811
57-79,4861
57-80,4813
57-81,4815
57-82,4814
57-83,4862
57-84,4816
57-85,4818
57-86,4817
57-87,4863
57-88,4819
57-89,4821
57-90,4820
57-91,4864
57-92,4822
57-93,4824
57-94,4823
57-95,4865
57-96,4825
57-97,4827
57-98,4826
57-99,4866
57-100,4828
57-101,4830
57-102,4829
57-103,4867
57-104,4831
57-105,4833
57-106,4832
57-107,4868
57-108,4834
57-109,4836
57-110,4835
57-111,4869
57-112,4837
57-113,4839
57-114,4838
57-115,4870
58-0,4724
58-1,4726
58-2,4725
58-3,4755
58-4,4640
58-5,4642
58-6,4641
58-7,4727
58-8,4643
58-9,4645
58-10,4644
58-11,4728
58-12,4646
58-13,4648
58-14,4647
58-15,4729
58-16,4649
58-17,4651
58-18,4650
58-19,4730
58-20,4652
58-21,4654
58-22,4653
58-23,4731
58-24,4655
58-25,4657
58-26,4656
58-27,4732
58-28,4658
58-29,4660
58-30,4659
58-31,4733
58-32,4661
58-33,4663
58-34,4662
58-35,4734
58-36,4664
58-37,4666
58-38,4665
58-39,4735
58-40,4667
58-41,4669
58-42,4668
58-43,4736
58-44,4670
58-45,4672
58-46,4671
58-47,4737
58-48,4673
58-49,4675
58-50,4674
58-51,4738
58-52,4676
58-53,4678
58-54,4677
58-55,4739
58-56,4679
58-57,4681
58-58,4680
58-59,4740
58-60,4682
58-61,4684
58-62,4683
58-63,4741
58-64,4685
58-65,4687
58-66,4686
58-67,4742
58-68,4688
58-69,4690
58-70,4689
58-71,4743
58-72,4691
58-73,4693
58-74,4692
58-75,4744
58-76,4694
58-77,4696
58-78,4695
58-79,4745
58-80,4697
58-81,4699
58-82,4698
58-83,4746
58-84,4700
58-85,4702
58-86,4701
58-87,4747
58-88,4703
58-89,4705
58-90,4704
58-91,4748
58-92,4706
58-93,4708
58-94,4707
58-95,4749
58-96,4709
58-97,4711
58-98,4710
58-99,4750
58-100,4712
58-101,4714
58-102,4713
58-103,4751
58-104,4715
58-105,4717
58-106,4716
58-107,4752
58-108,4718
58-109,4720
58-110,4719
58-111,4753
58-112,4721
58-113,4723
58-114,4722
58-115,4754
60-0,4956
60-1,4958
60-2,4957
60-3,4987
60-4,4872
60-5,4874
60-6,4873
60-7,4959
60-8,4875
60-9,4877
60-10,4876
60-11,4960
60-12,4878
60-13,4880
60-14,4879
60-15,4961
60-16,4881
60-17,4883
60-18,4882
60-19,4962
60-20,4884
60-21,4886
60-22,4885
60-23,4963
60-24,4887
60-25,4889
60-26,4888
60-27,4964
60-28,4890
60-29,4892
60-30,4891
60-31,4965
60-32,4893
60-33,4895
60-34,4894
60-35,4966
60-36,4896
60-37,4898
60-38,4897
60-39,4967
60-40,4899
60-41,4901
60-42,4900
60-43,4968
60-44,4902
60-45,4904
60-46,4903
60-47,4969
60-48,4905
60-49,4907
60-50,4906
60-51,4970
60-52,4908
60-53,4910
60-54,4909
60-55,4971
60-56,4911
60-57,4913
60-58,4912
60-59,4972
60-60,4914
60-61,4916
60-62,4915
60-63,4973
60-64,4917
60-65,4919
60-66,4918
60-67,4974
60-68,4920
60-69,4922
60-70,4921
60-71,4975
60-72,4923
60-73,4925
60-74,4924
60-75,4976
60-76,4926
60-77,4928
60-78,4927
60-79,4977
60-80,4929
60-81,4931
60-82,4930
60-83,4978
60-84,4932
60-85,4934
60-86,4933
60-87,4979
60-88,4935
60-89,4937
60-90,4936
60-91,4980
60-92,4938
60-93,4940
60-94,4939
60-95,4981
60-96,4941
60-97,4943
60-98,4942
60-99,4982
60-100,4944
60-101,4946
60-102,4945
60-103,4983
60-104,4947
60-105,4949
60-106,4948
60-107,4984
60-108,4950
60-109,4952
60-110,4951
60-111,4985
60-112,4953
60-113,4955
60-114,4954
60-115,4986
61-0,5188
61-1,5190
61-2,5189
61-3,5219
61-4,5104
61-5,5106
61-6,5105
61-7,5191
61-8,5107
61-9,5109
61-10,5108
61-11,5192
61-12,5110
61-13,5112
61-14,5111
61-15,5193
61-16,5113
61-17,5115
61-18,5114
61-19,5194
61-20,5116
61-21,5118
61-22,5117
61-23,5195
61-24,5119
61-25,5121
61-26,5120
61-27,5196
61-28,5122
61-29,5124
61-30,5123
61-31,5197
61-32,5125
61-33,5127
61-34,5126
61-35,5198
61-36,5128
61-37,5130
61-38,5129
61-39,5199
61-40,5131
61-41,5133
61-42,5132
61-43,5200
61-44,5134
61-45,5136
61-46,5135
61-47,5201
61-48,5137
61-49,5139
61-50,5138
61-51,5202
61-52,5140
61-53,5142
61-54,5141
61-55,5203
61-56,5143
61-57,5145
61-58,5144
61-59,5204
61-60,5146
61-61,5148
61-62,5147
61-63,5205
61-64,5149
61-65,5151
61-66,5150
61-67,5206
61-68,5152
61-69,5154
61-70,5153
61-71,5207
61-72,5155
61-73,5157
61-74,5156
61-75,5208
61-76,5158
61-77,5160
61-78,5159
61-79,5209
61-80,5161
61-81,5163
61-82,5162
61-83,5210
61-84,5164
61-85,5166
61-86,5165
61-87,5211
61-88,5167
61-89,5169
61-90,5168
61-91,5212
61-92,5170
61-93,5172
61-94,5171
61-95,5213
61-96,5173
61-97,5175
61-98,5174
61-99,5214
61-100,5176
61-101,5178
61-102,5177
61-103,5215
61-104,5179
61-105,5181
61-106,5180
61-107,5216
61-108,5182
61-109,5184
61-110,5183
61-111,5217
61-112,5185
61-113,5187
61-114,5186
61-115,5218
62-0,5072
62-1,5074
62-2,5073
62-3,5103
62-4,4988
62-5,4990
62-6,4989
62-7,5075
62-8,4991
62-9,4993
62-10,4992
62-11,5076
62-12,4994
62-13,4996
62-14,4995
62-15,5077
62-16,4997
62-17,4999
62-18,4998
62-19,5078
62-20,5000
62-21,5002
62-22,5001
62-23,5079
62-24,5003
62-25,5005
62-26,5004
62-27,5080
62-28,5006
62-29,5008
62-30,5007
62-31,5081
62-32,5009
62-33,5011
62-34,5010
62-35,5082
62-36,5012
62-37,5014
62-38,5013
62-39,5083
62-40,5015
62-41,5017
62-42,5016
62-43,5084
62-44,5018
62-45,5020
62-46,5019
62-47,5085
62-48,5021
62-49,5023
62-50,5022
62-51,5086
62-52,5024
62-53,5026
62-54,5025
62-55,5087
62-56,5027
62-57,5029
62-58,5028
62-59,5088
62-60,5030
62-61,5032
62-62,5031
62-63,5089
62-64,5033
62-65,5035
62-66,5034
62-67,5090
62-68,5036
62-69,5038
62-70,5037
62-71,5091
62-72,5039
62-73,5041
62-74,5040
62-75,5092
62-76,5042
62-77,5044
62-78,5043
62-79,5093
62-80,5045
62-81,5047
62-82,5046
62-83,5094
62-84,5048
62-85,5050
62-86,5049
62-87,5095
62-88,5051
62-89,5053
62-90,5052
62-91,5096
62-92,5054
62-93,5056
62-94,5055
62-95,5097
62-96,5057
62-97,5059
62-98,5058
62-99,5098
62-100,5060
62-101,5062
62-102,5061
62-103,5099
62-104,5063
62-105,5065
62-106,5064
62-107,5100
62-108,5066
62-109,5068
62-110,5067
62-111,5101
62-112,5069
62-113,5071
62-114,5070
62-115,5102
64-0,5304
64-1,5306
64-2,5305
64-3,5335
64-4,5220
64-5,5222
64-6,5221
64-7,5307
64-8,5223
64-9,5225
64-10,5224
64-11,5308
64-12,5226
64-13,5228
64-14,5227
64-15,5309
64-16,5229
64-17,5231
64-18,5230
64-19,5310
64-20,5232
64-21,5234
64-22,5233
64-23,5311
64-24,5235
64-25,5237
64-26,5236
64-27,5312
64-28,5238
64-29,5240
64-30,5239
64-31,5313
64-32,5241
64-33,5243
64-34,5242
64-35,5314
64-36,5244
64-37,5246
64-38,5245
64-39,5315
64-40,5247
64-41,5249
64-42,5248
64-43,5316
64-44,5250
64-45,5252
64-46,5251
64-47,5317
64-48,5253
64-49,5255
64-50,5254
64-51,5318
64-52,5256
64-53,5258
64-54,5257
64-55,5319
64-56,5259
64-57,5261
64-58,5260
64-59,5320
64-60,5262
64-61,5264
64-62,5263
64-63,5321
64-64,5265
64-65,5267
64-66,5266
64-67,5322
64-68,5268
64-69,5270
64-70,5269
64-71,5323
64-72,5271
64-73,5273
64-74,5272
64-75,5324
64-76,5274
64-77,5276
64-78,5275
64-79,5325
64-80,5277
64-81,5279
64-82,5278
64-83,5326
64-84,5280
64-85,5282
64-86,5281
64-87,5327
64-88,5283
64-89,5285
64-90,5284
64-91,5328
64-92,5286
64-93,5288
64-94,5287
64-95,5329
64-96,5289
64-97,5291
64-98,5290
64-99,5330
64-100,5292
64-101,5294
64-102,5293
64-103,5331
64-104,5295
64-105,5297
64-106,5296
64-107,5332
64-108,5298
64-109,5300
64-110,5299
64-111,5333
64-112,5301
64-113,5303
64-114,5302
64-115,5334
65-0,5536
65-1,5538
65-2,5537
65-3,5567
65-4,5452
65-5,5454
65-6,5453
65-7,5539
65-8,5455
65-9,5457
65-10,5456
65-11,5540
65-12,5458
65-13,5460
65-14,5459
65-15,5541
65-16,5461
65-17,5463
65-18,5462
65-19,5542
65-20,5464
65-21,5466
65-22,5465
65-23,5543
65-24,5467
65-25,5469
65-26,5468
65-27,5544
65-28,5470
65-29,5472
65-30,5471
65-31,5545
65-32,5473
65-33,5475
65-34,5474
65-35,5546
65-36,5476
65-37,5478
65-38,5477
65-39,5547
65-40,5479
65-41,5481
65-42,5480
65-43,5548
65-44,5482
65-45,5484
65-46,5483
65-47,5549
65-48,5485
65-49,5487
65-50,5486
65-51,5550
65-52,5488
65-53,5490
65-54,5489
65-55,5551
65-56,5491
65-57,5493
65-58,5492
65-59,5552
65-60,5494
65-61,5496
65-62,5495
65-63,5553
65-64,5497
65-65,5499
65-66,5498
65-67,5554
65-68,5500
65-69,5502
65-70,5501
65-71,5555
65-72,5503
65-73,5505
65-74,5504
65-75,5556
65-76,5506
65-77,5508
65-78,5507
65-79,5557
65-80,5509
65-81,5511
65-82,5510
65-83,5558
65-84,5512
65-85,5514
65-86,5513
65-87,5559
65-88,5515
65-89,5517
65-90,5516
65-91,5560
65-92,5518
65-93,5520
65-94,5519
65-95,5561
65-96,5521
65-97,5523
65-98,5522
65-99,5562
65-100,5524
65-101,5526
65-102,5525
65-103,5563
65-104,5527
65-105,5529
65-106,5528
65-107,5564
65-108,5530
65-109,5532
65-110,5531
65-111,5565
65-112,5533
65-113,5535
65-114,5534
65-115,5566
66-0,5420
66-1,5422
66-2,5421
66-3,5451
66-4,5336
66-5,5338
66-6,5337
66-7,5423
66-8,5339
66-9,5341
66-10,5340
66-11,5424
66-12,5342
66-13,5344
66-14,5343
66-15,5425
66-16,5345
66-17,5347
66-18,5346
66-19,5426
66-20,5348
66-21,5350
66-22,5349
66-23,5427
66-24,5351
66-25,5353
66-26,5352
66-27,5428
66-28,5354
66-29,5356
66-30,5355
66-31,5429
66-32,5357
66-33,5359
66-34,5358
66-35,5430
66-36,5360
66-37,5362
66-38,5361
66-39,5431
66-40,5363
66-41,5365
66-42,5364
66-43,5432
66-44,5366
66-45,5368
66-46,5367
66-47,5433
66-48,5369
66-49,5371
66-50,5370
66-51,5434
66-52,5372
66-53,5374
66-54,5373
66-55,5435
66-56,5375
66-57,5377
66-58,5376
66-59,5436
66-60,5378
66-61,5380
66-62,5379
66-63,5437
66-64,5381
66-65,5383
66-66,5382
66-67,5438
66-68,5384
66-69,5386
66-70,5385
66-71,5439
66-72,5387
66-73,5389
66-74,5388
66-75,5440
66-76,5390
66-77,5392
66-78,5391
66-79,5441
66-80,5393
66-81,5395
66-82,5394
66-83,5442
66-84,5396
66-85,5398
66-86,5397
66-87,5443
66-88,5399
66-89,5401
66-90,5400
66-91,5444
66-92,5402
66-93,5404
66-94,5403
66-95,5445
66-96,5405
66-97,5407
66-98,5406
66-99,5446
66-100,5408
66-101,5410
66-102,5409
66-103,5447
66-104,5411
66-105,5413
66-106,5412
66-107,5448
66-108,5414
66-109,5416
66-110,5415
66-111,5449
66-112,5417
66-113,5419
66-114,5418
66-115,5450
68-0,5652
68-1,5654
68-2,5653
68-3,5683
68-4,5568
68-5,5570
68-6,5569
68-7,5655
68-8,5571
68-9,5573
68-10,5572
68-11,5656
68-12,5574
68-13,5576
68-14,5575
68-15,5657
68-16,5577
68-17,5579
68-18,5578
68-19,5658
68-20,5580
68-21,5582
68-22,5581
68-23,5659
68-24,5583
68-25,5585
68-26,5584
68-27,5660
68-28,5586
68-29,5588
68-30,5587
68-31,5661
68-32,5589
68-33,5591
68-34,5590
68-35,5662
68-36,5592
68-37,5594
68-38,5593
68-39,5663
68-40,5595
68-41,5597
68-42,5596
68-43,5664
68-44,5598
68-45,5600
68-46,5599
68-47,5665
68-48,5601
68-49,5603
68-50,5602
68-51,5666
68-52,5604
68-53,5606
68-54,5605
68-55,5667
68-56,5607
68-57,5609
68-58,5608
68-59,5668
68-60,5610
68-61,5612
68-62,5611
68-63,5669
68-64,5613
68-65,5615
68-66,5614
68-67,5670
68-68,5616
68-69,5618
68-70,5617
68-71,5671
68-72,5619
68-73,5621
68-74,5620
68-75,5672
68-76,5622
68-77,5624
68-78,5623
68-79,5673
68-80,5625
68-81,5627
68-82,5626
68-83,5674
68-84,5628
68-85,5630
68-86,5629
68-87,5675
68-88,5631
68-89,5633
68-90,5632
68-91,5676
68-92,5634
68-93,5636
68-94,5635
68-95,5677
68-96,5637
68-97,5639
68-98,5638
68-99,5678
68-100,5640
68-101,5642
68-102,5641
68-103,5679
68-104,5643
68-105,5645
68-106,5644
68-107,5680
68-108,5646
68-109,5648
68-110,5647
68-111,5681
68-112,5649
68-113,5651
68-114,5650
68-115,5682
69-0,5884
69-1,5886
69-2,5885
69-3,5915
69-4,5800
69-5,5802
69-6,5801
69-7,5887
69-8,5803
69-9,5805
69-10,5804
69-11,5888
69-12,5806
69-13,5808
69-14,5807
69-15,5889
69-16,5809
69-17,5811
69-18,5810
69-19,5890
69-20,5812
69-21,5814
69-22,5813
69-23,5891
69-24,5815
69-25,5817
69-26,5816
69-27,5892
69-28,5818
69-29,5820
69-30,5819
69-31,5893
69-32,5821
69-33,5823
69-34,5822
69-35,5894
69-36,5824
69-37,5826
69-38,5825
69-39,5895
69-40,5827
69-41,5829
69-42,5828
69-43,5896
69-44,5830
69-45,5832
69-46,5831
69-47,5897
69-48,5833
69-49,5835
69-50,5834
69-51,5898
69-52,5836
69-53,5838
69-54,5837
69-55,5899
69-56,5839
69-57,5841
69-58,5840
69-59,5900
69-60,5842
69-61,5844
69-62,5843
69-63,5901
69-64,5845
69-65,5847
69-66,5846
69-67,5902
69-68,5848
69-69,5850
69-70,5849
69-71,5903
69-72,5851
69-73,5853
69-74,5852
69-75,5904
69-76,5854
69-77,5856
69-78,5855
69-79,5905
69-80,5857
69-81,5859
69-82,5858
69-83,5906
69-84,5860
69-85,5862
69-86,5861
69-87,5907
69-88,5863
69-89,5865
69-90,5864
69-91,5908
69-92,5866
69-93,5868
69-94,5867
69-95,5909
69-96,5869
69-97,5871
69-98,5870
69-99,5910
69-100,5872
69-101,5874
69-102,5873
69-103,5911
69-104,5875
69-105,5877
69-106,5876
69-107,5912
69-108,5878
69-109,5880
69-110,5879
69-111,5913
69-112,5881
69-113,5883
69-114,5882
69-115,5914
70-0,5768
70-1,5770
70-2,5769
70-3,5799
70-4,5684
70-5,5686
70-6,5685
70-7,5771
70-8,5687
70-9,5689
70-10,5688
70-11,5772
70-12,5690
70-13,5692
70-14,5691
70-15,5773
70-16,5693
70-17,5695
70-18,5694
70-19,5774
70-20,5696
70-21,5698
70-22,5697
70-23,5775
70-24,5699
70-25,5701
70-26,5700
70-27,5776
70-28,5702
70-29,5704
70-30,5703
70-31,5777
70-32,5705
70-33,5707
70-34,5706
70-35,5778
70-36,5708
70-37,5710
70-38,5709
70-39,5779
70-40,5711
70-41,5713
70-42,5712
70-43,5780
70-44,5714
70-45,5716
70-46,5715
70-47,5781
70-48,5717
70-49,5719
70-50,5718
70-51,5782
70-52,5720
70-53,5722
70-54,5721
70-55,5783
70-56,5723
70-57,5725
70-58,5724
70-59,5784
70-60,5726
70-61,5728
70-62,5727
70-63,5785
70-64,5729
70-65,5731
70-66,5730
70-67,5786
70-68,5732
70-69,5734
70-70,5733
70-71,5787
70-72,5735
70-73,5737
70-74,5736
70-75,5788
70-76,5738
70-77,5740
70-78,5739
70-79,5789
70-80,5741
70-81,5743
70-82,5742
70-83,5790
70-84,5744
70-85,5746
70-86,5745
70-87,5791
70-88,5747
70-89,5749
70-90,5748
70-91,5792
70-92,5750
70-93,5752
70-94,5751
70-95,5793
70-96,5753
70-97,5755
70-98,5754
70-99,5794
70-100,5756
70-101,5758
70-102,5757
70-103,5795
70-104,5759
70-105,5761
70-106,5760
70-107,5796
70-108,5762
70-109,5764
70-110,5763
70-111,5797
70-112,5765
70-113,5767
70-114,5766
70-115,5798
72-0,6000
72-1,6002
72-2,6001
72-3,6031
72-4,5916
72-5,5918
72-6,5917
72-7,6003
72-8,5919
72-9,5921
72-10,5920
72-11,6004
72-12,5922
72-13,5924
72-14,5923
72-15,6005
72-16,5925
72-17,5927
72-18,5926
72-19,6006
72-20,5928
72-21,5930
72-22,5929
72-23,6007
72-24,5931
72-25,5933
72-26,5932
72-27,6008
72-28,5934
72-29,5936
72-30,5935
72-31,6009
72-32,5937
72-33,5939
72-34,5938
72-35,6010
72-36,5940
72-37,5942
72-38,5941
72-39,6011
72-40,5943
72-41,5945
72-42,5944
72-43,6012
72-44,5946
72-45,5948
72-46,5947
72-47,6013
72-48,5949
72-49,5951
72-50,5950
72-51,6014
72-52,5952
72-53,5954
72-54,5953
72-55,6015
72-56,5955
72-57,5957
72-58,5956
72-59,6016
72-60,5958
72-61,5960
72-62,5959
72-63,6017
72-64,5961
72-65,5963
72-66,5962
72-67,6018
72-68,5964
72-69,5966
72-70,5965
72-71,6019
72-72,5967
72-73,5969
72-74,5968
72-75,6020
72-76,5970
72-77,5972
72-78,5971
72-79,6021
72-80,5973
72-81,5975
72-82,5974
72-83,6022
72-84,5976
72-85,5978
72-86,5977
72-87,6023
72-88,5979
72-89,5981
72-90,5980
72-91,6024
72-92,5982
72-93,5984
72-94,5983
72-95,6025
72-96,5985
72-97,5987
72-98,5986
72-99,6026
72-100,5988
72-101,5990
72-102,5989
72-103,6027
72-104,5991
72-105,5993
72-106,5992
72-107,6028
72-108,5994
72-109,5996
72-110,5995
72-111,6029
72-112,5997
72-113,5999
72-114,5998
72-115,6030
73-0,6232
73-1,6234
73-2,6233
73-3,6263
73-4,6148
73-5,6150
73-6,6149
73-7,6235
73-8,6151
73-9,6153
73-10,6152
73-11,6236
73-12,6154
73-13,6156
73-14,6155
73-15,6237
73-16,6157
73-17,6159
73-18,6158
73-19,6238
73-20,6160
73-21,6162
73-22,6161
73-23,6239
73-24,6163
73-25,6165
73-26,6164
73-27,6240
73-28,6166
73-29,6168
73-30,6167
73-31,6241
73-32,6169
73-33,6171
73-34,6170
73-35,6242
73-36,6172
73-37,6174
73-38,6173
73-39,6243
73-40,6175
73-41,6177
73-42,6176
73-43,6244
73-44,6178
73-45,6180
73-46,6179
73-47,6245
73-48,6181
73-49,6183
73-50,6182
73-51,6246
73-52,6184
73-53,6186
73-54,6185
73-55,6247
73-56,6187
73-57,6189
73-58,6188
73-59,6248
73-60,6190
73-61,6192
73-62,6191
73-63,6249
73-64,6193
73-65,6195
73-66,6194
73-67,6250
73-68,6196
73-69,6198
73-70,6197
73-71,6251
73-72,6199
73-73,6201
73-74,6200
73-75,6252
73-76,6202
73-77,6204
73-78,6203
73-79,6253
73-80,6205
73-81,6207
73-82,6206
73-83,6254
73-84,6208
73-85,6210
73-86,6209
73-87,6255
73-88,6211
73-89,6213
73-90,6212
73-91,6256
73-92,6214
73-93,6216
73-94,6215
73-95,6257
73-96,6217
73-97,6219
73-98,6218
73-99,6258
73-100,6220
73-101,6222
73-102,6221
73-103,6259
73-104,6223
73-105,6225
73-106,6224
73-107,6260
73-108,6226
73-109,6228
73-110,6227
73-111,6261
73-112,6229
73-113,6231
73-114,6230
73-115,6262
74-0,6116
74-1,6118
74-2,6117
74-3,6147
74-4,6032
74-5,6034
74-6,6033
74-7,6119
74-8,6035
74-9,6037
74-10,6036
74-11,6120
74-12,6038
74-13,6040
74-14,6039
74-15,6121
74-16,6041
74-17,6043
74-18,6042
74-19,6122
74-20,6044
74-21,6046
74-22,6045
74-23,6123
74-24,6047
74-25,6049
74-26,6048
74-27,6124
74-28,6050
74-29,6052
74-30,6051
74-31,6125
74-32,6053
74-33,6055
74-34,6054
74-35,6126
74-36,6056
74-37,6058
74-38,6057
74-39,6127
74-40,6059
74-41,6061
74-42,6060
74-43,6128
74-44,6062
74-45,6064
74-46,6063
74-47,6129
74-48,6065
74-49,6067
74-50,6066
74-51,6130
74-52,6068
74-53,6070
74-54,6069
74-55,6131
74-56,6071
74-57,6073
74-58,6072
74-59,6132
74-60,6074
74-61,6076
74-62,6075
74-63,6133
74-64,6077
74-65,6079
74-66,6078
74-67,6134
74-68,6080
74-69,6082
74-70,6081
74-71,6135
74-72,6083
74-73,6085
74-74,6084
74-75,6136
74-76,6086
74-77,6088
74-78,6087
74-79,6137
74-80,6089
74-81,6091
74-82,6090
74-83,6138
74-84,6092
74-85,6094
74-86,6093
74-87,6139
74-88,6095
74-89,6097
74-90,6096
74-91,6140
74-92,6098
74-93,6100
74-94,6099
74-95,6141
74-96,6101
74-97,6103
74-98,6102
74-99,6142
74-100,6104
74-101,6106
74-102,6105
74-103,6143
74-104,6107
74-105,6109
74-106,6108
74-107,6144
74-108,6110
74-109,6112
74-110,6111
74-111,6145
74-112,6113
74-113,6115
74-114,6114
74-115,6146
76-0,6348
76-1,6350
76-2,6349
76-3,6379
76-4,6264
76-5,6266
76-6,6265
76-7,6351
76-8,6267
76-9,6269
76-10,6268
76-11,6352
76-12,6270
76-13,6272
76-14,6271
76-15,6353
76-16,6273
76-17,6275
76-18,6274
76-19,6354
76-20,6276
76-21,6278
76-22,6277
76-23,6355
76-24,6279
76-25,6281
76-26,6280
76-27,6356
76-28,6282
76-29,6284
76-30,6283
76-31,6357
76-32,6285
76-33,6287
76-34,6286
76-35,6358
76-36,6288
76-37,6290
76-38,6289
76-39,6359
76-40,6291
76-41,6293
76-42,6292
76-43,6360
76-44,6294
76-45,6296
76-46,6295
76-47,6361
76-48,6297
76-49,6299
76-50,6298
76-51,6362
76-52,6300
76-53,6302
76-54,6301
76-55,6363
76-56,6303
76-57,6305
76-58,6304
76-59,6364
76-60,6306
76-61,6308
76-62,6307
76-63,6365
76-64,6309
76-65,6311
76-66,6310
76-67,6366
76-68,6312
76-69,6314
76-70,6313
76-71,6367
76-72,6315
76-73,6317
76-74,6316
76-75,6368
76-76,6318
76-77,6320
76-78,6319
76-79,6369
76-80,6321
76-81,6323
76-82,6322
76-83,6370
76-84,6324
76-85,6326
76-86,6325
76-87,6371
76-88,6327
76-89,6329
76-90,6328
76-91,6372
76-92,6330
76-93,6332
76-94,6331
76-95,6373
76-96,6333
76-97,6335
76-98,6334
76-99,6374
76-100,6336
76-101,6338
76-102,6337
76-103,6375
76-104,6339
76-105,6341
76-106,6340
76-107,6376
76-108,6342
76-109,6344
76-110,6343
76-111,6377
76-112,6345
76-113,6347
76-114,6346
76-115,6378
77-0,6580
77-1,6582
77-2,6581
77-3,6611
77-4,6496
77-5,6498
77-6,6497
77-7,6583
77-8,6499
77-9,6501
77-10,6500
77-11,6584
77-12,6502
77-13,6504
77-14,6503
77-15,6585
77-16,6505
77-17,6507
77-18,6506
77-19,6586
77-20,6508
77-21,6510
77-22,6509
77-23,6587
77-24,6511
77-25,6513
77-26,6512
77-27,6588
77-28,6514
77-29,6516
77-30,6515
77-31,6589
77-32,6517
77-33,6519
77-34,6518
77-35,6590
77-36,6520
77-37,6522
77-38,6521
77-39,6591
77-40,6523
77-41,6525
77-42,6524
77-43,6592
77-44,6526
77-45,6528
77-46,6527
77-47,6593
77-48,6529
77-49,6531
77-50,6530
77-51,6594
77-52,6532
77-53,6534
77-54,6533
77-55,6595
77-56,6535
77-57,6537
77-58,6536
77-59,6596
77-60,6538
77-61,6540
77-62,6539
77-63,6597
77-64,6541
77-65,6543
77-66,6542
77-67,6598
77-68,6544
77-69,6546
77-70,6545
77-71,6599
77-72,6547
77-73,6549
77-74,6548
77-75,6600
77-76,6550
77-77,6552
77-78,6551
77-79,6601
77-80,6553
77-81,6555
77-82,6554
77-83,6602
77-84,6556
77-85,6558
77-86,6557
77-87,6603
77-88,6559
77-89,6561
77-90,6560
77-91,6604
77-92,6562
77-93,6564
77-94,6563
77-95,6605
77-96,6565
77-97,6567
77-98,6566
77-99,6606
77-100,6568
77-101,6570
77-102,6569
77-103,6607
77-104,6571
77-105,6573
77-106,6572
77-107,6608
77-108,6574
77-109,6576
77-110,6575
77-111,6609
77-112,6577
77-113,6579
77-114,6578
77-115,6610
78-0,6464
78-1,6466
78-2,6465
78-3,6495
78-4,6380
78-5,6382
78-6,6381
78-7,6467
78-8,6383
78-9,6385
78-10,6384
78-11,6468
78-12,6386
78-13,6388
78-14,6387
78-15,6469
78-16,6389
78-17,6391
78-18,6390
78-19,6470
78-20,6392
78-21,6394
78-22,6393
78-23,6471
78-24,6395
78-25,6397
78-26,6396
78-27,6472
78-28,6398
78-29,6400
78-30,6399
78-31,6473
78-32,6401
78-33,6403
78-34,6402
78-35,6474
78-36,6404
78-37,6406
78-38,6405
78-39,6475
78-40,6407
78-41,6409
78-42,6408
78-43,6476
78-44,6410
78-45,6412
78-46,6411
78-47,6477
78-48,6413
78-49,6415
78-50,6414
78-51,6478
78-52,6416
78-53,6418
78-54,6417
78-55,6479
78-56,6419
78-57,6421
78-58,6420
78-59,6480
78-60,6422
78-61,6424
78-62,6423
78-63,6481
78-64,6425
78-65,6427
78-66,6426
78-67,6482
78-68,6428
78-69,6430
78-70,6429
78-71,6483
78-72,6431
78-73,6433
78-74,6432
78-75,6484
78-76,6434
78-77,6436
78-78,6435
78-79,6485
78-80,6437
78-81,6439
78-82,6438
78-83,6486
78-84,6440
78-85,6442
78-86,6441
78-87,6487
78-88,6443
78-89,6445
78-90,6444
78-91,6488
78-92,6446
78-93,6448
78-94,6447
78-95,6489
78-96,6449
78-97,6451
78-98,6450
78-99,6490
78-100,6452
78-101,6454
78-102,6453
78-103,6491
78-104,6455
78-105,6457
78-106,6456
78-107,6492
78-108,6458
78-109,6460
78-110,6459
78-111,6493
78-112,6461
78-113,6463
78-114,6462
78-115,6494
80-0,6696
80-1,6698
80-2,6697
80-3,6727
80-4,6612
80-5,6614
80-6,6613
80-7,6699
80-8,6615
80-9,6617
80-10,6616
80-11,6700
80-12,6618
80-13,6620
80-14,6619
80-15,6701
80-16,6621
80-17,6623
80-18,6622
80-19,6702
80-20,6624
80-21,6626
80-22,6625
80-23,6703
80-24,6627
80-25,6629
80-26,6628
80-27,6704
80-28,6630
80-29,6632
80-30,6631
80-31,6705
80-32,6633
80-33,6635
80-34,6634
80-35,6706
80-36,6636
80-37,6638
80-38,6637
80-39,6707
80-40,6639
80-41,6641
80-42,6640
80-43,6708
80-44,6642
80-45,6644
80-46,6643
80-47,6709
80-48,6645
80-49,6647
80-50,6646
80-51,6710
80-52,6648
80-53,6650
80-54,6649
80-55,6711
80-56,6651
80-57,6653
80-58,6652
80-59,6712
80-60,6654
80-61,6656
80-62,6655
80-63,6713
80-64,6657
80-65,6659
80-66,6658
80-67,6714
80-68,6660
80-69,6662
80-70,6661
80-71,6715
80-72,6663
80-73,6665
80-74,6664
80-75,6716
80-76,6666
80-77,6668
80-78,6667
80-79,6717
80-80,6669
80-81,6671
80-82,6670
80-83,6718
80-84,6672
80-85,6674
80-86,6673
80-87,6719
80-88,6675
80-89,6677
80-90,6676
80-91,6720
80-92,6678
80-93,6680
80-94,6679
80-95,6721
80-96,6681
80-97,6683
80-98,6682
80-99,6722
80-100,6684
80-101,6686
80-102,6685
80-103,6723
80-104,6687
80-105,6689
80-106,6688
80-107,6724
80-108,6690
80-109,6692
80-110,6691
80-111,6725
80-112,6693
80-113,6695
80-114,6694
80-115,6726
81-0,6928
81-1,6930
81-2,6929
81-3,6959
81-4,6844
81-5,6846
81-6,6845
81-7,6931
81-8,6847
81-9,6849
81-10,6848
81-11,6932
81-12,6850
81-13,6852
81-14,6851
81-15,6933
81-16,6853
81-17,6855
81-18,6854
81-19,6934
81-20,6856
81-21,6858
81-22,6857
81-23,6935
81-24,6859
81-25,6861
81-26,6860
81-27,6936
81-28,6862
81-29,6864
81-30,6863
81-31,6937
81-32,6865
81-33,6867
81-34,6866
81-35,6938
81-36,6868
81-37,6870
81-38,6869
81-39,6939
81-40,6871
81-41,6873
81-42,6872
81-43,6940
81-44,6874
81-45,6876
81-46,6875
81-47,6941
81-48,6877
81-49,6879
81-50,6878
81-51,6942
81-52,6880
81-53,6882
81-54,6881
81-55,6943
81-56,6883
81-57,6885
81-58,6884
81-59,6944
81-60,6886
81-61,6888
81-62,6887
81-63,6945
81-64,6889
81-65,6891
81-66,6890
81-67,6946
81-68,6892
81-69,6894
81-70,6893
81-71,6947
81-72,6895
81-73,6897
81-74,6896
81-75,6948
81-76,6898
81-77,6900
81-78,6899
81-79,6949
81-80,6901
81-81,6903
81-82,6902
81-83,6950
81-84,6904
81-85,6906
81-86,6905
81-87,6951
81-88,6907
81-89,6909
81-90,6908
81-91,6952
81-92,6910
81-93,6912
81-94,6911
81-95,6953
81-96,6913
81-97,6915
81-98,6914
81-99,6954
81-100,6916
81-101,6918
81-102,6917
81-103,6955
81-104,6919
81-105,6921
81-106,6920
81-107,6956
81-108,6922
81-109,6924
81-110,6923
81-111,6957
81-112,6925
81-113,6927
81-114,6926
81-115,6958
82-0,6812
82-1,6814
82-2,6813
82-3,6843
82-4,6728
82-5,6730
82-6,6729
82-7,6815
82-8,6731
82-9,6733
82-10,6732
82-11,6816
82-12,6734
82-13,6736
82-14,6735
82-15,6817
82-16,6737
82-17,6739
82-18,6738
82-19,6818
82-20,6740
82-21,6742
82-22,6741
82-23,6819
82-24,6743
82-25,6745
82-26,6744
82-27,6820
82-28,6746
82-29,6748
82-30,6747
82-31,6821
82-32,6749
82-33,6751
82-34,6750
82-35,6822
82-36,6752
82-37,6754
82-38,6753
82-39,6823
82-40,6755
82-41,6757
82-42,6756
82-43,6824
82-44,6758
82-45,6760
82-46,6759
82-47,6825
82-48,6761
82-49,6763
82-50,6762
82-51,6826
82-52,6764
82-53,6766
82-54,6765
82-55,6827
82-56,6767
82-57,6769
82-58,6768
82-59,6828
82-60,6770
82-61,6772
82-62,6771
82-63,6829
82-64,6773
82-65,6775
82-66,6774
82-67,6830
82-68,6776
82-69,6778
82-70,6777
82-71,6831
82-72,6779
82-73,6781
82-74,6780
82-75,6832
82-76,6782
82-77,6784
82-78,6783
82-79,6833
82-80,6785
82-81,6787
82-82,6786
82-83,6834
82-84,6788
82-85,6790
82-86,6789
82-87,6835
82-88,6791
82-89,6793
82-90,6792
82-91,6836
82-92,6794
82-93,6796
82-94,6795
82-95,6837
82-96,6797
82-97,6799
82-98,6798
82-99,6838
82-100,6800
82-101,6802
82-102,6801
82-103,6839
82-104,6803
82-105,6805
82-106,6804
82-107,6840
82-108,6806
82-109,6808
82-110,6807
82-111,6841
82-112,6809
82-113,6811
82-114,6810
82-115,6842
84-0,7044
84-1,7046
84-2,7045
84-3,7075
84-4,6960
84-5,6962
84-6,6961
84-7,7047
84-8,6963
84-9,6965
84-10,6964
84-11,7048
84-12,6966
84-13,6968
84-14,6967
84-15,7049
84-16,6969
84-17,6971
84-18,6970
84-19,7050
84-20,6972
84-21,6974
84-22,6973
84-23,7051
84-24,6975
84-25,6977
84-26,6976
84-27,7052
84-28,6978
84-29,6980
84-30,6979
84-31,7053
84-32,6981
84-33,6983
84-34,6982
84-35,7054
84-36,6984
84-37,6986
84-38,6985
84-39,7055
84-40,6987
84-41,6989
84-42,6988
84-43,7056
84-44,6990
84-45,6992
84-46,6991
84-47,7057
84-48,6993
84-49,6995
84-50,6994
84-51,7058
84-52,6996
84-53,6998
84-54,6997
84-55,7059
84-56,6999
84-57,7001
84-58,7000
84-59,7060
84-60,7002
84-61,7004
84-62,7003
84-63,7061
84-64,7005
84-65,7007
84-66,7006
84-67,7062
84-68,7008
84-69,7010
84-70,7009
84-71,7063
84-72,7011
84-73,7013
84-74,7012
84-75,7064
84-76,7014
84-77,7016
84-78,7015
84-79,7065
84-80,7017
84-81,7019
84-82,7018
84-83,7066
84-84,7020
84-85,7022
84-86,7021
84-87,7067
84-88,7023
84-89,7025
84-90,7024
84-91,7068
84-92,7026
84-93,7028
84-94,7027
84-95,7069
84-96,7029
84-97,7031
84-98,7030
84-99,7070
84-100,7032
84-101,7034
84-102,7033
84-103,7071
84-104,7035
84-105,7037
84-106,7036
84-107,7072
84-108,7038
84-109,7040
84-110,7039
84-111,7073
84-112,7041
84-113,7043
84-114,7042
84-115,7074
85-0,7276
85-1,7278
85-2,7277
85-3,7307
85-4,7192
85-5,7194
85-6,7193
85-7,7279
85-8,7195
85-9,7197
85-10,7196
85-11,7280
85-12,7198
85-13,7200
85-14,7199
85-15,7281
85-16,7201
85-17,7203
85-18,7202
85-19,7282
85-20,7204
85-21,7206
85-22,7205
85-23,7283
85-24,7207
85-25,7209
85-26,7208
85-27,7284
85-28,7210
85-29,7212
85-30,7211
85-31,7285
85-32,7213
85-33,7215
85-34,7214
85-35,7286
85-36,7216
85-37,7218
85-38,7217
85-39,7287
85-40,7219
85-41,7221
85-42,7220
85-43,7288
85-44,7222
85-45,7224
85-46,7223
85-47,7289
85-48,7225
85-49,7227
85-50,7226
85-51,7290
85-52,7228
85-53,7230
85-54,7229
85-55,7291
85-56,7231
85-57,7233
85-58,7232
85-59,7292
85-60,7234
85-61,7236
85-62,7235
85-63,7293
85-64,7237
85-65,7239
85-66,7238
85-67,7294
85-68,7240
85-69,7242
85-70,7241
85-71,7295
85-72,7243
85-73,7245
85-74,7244
85-75,7296
85-76,7246
85-77,7248
85-78,7247
85-79,7297
85-80,7249
85-81,7251
85-82,7250
85-83,7298
85-84,7252
85-85,7254
85-86,7253
85-87,7299
85-88,7255
85-89,7257
85-90,7256
85-91,7300
85-92,7258
85-93,7260
85-94,7259
85-95,7301
85-96,7261
85-97,7263
85-98,7262
85-99,7302
85-100,7264
85-101,7266
85-102,7265
85-103,7303
85-104,7267
85-105,7269
85-106,7268
85-107,7304
85-108,7270
85-109,7272
85-110,7271
85-111,7305
85-112,7273
85-113,7275
85-114,7274
85-115,7306
86-0,7160
86-1,7162
86-2,7161
86-3,7191
86-4,7076
86-5,7078
86-6,7077
86-7,7163
86-8,7079
86-9,7081
86-10,7080
86-11,7164
86-12,7082
86-13,7084
86-14,7083
86-15,7165
86-16,7085
86-17,7087
86-18,7086
86-19,7166
86-20,7088
86-21,7090
86-22,7089
86-23,7167
86-24,7091
86-25,7093
86-26,7092
86-27,7168
86-28,7094
86-29,7096
86-30,7095
86-31,7169
86-32,7097
86-33,7099
86-34,7098
86-35,7170
86-36,7100
86-37,7102
86-38,7101
86-39,7171
86-40,7103
86-41,7105
86-42,7104
86-43,7172
86-44,7106
86-45,7108
86-46,7107
86-47,7173
86-48,7109
86-49,7111
86-50,7110
86-51,7174
86-52,7112
86-53,7114
86-54,7113
86-55,7175
86-56,7115
86-57,7117
86-58,7116
86-59,7176
86-60,7118
86-61,7120
86-62,7119
86-63,7177
86-64,7121
86-65,7123
86-66,7122
86-67,7178
86-68,7124
86-69,7126
86-70,7125
86-71,7179
86-72,7127
86-73,7129
86-74,7128
86-75,7180
86-76,7130
86-77,7132
86-78,7131
86-79,7181
86-80,7133
86-81,7135
86-82,7134
86-83,7182
86-84,7136
86-85,7138
86-86,7137
86-87,7183
86-88,7139
86-89,7141
86-90,7140
86-91,7184
86-92,7142
86-93,7144
86-94,7143
86-95,7185
86-96,7145
86-97,7147
86-98,7146
86-99,7186
86-100,7148
86-101,7150
86-102,7149
86-103,7187
86-104,7151
86-105,7153
86-106,7152
86-107,7188
86-108,7154
86-109,7156
86-110,7155
86-111,7189
86-112,7157
86-113,7159
86-114,7158
86-115,7190
88-0,7392
88-1,7394
88-2,7393
88-3,7423
88-4,7308
88-5,7310
88-6,7309
88-7,7395
88-8,7311
88-9,7313
88-10,7312
88-11,7396
88-12,7314
88-13,7316
88-14,7315
88-15,7397
88-16,7317
88-17,7319
88-18,7318
88-19,7398
88-20,7320
88-21,7322
88-22,7321
88-23,7399
88-24,7323
88-25,7325
88-26,7324
88-27,7400
88-28,7326
88-29,7328
88-30,7327
88-31,7401
88-32,7329
88-33,7331
88-34,7330
88-35,7402
88-36,7332
88-37,7334
88-38,7333
88-39,7403
88-40,7335
88-41,7337
88-42,7336
88-43,7404
88-44,7338
88-45,7340
88-46,7339
88-47,7405
88-48,7341
88-49,7343
88-50,7342
88-51,7406
88-52,7344
88-53,7346
88-54,7345
88-55,7407
88-56,7347
88-57,7349
88-58,7348
88-59,7408
88-60,7350
88-61,7352
88-62,7351
88-63,7409
88-64,7353
88-65,7355
88-66,7354
88-67,7410
88-68,7356
88-69,7358
88-70,7357
88-71,7411
88-72,7359
88-73,7361
88-74,7360
88-75,7412
88-76,7362
88-77,7364
88-78,7363
88-79,7413
88-80,7365
88-81,7367
88-82,7366
88-83,7414
88-84,7368
88-85,7370
88-86,7369
88-87,7415
88-88,7371
88-89,7373
88-90,7372
88-91,7416
88-92,7374
88-93,7376
88-94,7375
88-95,7417
88-96,7377
88-97,7379
88-98,7378
88-99,7418
88-100,7380
88-101,7382
88-102,7381
88-103,7419
88-104,7383
88-105,7385
88-106,7384
88-107,7420
88-108,7386
88-109,7388
88-110,7387
88-111,7421
88-112,7389
88-113,7391
88-114,7390
88-115,7422
89-0,7624
89-1,7626
89-2,7625
89-3,7655
89-4,7540
89-5,7542
89-6,7541
89-7,7627
89-8,7543
89-9,7545
89-10,7544
89-11,7628
89-12,7546
89-13,7548
89-14,7547
89-15,7629
89-16,7549
89-17,7551
89-18,7550
89-19,7630
89-20,7552
89-21,7554
89-22,7553
89-23,7631
89-24,7555
89-25,7557
89-26,7556
89-27,7632
89-28,7558
89-29,7560
89-30,7559
89-31,7633
89-32,7561
89-33,7563
89-34,7562
89-35,7634
89-36,7564
89-37,7566
89-38,7565
89-39,7635
89-40,7567
89-41,7569
89-42,7568
89-43,7636
89-44,7570
89-45,7572
89-46,7571
89-47,7637
89-48,7573
89-49,7575
89-50,7574
89-51,7638
89-52,7576
89-53,7578
89-54,7577
89-55,7639
89-56,7579
89-57,7581
89-58,7580
89-59,7640
89-60,7582
89-61,7584
89-62,7583
89-63,7641
89-64,7585
89-65,7587
89-66,7586
89-67,7642
89-68,7588
89-69,7590
89-70,7589
89-71,7643
89-72,7591
89-73,7593
89-74,7592
89-75,7644
89-76,7594
89-77,7596
89-78,7595
89-79,7645
89-80,7597
89-81,7599
89-82,7598
89-83,7646
89-84,7600
89-85,7602
89-86,7601
89-87,7647
89-88,7603
89-89,7605
89-90,7604
89-91,7648
89-92,7606
89-93,7608
89-94,7607
89-95,7649
89-96,7609
89-97,7611
89-98,7610
89-99,7650
89-100,7612
89-101,7614
89-102,7613
89-103,7651
89-104,7615
89-105,7617
89-106,7616
89-107,7652
89-108,7618
89-109,7620
89-110,7619
89-111,7653
89-112,7621
89-113,7623
89-114,7622
89-115,7654
90-0,7508
90-1,7510
90-2,7509
90-3,7539
90-4,7424
90-5,7426
90-6,7425
90-7,7511
90-8,7427
90-9,7429
90-10,7428
90-11,7512
90-12,7430
90-13,7432
90-14,7431
90-15,7513
90-16,7433
90-17,7435
90-18,7434
90-19,7514
90-20,7436
90-21,7438
90-22,7437
90-23,7515
90-24,7439
90-25,7441
90-26,7440
90-27,7516
90-28,7442
90-29,7444
90-30,7443
90-31,7517
90-32,7445
90-33,7447
90-34,7446
90-35,7518
90-36,7448
90-37,7450
90-38,7449
90-39,7519
90-40,7451
90-41,7453
90-42,7452
90-43,7520
90-44,7454
90-45,7456
90-46,7455
90-47,7521
90-48,7457
90-49,7459
90-50,7458
90-51,7522
90-52,7460
90-53,7462
90-54,7461
90-55,7523
90-56,7463
90-57,7465
90-58,7464
90-59,7524
90-60,7466
90-61,7468
90-62,7467
90-63,7525
90-64,7469
90-65,7471
90-66,7470
90-67,7526
90-68,7472
90-69,7474
90-70,7473
90-71,7527
90-72,7475
90-73,7477
90-74,7476
90-75,7528
90-76,7478
90-77,7480
90-78,7479
90-79,7529
90-80,7481
90-81,7483
90-82,7482
90-83,7530
90-84,7484
90-85,7486
90-86,7485
90-87,7531
90-88,7487
90-89,7489
90-90,7488
90-91,7532
90-92,7490
90-93,7492
90-94,7491
90-95,7533
90-96,7493
90-97,7495
90-98,7494
90-99,7534
90-100,7496
90-101,7498
90-102,7497
90-103,7535
90-104,7499
90-105,7501
90-106,7500
90-107,7536
90-108,7502
90-109,7504
90-110,7503
90-111,7537
90-112,7505
90-113,7507
90-114,7506
90-115,7538
92-0,7740
92-1,7742
92-2,7741
92-3,7771
92-4,7656
92-5,7658
92-6,7657
92-7,7743
92-8,7659
92-9,7661
92-10,7660
92-11,7744
92-12,7662
92-13,7664
92-14,7663
92-15,7745
92-16,7665
92-17,7667
92-18,7666
92-19,7746
92-20,7668
92-21,7670
92-22,7669
92-23,7747
92-24,7671
92-25,7673
92-26,7672
92-27,7748
92-28,7674
92-29,7676
92-30,7675
92-31,7749
92-32,7677
92-33,7679
92-34,7678
92-35,7750
92-36,7680
92-37,7682
92-38,7681
92-39,7751
92-40,7683
92-41,7685
92-42,7684
92-43,7752
92-44,7686
92-45,7688
92-46,7687
92-47,7753
92-48,7689
92-49,7691
92-50,7690
92-51,7754
92-52,7692
92-53,7694
92-54,7693
92-55,7755
92-56,7695
92-57,7697
92-58,7696
92-59,7756
92-60,7698
92-61,7700
92-62,7699
92-63,7757
92-64,7701
92-65,7703
92-66,7702
92-67,7758
92-68,7704
92-69,7706
92-70,7705
92-71,7759
92-72,7707
92-73,7709
92-74,7708
92-75,7760
92-76,7710
92-77,7712
92-78,7711
92-79,7761
92-80,7713
92-81,7715
92-82,7714
92-83,7762
92-84,7716
92-85,7718
92-86,7717
92-87,7763
92-88,7719
92-89,7721
92-90,7720
92-91,7764
92-92,7722
92-93,7724
92-94,7723
92-95,7765
92-96,7725
92-97,7727
92-98,7726
92-99,7766
92-100,7728
92-101,7730
92-102,7729
92-103,7767
92-104,7731
92-105,7733
92-106,7732
92-107,7768
92-108,7734
92-109,7736
92-110,7735
92-111,7769
92-112,7737
92-113,7739
92-114,7738
92-115,7770
93-0,7972
93-1,7974
93-2,7973
93-3,8003
93-4,7888
93-5,7890
93-6,7889
93-7,7975
93-8,7891
93-9,7893
93-10,7892
93-11,7976
93-12,7894
93-13,7896
93-14,7895
93-15,7977
93-16,7897
93-17,7899
93-18,7898
93-19,7978
93-20,7900
93-21,7902
93-22,7901
93-23,7979
93-24,7903
93-25,7905
93-26,7904
93-27,7980
93-28,7906
93-29,7908
93-30,7907
93-31,7981
93-32,7909
93-33,7911
93-34,7910
93-35,7982
93-36,7912
93-37,7914
93-38,7913
93-39,7983
93-40,7915
93-41,7917
93-42,7916
93-43,7984
93-44,7918
93-45,7920
93-46,7919
93-47,7985
93-48,7921
93-49,7923
93-50,7922
93-51,7986
93-52,7924
93-53,7926
93-54,7925
93-55,7987
93-56,7927
93-57,7929
93-58,7928
93-59,7988
93-60,7930
93-61,7932
93-62,7931
93-63,7989
93-64,7933
93-65,7935
93-66,7934
93-67,7990
93-68,7936
93-69,7938
93-70,7937
93-71,7991
93-72,7939
93-73,7941
93-74,7940
93-75,7992
93-76,7942
93-77,7944
93-78,7943
93-79,7993
93-80,7945
93-81,7947
93-82,7946
93-83,7994
93-84,7948
93-85,7950
93-86,7949
93-87,7995
93-88,7951
93-89,7953
93-90,7952
93-91,7996
93-92,7954
93-93,7956
93-94,7955
93-95,7997
93-96,7957
93-97,7959
93-98,7958
93-99,7998
93-100,7960
93-101,7962
93-102,7961
93-103,7999
93-104,7963
93-105,7965
93-106,7964
93-107,8000
93-108,7966
93-109,7968
93-110,7967
93-111,8001
93-112,7969
93-113,7971
93-114,7970
93-115,8002
94-0,7856
94-1,7858
94-2,7857
94-3,7887
94-4,7772
94-5,7774
94-6,7773
94-7,7859
94-8,7775
94-9,7777
94-10,7776
94-11,7860
94-12,7778
94-13,7780
94-14,7779
94-15,7861
94-16,7781
94-17,7783
94-18,7782
94-19,7862
94-20,7784
94-21,7786
94-22,7785
94-23,7863
94-24,7787
94-25,7789
94-26,7788
94-27,7864
94-28,7790
94-29,7792
94-30,7791
94-31,7865
94-32,7793
94-33,7795
94-34,7794
94-35,7866
94-36,7796
94-37,7798
94-38,7797
94-39,7867
94-40,7799
94-41,7801
94-42,7800
94-43,7868
94-44,7802
94-45,7804
94-46,7803
94-47,7869
94-48,7805
94-49,7807
94-50,7806
94-51,7870
94-52,7808
94-53,7810
94-54,7809
94-55,7871
94-56,7811
94-57,7813
94-58,7812
94-59,7872
94-60,7814
94-61,7816
94-62,7815
94-63,7873
94-64,7817
94-65,7819
94-66,7818
94-67,7874
94-68,7820
94-69,7822
94-70,7821
94-71,7875
94-72,7823
94-73,7825
94-74,7824
94-75,7876
94-76,7826
94-77,7828
94-78,7827
94-79,7877
94-80,7829
94-81,7831
94-82,7830
94-83,7878
94-84,7832
94-85,7834
94-86,7833
94-87,7879
94-88,7835
94-89,7837
94-90,7836
94-91,7880
94-92,7838
94-93,7840
94-94,7839
94-95,7881
94-96,7841
94-97,7843
94-98,7842
94-99,7882
94-100,7844
94-101,7846
94-102,7845
94-103,7883
94-104,7847
94-105,7849
94-106,7848
94-107,7884
94-108,7850
94-109,7852
94-110,7851
94-111,7885
94-112,7853
94-113,7855
94-114,7854
94-115,7886
96-0,8088
96-1,8090
96-2,8089
96-3,8119
96-4,8004
96-5,8006
96-6,8005
96-7,8091
96-8,8007
96-9,8009
96-10,8008
96-11,8092
96-12,8010
96-13,8012
96-14,8011
96-15,8093
96-16,8013
96-17,8015
96-18,8014
96-19,8094
96-20,8016
96-21,8018
96-22,8017
96-23,8095
96-24,8019
96-25,8021
96-26,8020
96-27,8096
96-28,8022
96-29,8024
96-30,8023
96-31,8097
96-32,8025
96-33,8027
96-34,8026
96-35,8098
96-36,8028
96-37,8030
96-38,8029
96-39,8099
96-40,8031
96-41,8033
96-42,8032
96-43,8100
96-44,8034
96-45,8036
96-46,8035
96-47,8101
96-48,8037
96-49,8039
96-50,8038
96-51,8102
96-52,8040
96-53,8042
96-54,8041
96-55,8103
96-56,8043
96-57,8045
96-58,8044
96-59,8104
96-60,8046
96-61,8048
96-62,8047
96-63,8105
96-64,8049
96-65,8051
96-66,8050
96-67,8106
96-68,8052
96-69,8054
96-70,8053
96-71,8107
96-72,8055
96-73,8057
96-74,8056
96-75,8108
96-76,8058
96-77,8060
96-78,8059
96-79,8109
96-80,8061
96-81,8063
96-82,8062
96-83,8110
96-84,8064
96-85,8066
96-86,8065
96-87,8111
96-88,8067
96-89,8069
96-90,8068
96-91,8112
96-92,8070
96-93,8072
96-94,8071
96-95,8113
96-96,8073
96-97,8075
96-98,8074
96-99,8114
96-100,8076
96-101,8078
96-102,8077
96-103,8115
96-104,8079
96-105,8081
96-106,8080
96-107,8116
96-108,8082
96-109,8084
96-110,8083
96-111,8117
96-112,8085
96-113,8087
96-114,8086
96-115,8118
97-0,8320
97-1,8322
97-2,8321
97-3,8351
97-4,8236
97-5,8238
97-6,8237
97-7,8323
97-8,8239
97-9,8241
97-10,8240
97-11,8324
97-12,8242
97-13,8244
97-14,8243
97-15,8325
97-16,8245
97-17,8247
97-18,8246
97-19,8326
97-20,8248
97-21,8250
97-22,8249
97-23,8327
97-24,8251
97-25,8253
97-26,8252
97-27,8328
97-28,8254
97-29,8256
97-30,8255
97-31,8329
97-32,8257
97-33,8259
97-34,8258
97-35,8330
97-36,8260
97-37,8262
97-38,8261
97-39,8331
97-40,8263
97-41,8265
97-42,8264
97-43,8332
97-44,8266
97-45,8268
97-46,8267
97-47,8333
97-48,8269
97-49,8271
97-50,8270
97-51,8334
97-52,8272
97-53,8274
97-54,8273
97-55,8335
97-56,8275
97-57,8277
97-58,8276
97-59,8336
97-60,8278
97-61,8280
97-62,8279
97-63,8337
97-64,8281
97-65,8283
97-66,8282
97-67,8338
97-68,8284
97-69,8286
97-70,8285
97-71,8339
97-72,8287
97-73,8289
97-74,8288
97-75,8340
97-76,8290
97-77,8292
97-78,8291
97-79,8341
97-80,8293
97-81,8295
97-82,8294
97-83,8342
97-84,8296
97-85,8298
97-86,8297
97-87,8343
97-88,8299
97-89,8301
97-90,8300
97-91,8344
97-92,8302
97-93,8304
97-94,8303
97-95,8345
97-96,8305
97-97,8307
97-98,8306
97-99,8346
97-100,8308
97-101,8310
97-102,8309
97-103,8347
97-104,8311
97-105,8313
97-106,8312
97-107,8348
97-108,8314
97-109,8316
97-110,8315
97-111,8349
97-112,8317
97-113,8319
97-114,8318
97-115,8350
98-0,8204
98-1,8206
98-2,8205
98-3,8235
98-4,8120
98-5,8122
98-6,8121
98-7,8207
98-8,8123
98-9,8125
98-10,8124
98-11,8208
98-12,8126
98-13,8128
98-14,8127
98-15,8209
98-16,8129
98-17,8131
98-18,8130
98-19,8210
98-20,8132
98-21,8134
98-22,8133
98-23,8211
98-24,8135
98-25,8137
98-26,8136
98-27,8212
98-28,8138
98-29,8140
98-30,8139
98-31,8213
98-32,8141
98-33,8143
98-34,8142
98-35,8214
98-36,8144
98-37,8146
98-38,8145
98-39,8215
98-40,8147
98-41,8149
98-42,8148
98-43,8216
98-44,8150
98-45,8152
98-46,8151
98-47,8217
98-48,8153
98-49,8155
98-50,8154
98-51,8218
98-52,8156
98-53,8158
98-54,8157
98-55,8219
98-56,8159
98-57,8161
98-58,8160
98-59,8220
98-60,8162
98-61,8164
98-62,8163
98-63,8221
98-64,8165
98-65,8167
98-66,8166
98-67,8222
98-68,8168
98-69,8170
98-70,8169
98-71,8223
98-72,8171
98-73,8173
98-74,8172
98-75,8224
98-76,8174
98-77,8176
98-78,8175
98-79,8225
98-80,8177
98-81,8179
98-82,8178
98-83,8226
98-84,8180
98-85,8182
98-86,8181
98-87,8227
98-88,8183
98-89,8185
98-90,8184
98-91,8228
98-92,8186
98-93,8188
98-94,8187
98-95,8229
98-96,8189
98-97,8191
98-98,8190
98-99,8230
98-100,8192
98-101,8194
98-102,8193
98-103,8231
98-104,8195
98-105,8197
98-106,8196
98-107,8232
98-108,8198
98-109,8200
98-110,8199
98-111,8233
98-112,8201
98-113,8203
98-114,8202
98-115,8234
100-0,8436
100-1,8438
100-2,8437
100-3,8467
100-4,8352
100-5,8354
100-6,8353
100-7,8439
100-8,8355
100-9,8357
100-10,8356
100-11,8440
100-12,8358
100-13,8360
100-14,8359
100-15,8441
100-16,8361
100-17,8363
100-18,8362
100-19,8442
100-20,8364
100-21,8366
100-22,8365
100-23,8443
100-24,8367
100-25,8369
100-26,8368
100-27,8444
100-28,8370
100-29,8372
100-30,8371
100-31,8445
100-32,8373
100-33,8375
100-34,8374
100-35,8446
100-36,8376
100-37,8378
100-38,8377
100-39,8447
100-40,8379
100-41,8381
100-42,8380
100-43,8448
100-44,8382
100-45,8384
100-46,8383
100-47,8449
100-48,8385
100-49,8387
100-50,8386
100-51,8450
100-52,8388
100-53,8390
100-54,8389
100-55,8451
100-56,8391
100-57,8393
100-58,8392
100-59,8452
100-60,8394
100-61,8396
100-62,8395
100-63,8453
100-64,8397
100-65,8399
100-66,8398
100-67,8454
100-68,8400
100-69,8402
100-70,8401
100-71,8455
100-72,8403
100-73,8405
100-74,8404
100-75,8456
100-76,8406
100-77,8408
100-78,8407
100-79,8457
100-80,8409
100-81,8411
100-82,8410
100-83,8458
100-84,8412
100-85,8414
100-86,8413
100-87,8459
100-88,8415
100-89,8417
100-90,8416
100-91,8460
100-92,8418
100-93,8420
100-94,8419
100-95,8461
100-96,8421
100-97,8423
100-98,8422
100-99,8462
100-100,8424
100-101,8426
100-102,8425
100-103,8463
100-104,8427
100-105,8429
100-106,8428
100-107,8464
100-108,8430
100-109,8432
100-110,8431
100-111,8465
100-112,8433
100-113,8435
100-114,8434
100-115,8466
101-0,8668
101-1,8670
101-2,8669
101-3,8699
101-4,8584
101-5,8586
101-6,8585
101-7,8671
101-8,8587
101-9,8589
101-10,8588
101-11,8672
101-12,8590
101-13,8592
101-14,8591
101-15,8673
101-16,8593
101-17,8595
101-18,8594
101-19,8674
101-20,8596
101-21,8598
101-22,8597
101-23,8675
101-24,8599
101-25,8601
101-26,8600
101-27,8676
101-28,8602
101-29,8604
101-30,8603
101-31,8677
101-32,8605
101-33,8607
101-34,8606
101-35,8678
101-36,8608
101-37,8610
101-38,8609
101-39,8679
101-40,8611
101-41,8613
101-42,8612
101-43,8680
101-44,8614
101-45,8616
101-46,8615
101-47,8681
101-48,8617
101-49,8619
101-50,8618
101-51,8682
101-52,8620
101-53,8622
101-54,8621
101-55,8683
101-56,8623
101-57,8625
101-58,8624
101-59,8684
101-60,8626
101-61,8628
101-62,8627
101-63,8685
101-64,8629
101-65,8631
101-66,8630
101-67,8686
101-68,8632
101-69,8634
101-70,8633
101-71,8687
101-72,8635
101-73,8637
101-74,8636
101-75,8688
101-76,8638
101-77,8640
101-78,8639
101-79,8689
101-80,8641
101-81,8643
101-82,8642
101-83,8690
101-84,8644
101-85,8646
101-86,8645
101-87,8691
101-88,8647
101-89,8649
101-90,8648
101-91,8692
101-92,8650
101-93,8652
101-94,8651
101-95,8693
101-96,8653
101-97,8655
101-98,8654
101-99,8694
101-100,8656
101-101,8658
101-102,8657
101-103,8695
101-104,8659
101-105,8661
101-106,8660
101-107,8696
101-108,8662
101-109,8664
101-110,8663
101-111,8697
101-112,8665
101-113,8667
101-114,8666
101-115,8698
102-0,8552
102-1,8554
102-2,8553
102-3,8583
102-4,8468
102-5,8470
102-6,8469
102-7,8555
102-8,8471
102-9,8473
102-10,8472
102-11,8556
102-12,8474
102-13,8476
102-14,8475
102-15,8557
102-16,8477
102-17,8479
102-18,8478
102-19,8558
102-20,8480
102-21,8482
102-22,8481
102-23,8559
102-24,8483
102-25,8485
102-26,8484
102-27,8560
102-28,8486
102-29,8488
102-30,8487
102-31,8561
102-32,8489
102-33,8491
102-34,8490
102-35,8562
102-36,8492
102-37,8494
102-38,8493
102-39,8563
102-40,8495
102-41,8497
102-42,8496
102-43,8564
102-44,8498
102-45,8500
102-46,8499
102-47,8565
102-48,8501
102-49,8503
102-50,8502
102-51,8566
102-52,8504
102-53,8506
102-54,8505
102-55,8567
102-56,8507
102-57,8509
102-58,8508
102-59,8568
102-60,8510
102-61,8512
102-62,8511
102-63,8569
102-64,8513
102-65,8515
102-66,8514
102-67,8570
102-68,8516
102-69,8518
102-70,8517
102-71,8571
102-72,8519
102-73,8521
102-74,8520
102-75,8572
102-76,8522
102-77,8524
102-78,8523
102-79,8573
102-80,8525
102-81,8527
102-82,8526
102-83,8574
102-84,8528
102-85,8530
102-86,8529
102-87,8575
102-88,8531
102-89,8533
102-90,8532
102-91,8576
102-92,8534
102-93,8536
102-94,8535
102-95,8577
102-96,8537
102-97,8539
102-98,8538
102-99,8578
102-100,8540
102-101,8542
102-102,8541
102-103,8579
102-104,8543
102-105,8545
102-106,8544
102-107,8580
102-108,8546
102-109,8548
102-110,8547
102-111,8581
102-112,8549
102-113,8551
102-114,8550
102-115,8582
104-0,8784
104-1,8786
104-2,8785
104-3,8815
104-4,8700
104-5,8702
104-6,8701
104-7,8787
104-8,8703
104-9,8705
104-10,8704
104-11,8788
104-12,8706
104-13,8708
104-14,8707
104-15,8789
104-16,8709
104-17,8711
104-18,8710
104-19,8790
104-20,8712
104-21,8714
104-22,8713
104-23,8791
104-24,8715
104-25,8717
104-26,8716
104-27,8792
104-28,8718
104-29,8720
104-30,8719
104-31,8793
104-32,8721
104-33,8723
104-34,8722
104-35,8794
104-36,8724
104-37,8726
104-38,8725
104-39,8795
104-40,8727
104-41,8729
104-42,8728
104-43,8796
104-44,8730
104-45,8732
104-46,8731
104-47,8797
104-48,8733
104-49,8735
104-50,8734
104-51,8798
104-52,8736
104-53,8738
104-54,8737
104-55,8799
104-56,8739
104-57,8741
104-58,8740
104-59,8800
104-60,8742
104-61,8744
104-62,8743
104-63,8801
104-64,8745
104-65,8747
104-66,8746
104-67,8802
104-68,8748
104-69,8750
104-70,8749
104-71,8803
104-72,8751
104-73,8753
104-74,8752
104-75,8804
104-76,8754
104-77,8756
104-78,8755
104-79,8805
104-80,8757
104-81,8759
104-82,8758
104-83,8806
104-84,8760
104-85,8762
104-86,8761
104-87,8807
104-88,8763
104-89,8765
104-90,8764
104-91,8808
104-92,8766
104-93,8768
104-94,8767
104-95,8809
104-96,8769
104-97,8771
104-98,8770
104-99,8810
104-100,8772
104-101,8774
104-102,8773
104-103,8811
104-104,8775
104-105,8777
104-106,8776
104-107,8812
104-108,8778
104-109,8780
104-110,8779
104-111,8813
104-112,8781
104-113,8783
104-114,8782
104-115,8814
105-0,9016
105-1,9018
105-2,9017
105-3,9047
105-4,8932
105-5,8934
105-6,8933
105-7,9019
105-8,8935
105-9,8937
105-10,8936
105-11,9020
105-12,8938
105-13,8940
105-14,8939
105-15,9021
105-16,8941
105-17,8943
105-18,8942
105-19,9022
105-20,8944
105-21,8946
105-22,8945
105-23,9023
105-24,8947
105-25,8949
105-26,8948
105-27,9024
105-28,8950
105-29,8952
105-30,8951
105-31,9025
105-32,8953
105-33,8955
105-34,8954
105-35,9026
105-36,8956
105-37,8958
105-38,8957
105-39,9027
105-40,8959
105-41,8961
105-42,8960
105-43,9028
105-44,8962
105-45,8964
105-46,8963
105-47,9029
105-48,8965
105-49,8967
105-50,8966
105-51,9030
105-52,8968
105-53,8970
105-54,8969
105-55,9031
105-56,8971
105-57,8973
105-58,8972
105-59,9032
105-60,8974
105-61,8976
105-62,8975
105-63,9033
105-64,8977
105-65,8979
105-66,8978
105-67,9034
105-68,8980
105-69,8982
105-70,8981
105-71,9035
105-72,8983
105-73,8985
105-74,8984
105-75,9036
105-76,8986
105-77,8988
105-78,8987
105-79,9037
105-80,8989
105-81,8991
105-82,8990
105-83,9038
105-84,8992
105-85,8994
105-86,8993
105-87,9039
105-88,8995
105-89,8997
105-90,8996
105-91,9040
105-92,8998
105-93,9000
105-94,8999
105-95,9041
105-96,9001
105-97,9003
105-98,9002
105-99,9042
105-100,9004
105-101,9006
105-102,9005
105-103,9043
105-104,9007
105-105,9009
105-106,9008
105-107,9044
105-108,9010
105-109,9012
105-110,9011
105-111,9045
105-112,9013
105-113,9015
105-114,9014
105-115,9046
106-0,8900
106-1,8902
106-2,8901
106-3,8931
106-4,8816
106-5,8818
106-6,8817
106-7,8903
106-8,8819
106-9,8821
106-10,8820
106-11,8904
106-12,8822
106-13,8824
106-14,8823
106-15,8905
106-16,8825
106-17,8827
106-18,8826
106-19,8906
106-20,8828
106-21,8830
106-22,8829
106-23,8907
106-24,8831
106-25,8833
106-26,8832
106-27,8908
106-28,8834
106-29,8836
106-30,8835
106-31,8909
106-32,8837
106-33,8839
106-34,8838
106-35,8910
106-36,8840
106-37,8842
106-38,8841
106-39,8911
106-40,8843
106-41,8845
106-42,8844
106-43,8912
106-44,8846
106-45,8848
106-46,8847
106-47,8913
106-48,8849
106-49,8851
106-50,8850
106-51,8914
106-52,8852
106-53,8854
106-54,8853
106-55,8915
106-56,8855
106-57,8857
106-58,8856
106-59,8916
106-60,8858
106-61,8860
106-62,8859
106-63,8917
106-64,8861
106-65,8863
106-66,8862
106-67,8918
106-68,8864
106-69,8866
106-70,8865
106-71,8919
106-72,8867
106-73,8869
106-74,8868
106-75,8920
106-76,8870
106-77,8872
106-78,8871
106-79,8921
106-80,8873
106-81,8875
106-82,8874
106-83,8922
106-84,8876
106-85,8878
106-86,8877
106-87,8923
106-88,8879
106-89,8881
106-90,8880
106-91,8924
106-92,8882
106-93,8884
106-94,8883
106-95,8925
106-96,8885
106-97,8887
106-98,8886
106-99,8926
106-100,8888
106-101,8890
106-102,8889
106-103,8927
106-104,8891
106-105,8893
106-106,8892
106-107,8928
106-108,8894
106-109,8896
106-110,8895
106-111,8929
106-112,8897
106-113,8899
106-114,8898
106-115,8930
108-0,9132
108-1,9134
108-2,9133
108-3,9163
108-4,9048
108-5,9050
108-6,9049
108-7,9135
108-8,9051
108-9,9053
108-10,9052
108-11,9136
108-12,9054
108-13,9056
108-14,9055
108-15,9137
108-16,9057
108-17,9059
108-18,9058
108-19,9138
108-20,9060
108-21,9062
108-22,9061
108-23,9139
108-24,9063
108-25,9065
108-26,9064
108-27,9140
108-28,9066
108-29,9068
108-30,9067
108-31,9141
108-32,9069
108-33,9071
108-34,9070
108-35,9142
108-36,9072
108-37,9074
108-38,9073
108-39,9143
108-40,9075
108-41,9077
108-42,9076
108-43,9144
108-44,9078
108-45,9080
108-46,9079
108-47,9145
108-48,9081
108-49,9083
108-50,9082
108-51,9146
108-52,9084
108-53,9086
108-54,9085
108-55,9147
108-56,9087
108-57,9089
108-58,9088
108-59,9148
108-60,9090
108-61,9092
108-62,9091
108-63,9149
108-64,9093
108-65,9095
108-66,9094
108-67,9150
108-68,9096
108-69,9098
108-70,9097
108-71,9151
108-72,9099
108-73,9101
108-74,9100
108-75,9152
108-76,9102
108-77,9104
108-78,9103
108-79,9153
108-80,9105
108-81,9107
108-82,9106
108-83,9154
108-84,9108
108-85,9110
108-86,9109
108-87,9155
108-88,9111
108-89,9113
108-90,9112
108-91,9156
108-92,9114
108-93,9116
108-94,9115
108-95,9157
108-96,9117
108-97,9119
108-98,9118
108-99,9158
108-100,9120
108-101,9122
108-102,9121
108-103,9159
108-104,9123
108-105,9125
108-106,9124
108-107,9160
108-108,9126
108-109,9128
108-110,9127
108-111,9161
108-112,9129
108-113,9131
108-114,9130
108-115,9162
109-0,9364
109-1,9366
109-2,9365
109-3,9395
109-4,9280
109-5,9282
109-6,9281
109-7,9367
109-8,9283
109-9,9285
109-10,9284
109-11,9368
109-12,9286
109-13,9288
109-14,9287
109-15,9369
109-16,9289
109-17,9291
109-18,9290
109-19,9370
109-20,9292
109-21,9294
109-22,9293
109-23,9371
109-24,9295
109-25,9297
109-26,9296
109-27,9372
109-28,9298
109-29,9300
109-30,9299
109-31,9373
109-32,9301
109-33,9303
109-34,9302
109-35,9374
109-36,9304
109-37,9306
109-38,9305
109-39,9375
109-40,9307
109-41,9309
109-42,9308
109-43,9376
109-44,9310
109-45,9312
109-46,9311
109-47,9377
109-48,9313
109-49,9315
109-50,9314
109-51,9378
109-52,9316
109-53,9318
109-54,9317
109-55,9379
109-56,9319
109-57,9321
109-58,9320
109-59,9380
109-60,9322
109-61,9324
109-62,9323
109-63,9381
109-64,9325
109-65,9327
109-66,9326
109-67,9382
109-68,9328
109-69,9330
109-70,9329
109-71,9383
109-72,9331
109-73,9333
109-74,9332
109-75,9384
109-76,9334
109-77,9336
109-78,9335
109-79,9385
109-80,9337
109-81,9339
109-82,9338
109-83,9386
109-84,9340
109-85,9342
109-86,9341
109-87,9387
109-88,9343
109-89,9345
109-90,9344
109-91,9388
109-92,9346
109-93,9348
109-94,9347
109-95,9389
109-96,9349
109-97,9351
109-98,9350
109-99,9390
109-100,9352
109-101,9354
109-102,9353
109-103,9391
109-104,9355
109-105,9357
109-106,9356
109-107,9392
109-108,9358
109-109,9360
109-110,9359
109-111,9393
109-112,9361
109-113,9363
109-114,9362
109-115,9394
110-0,9248
110-1,9250
110-2,9249
110-3,9279
110-4,9164
110-5,9166
110-6,9165
110-7,9251
110-8,9167
110-9,9169
110-10,9168
110-11,9252
110-12,9170
110-13,9172
110-14,9171
110-15,9253
110-16,9173
110-17,9175
110-18,9174
110-19,9254
110-20,9176
110-21,9178
110-22,9177
110-23,9255
110-24,9179
110-25,9181
110-26,9180
110-27,9256
110-28,9182
110-29,9184
110-30,9183
110-31,9257
110-32,9185
110-33,9187
110-34,9186
110-35,9258
110-36,9188
110-37,9190
110-38,9189
110-39,9259
110-40,9191
110-41,9193
110-42,9192
110-43,9260
110-44,9194
110-45,9196
110-46,9195
110-47,9261
110-48,9197
110-49,9199
110-50,9198
110-51,9262
110-52,9200
110-53,9202
110-54,9201
110-55,9263
110-56,9203
110-57,9205
110-58,9204
110-59,9264
110-60,9206
110-61,9208
110-62,9207
110-63,9265
110-64,9209
110-65,9211
110-66,9210
110-67,9266
110-68,9212
110-69,9214
110-70,9213
110-71,9267
110-72,9215
110-73,9217
110-74,9216
110-75,9268
110-76,9218
110-77,9220
110-78,9219
110-79,9269
110-80,9221
110-81,9223
110-82,9222
110-83,9270
110-84,9224
110-85,9226
110-86,9225
110-87,9271
110-88,9227
110-89,9229
110-90,9228
110-91,9272
110-92,9230
110-93,9232
110-94,9231
110-95,9273
110-96,9233
110-97,9235
110-98,9234
110-99,9274
110-100,9236
110-101,9238
110-102,9237
110-103,9275
110-104,9239
110-105,9241
110-106,9240
110-107,9276
110-108,9242
110-109,9244
110-110,9243
110-111,9277
110-112,9245
110-113,9247
110-114,9246
110-115,9278
112-0,9480
112-1,9482
112-2,9481
112-3,9511
112-4,9396
112-5,9398
112-6,9397
112-7,9483
112-8,9399
112-9,9401
112-10,9400
112-11,9484
112-12,9402
112-13,9404
112-14,9403
112-15,9485
112-16,9405
112-17,9407
112-18,9406
112-19,9486
112-20,9408
112-21,9410
112-22,9409
112-23,9487
112-24,9411
112-25,9413
112-26,9412
112-27,9488
112-28,9414
112-29,9416
112-30,9415
112-31,9489
112-32,9417
112-33,9419
112-34,9418
112-35,9490
112-36,9420
112-37,9422
112-38,9421
112-39,9491
112-40,9423
112-41,9425
112-42,9424
112-43,9492
112-44,9426
112-45,9428
112-46,9427
112-47,9493
112-48,9429
112-49,9431
112-50,9430
112-51,9494
112-52,9432
112-53,9434
112-54,9433
112-55,9495
112-56,9435
112-57,9437
112-58,9436
112-59,9496
112-60,9438
112-61,9440
112-62,9439
112-63,9497
112-64,9441
112-65,9443
112-66,9442
112-67,9498
112-68,9444
112-69,9446
112-70,9445
112-71,9499
112-72,9447
112-73,9449
112-74,9448
112-75,9500
112-76,9450
112-77,9452
112-78,9451
112-79,9501
112-80,9453
112-81,9455
112-82,9454
112-83,9502
112-84,9456
112-85,9458
112-86,9457
112-87,9503
112-88,9459
112-89,9461
112-90,9460
112-91,9504
112-92,9462
112-93,9464
112-94,9463
112-95,9505
112-96,9465
112-97,9467
112-98,9466
112-99,9506
112-100,9468
112-101,9470
112-102,9469
112-103,9507
112-104,9471
112-105,9473
112-106,9472
112-107,9508
112-108,9474
112-109,9476
112-110,9475
112-111,9509
112-112,9477
112-113,9479
112-114,9478
112-115,9510
113-0,9712
113-1,9714
113-2,9713
113-3,9743
113-4,9628
113-5,9630
113-6,9629
113-7,9715
113-8,9631
113-9,9633
113-10,9632
113-11,9716
113-12,9634
113-13,9636
113-14,9635
113-15,9717
113-16,9637
113-17,9639
113-18,9638
113-19,9718
113-20,9640
113-21,9642
113-22,9641
113-23,9719
113-24,9643
113-25,9645
113-26,9644
113-27,9720
113-28,9646
113-29,9648
113-30,9647
113-31,9721
113-32,9649
113-33,9651
113-34,9650
113-35,9722
113-36,9652
113-37,9654
113-38,9653
113-39,9723
113-40,9655
113-41,9657
113-42,9656
113-43,9724
113-44,9658
113-45,9660
113-46,9659
113-47,9725
113-48,9661
113-49,9663
113-50,9662
113-51,9726
113-52,9664
113-53,9666
113-54,9665
113-55,9727
113-56,9667
113-57,9669
113-58,9668
113-59,9728
113-60,9670
113-61,9672
113-62,9671
113-63,9729
113-64,9673
113-65,9675
113-66,9674
113-67,9730
113-68,9676
113-69,9678
113-70,9677
113-71,9731
113-72,9679
113-73,9681
113-74,9680
113-75,9732
113-76,9682
113-77,9684
113-78,9683
113-79,9733
113-80,9685
113-81,9687
113-82,9686
113-83,9734
113-84,9688
113-85,9690
113-86,9689
113-87,9735
113-88,9691
113-89,9693
113-90,9692
113-91,9736
113-92,9694
113-93,9696
113-94,9695
113-95,9737
113-96,9697
113-97,9699
113-98,9698
113-99,9738
113-100,9700
113-101,9702
113-102,9701
113-103,9739
113-104,9703
113-105,9705
113-106,9704
113-107,9740
113-108,9706
113-109,9708
113-110,9707
113-111,9741
113-112,9709
113-113,9711
113-114,9710
113-115,9742
114-0,9596
114-1,9598
114-2,9597
114-3,9627
114-4,9512
114-5,9514
114-6,9513
114-7,9599
114-8,9515
114-9,9517
114-10,9516
114-11,9600
114-12,9518
114-13,9520
114-14,9519
114-15,9601
114-16,9521
114-17,9523
114-18,9522
114-19,9602
114-20,9524
114-21,9526
114-22,9525
114-23,9603
114-24,9527
114-25,9529
114-26,9528
114-27,9604
114-28,9530
114-29,9532
114-30,9531
114-31,9605
114-32,9533
114-33,9535
114-34,9534
114-35,9606
114-36,9536
114-37,9538
114-38,9537
114-39,9607
114-40,9539
114-41,9541
114-42,9540
114-43,9608
114-44,9542
114-45,9544
114-46,9543
114-47,9609
114-48,9545
114-49,9547
114-50,9546
114-51,9610
114-52,9548
114-53,9550
114-54,9549
114-55,9611
114-56,9551
114-57,9553
114-58,9552
114-59,9612
114-60,9554
114-61,9556
114-62,9555
114-63,9613
114-64,9557
114-65,9559
114-66,9558
114-67,9614
114-68,9560
114-69,9562
114-70,9561
114-71,9615
114-72,9563
114-73,9565
114-74,9564
114-75,9616
114-76,9566
114-77,9568
114-78,9567
114-79,9617
114-80,9569
114-81,9571
114-82,9570
114-83,9618
114-84,9572
114-85,9574
114-86,9573
114-87,9619
114-88,9575
114-89,9577
114-90,9576
114-91,9620
114-92,9578
114-93,9580
114-94,9579
114-95,9621
114-96,9581
114-97,9583
114-98,9582
114-99,9622
114-100,9584
114-101,9586
114-102,9585
114-103,9623
114-104,9587
114-105,9589
114-106,9588
114-107,9624
114-108,9590
114-109,9592
114-110,9591
114-111,9625
114-112,9593
114-113,9595
114-114,9594
114-115,9626
