,
0,H0
1,H1
2,H2
3,H3
4,L1 M0
5,L1 M1
6,L1 M2
7,L1 M3
8,L2 M0
9,L2 M1
10,L2 M2
11,L2 M3
12,L3 M0
13,L3 M1
14,L3 M2
15,L3 M3
16,L4 M0
17,L4 M1
18,L4 M2
19,L4 M3
20,L5 M0
21,L5 M1
22,L5 M2
23,L5 M3
24,L6 M0
25,L6 M1
26,L6 M2
27,L6 M3
28,L7 M0
29,L7 M1
30,L7 M2
31,L7 M3
32,L8 M0
33,L8 M1
34,L8 M2
35,L8 M3
36,L9 M0
37,L9 M1
38,L9 M2
39,L9 M3
40,L10 M0
41,L10 M1
42,L10 M2
43,L10 M3
44,L11 M0
45,L11 M1
46,L11 M2
47,L11 M3
48,L12 M0
49,L12 M1
50,L12 M2
51,L12 M3
52,L13 M0
53,L13 M1
54,L13 M2
55,L13 M3
56,L14 M0
57,L14 M1
58,L14 M2
59,L14 M3
60,L15 M0
61,L15 M1
62,L15 M2
63,L15 M3
64,L16 M0
65,L16 M1
66,L16 M2
67,L16 M3
68,L17 M0
69,L17 M1
70,L17 M2
71,L17 M3
72,L18 M0
73,L18 M1
74,L18 M2
75,L18 M3
76,L19 M0
77,L19 M1
78,L19 M2
79,L19 M3
80,L20 M0
81,L20 M1
82,L20 M2
83,L20 M3
84,L21 M0
85,L21 M1
86,L21 M2
87,L21 M3
88,L22 M0
89,L22 M1
90,L22 M2
91,L22 M3
92,L23 M0
93,L23 M1
94,L23 M2
95,L23 M3
96,L24 M0
97,L24 M1
98,L24 M2
99,L24 M3
100,L25 M0
101,L25 M1
102,L25 M2
103,L25 M3
104,L26 M0
105,L26 M1
106,L26 M2
107,L26 M3
108,L27 M0
109,L27 M1
110,L27 M2
111,L27 M3
112,L28 M0
113,L28 M1
114,L28 M2
115,L28 M3
0-0,H0 H0
0-1,H0 H1
0-2,H0 H2
0-3,H0 H3
0-4,H0 L1 M0
0-5,H0 L1 M1
0-6,H0 L1 M2
0-7,MADDA
0-8,H0 L2 M0
0-9,H0 L2 M1
0-10,H0 L2 M2
0-11,H0 L2 M3
0-12,H0 L3 M0
0-13,H0 L3 M1
0-14,H0 L3 M2
0-15,H0 L3 M3
0-16,H0 L4 M0
0-17,H0 L4 M1
0-18,H0 L4 M2
0-19,H0 L4 M3
0-20,H0 L5 M0
0-21,H0 L5 M1
0-22,H0 L5 M2
0-23,H0 L5 M3
0-24,H0 L6 M0
0-25,H0 L6 M1
0-26,H0 L6 M2
0-27,H0 L6 M3
0-28,H0 L7 M0
0-29,H0 L7 M1
0-30,H0 L7 M2
0-31,H0 L7 M3
0-32,H0 L8 M0
0-33,H0 L8 M1
0-34,H0 L8 M2
0-35,H0 L8 M3
0-36,H0 L9 M0
0-37,H0 L9 M1
0-38,H0 L9 M2
0-39,H0 L9 M3
0-40,H0 L10 M0
0-41,H0 L10 M1
0-42,H0 L10 M2
0-43,H0 L10 M3
0-44,H0 L11 M0
0-45,H0 L11 M1
0-46,H0 L11 M2
0-47,H0 L11 M3
0-48,H0 L12 M0
0-49,H0 L12 M1
0-50,H0 L12 M2
0-51,H0 L12 M3
0-52,H0 L13 M0
0-53,H0 L13 M1
0-54,H0 L13 M2
0-55,H0 L13 M3
0-56,H0 L14 M0
0-57,H0 L14 M1
0-58,H0 L14 M2
0-59,H0 L14 M3
0-60,H0 L15 M0
0-61,H0 L15 M1
0-62,H0 L15 M2
0-63,H0 L15 M3
0-64,H0 L16 M0
0-65,H0 L16 M1
0-66,H0 L16 M2
0-67,H0 L16 M3
0-68,H0 L17 M0
0-69,H0 L17 M1
0-70,H0 L17 M2
0-71,H0 L17 M3
0-72,H0 L18 M0
0-73,H0 L18 M1
0-74,H0 L18 M2
0-75,H0 L18 M3
0-76,H0 L19 M0
0-77,H0 L19 M1
0-78,H0 L19 M2
0-79,H0 L19 M3
0-80,H0 L20 M0
0-81,H0 L20 M1
0-82,H0 L20 M2
0-83,H0 L20 M3
0-84,H0 L21 M0
0-85,H0 L21 M1
0-86,H0 L21 M2
0-87,H0 L21 M3
0-88,H0 L22 M0
0-89,H0 L22 M1
0-90,H0 L22 M2
0-91,H0 L22 M3
0-92,H0 L23 M0
0-93,H0 L23 M1
0-94,H0 L23 M2
0-95,H0 L23 M3
0-96,H0 L24 M0
0-97,H0 L24 M1
0-98,H0 L24 M2
0-99,H0 L24 M3
0-100,H0 L25 M0
0-101,H0 L25 M1
0-102,H0 L25 M2
0-103,HT0
0-104,H0 L26 M0
0-105,H0 L26 M1
0-106,H0 L26 M2
0-107,H0 L26 M3
0-108,H0 L27 M0
0-109,H0 L27 M1
0-110,H0 L27 M2
0-111,H0 L27 M3
0-112,H0 L28 M0
0-113,H0 L28 M1
0-114,H0 L28 M2
0-115,H0 L28 M3
1-0,H1 H0
1-1,H1 H1
1-2,H1 H2
1-3,H1 H3
1-4,H1 L1 M0
1-5,H1 L1 M1
1-6,H1 L1 M2
1-7,H1 L1 M3
1-8,H1 L2 M0
1-9,H1 L2 M1
1-10,H1 L2 M2
1-11,H1 L2 M3
1-12,H1 L3 M0
1-13,H1 L3 M1
1-14,H1 L3 M2
1-15,H1 L3 M3
1-16,H1 L4 M0
1-17,H1 L4 M1
1-18,H1 L4 M2
1-19,H1 L4 M3
1-20,H1 L5 M0
1-21,H1 L5 M1
1-22,H1 L5 M2
1-23,H1 L5 M3
1-24,H1 L6 M0
1-25,H1 L6 M1
1-26,H1 L6 M2
1-27,H1 L6 M3
1-28,H1 L7 M0
1-29,H1 L7 M1
1-30,H1 L7 M2
1-31,H1 L7 M3
1-32,H1 L8 M0
1-33,H1 L8 M1
1-34,H1 L8 M2
1-35,H1 L8 M3
1-36,H1 L9 M0
1-37,H1 L9 M1
1-38,H1 L9 M2
1-39,H1 L9 M3
1-40,H1 L10 M0
1-41,H1 L10 M1
1-42,H1 L10 M2
1-43,H1 L10 M3
1-44,H1 L11 M0
1-45,H1 L11 M1
1-46,H1 L11 M2
1-47,H1 L11 M3
1-48,H1 L12 M0
1-49,H1 L12 M1
1-50,H1 L12 M2
1-51,H1 L12 M3
1-52,H1 L13 M0
1-53,H1 L13 M1
1-54,H1 L13 M2
1-55,H1 L13 M3
1-56,H1 L14 M0
1-57,H1 L14 M1
1-58,H1 L14 M2
1-59,H1 L14 M3
1-60,H1 L15 M0
1-61,H1 L15 M1
1-62,H1 L15 M2
1-63,H1 L15 M3
1-64,H1 L16 M0
1-65,H1 L16 M1
1-66,H1 L16 M2
1-67,H1 L16 M3
1-68,H1 L17 M0
1-69,H1 L17 M1
1-70,H1 L17 M2
1-71,H1 L17 M3
1-72,H1 L18 M0
1-73,H1 L18 M1
1-74,H1 L18 M2
1-75,H1 L18 M3
1-76,H1 L19 M0
1-77,H1 L19 M1
1-78,H1 L19 M2
1-79,H1 L19 M3
1-80,H1 L20 M0
1-81,H1 L20 M1
1-82,H1 L20 M2
1-83,H1 L20 M3
1-84,H1 L21 M0
1-85,H1 L21 M1
1-86,H1 L21 M2
1-87,H1 L21 M3
1-88,H1 L22 M0
1-89,H1 L22 M1
1-90,H1 L22 M2
1-91,H1 L22 M3
1-92,H1 L23 M0
1-93,H1 L23 M1
1-94,H1 L23 M2
1-95,H1 L23 M3
1-96,H1 L24 M0
1-97,H1 L24 M1
1-98,H1 L24 M2
1-99,H1 L24 M3
1-100,H1 L25 M0
1-101,H1 L25 M1
1-102,H1 L25 M2
1-103,HT1
1-104,H1 L26 M0
1-105,H1 L26 M1
1-106,H1 L26 M2
1-107,H1 L26 M3
1-108,H1 L27 M0
1-109,H1 L27 M1
1-110,H1 L27 M2
1-111,H1 L27 M3
1-112,H1 L28 M0
1-113,H1 L28 M1
1-114,H1 L28 M2
1-115,H1 L28
2-0,H2 H0
2-1,H2 H1
2-2,H2 H2
2-3,H2 H3
2-4,H2 L1 M0
2-5,H2 L1 M1
2-6,H2 L1 M2
2-7,H2 L1 M3
2-8,H2 L2 M0
2-9,H2 L2 M1
2-10,H2 L2 M2
2-11,H2 L2 M3
2-12,H2 L3 M0
2-13,H2 L3 M1
2-14,H2 L3 M2
2-15,H2 L3 M3
2-16,H2 L4 M0
2-17,H2 L4 M1
2-18,H2 L4 M2
2-19,H2 L4 M3
2-20,H2 L5 M0
2-21,H2 L5 M1
2-22,H2 L5 M2
2-23,H2 L5 M3
2-24,H2 L6 M0
2-25,H2 L6 M1
2-26,H2 L6 M2
2-27,H2 L6 M3
2-28,H2 L7 M0
2-29,H2 L7 M1
2-30,H2 L7 M2
2-31,H2 L7 M3
2-32,H2 L8 M0
2-33,H2 L8 M1
2-34,H2 L8 M2
2-35,H2 L8 M3
2-36,H2 L9 M0
2-37,H2 L9 M1
2-38,H2 L9 M2
2-39,H2 L9 M3
2-40,H2 L10 M0
2-41,H2 L10 M1
2-42,H2 L10 M2
2-43,H2 L10 M3
2-44,H2 L11 M0
2-45,H2 L11 M1
2-46,H2 L11 M2
2-47,H2 L11 M3
2-48,H2 L12 M0
2-49,H2 L12 M1
2-50,H2 L12 M2
2-51,H2 L12 M3
2-52,H2 L13 M0
2-53,H2 L13 M1
2-54,H2 L13 M2
2-55,H2 L13 M3
2-56,H2 L14 M0
2-57,H2 L14 M1
2-58,H2 L14 M2
2-59,H2 L14 M3
2-60,H2 L15 M0
2-61,H2 L15 M1
2-62,H2 L15 M2
2-63,H2 L15 M3
2-64,H2 L16 M0
2-65,H2 L16 M1
2-66,H2 L16 M2
2-67,H2 L16 M3
2-68,H2 L17 M0
2-69,H2 L17 M1
2-70,H2 L17 M2
2-71,H2 L17 M3
2-72,H2 L18 M0
2-73,H2 L18 M1
2-74,H2 L18 M2
2-75,H2 L18 M3
2-76,H2 L19 M0
2-77,H2 L19 M1
2-78,H2 L19 M2
2-79,H2 L19 M3
2-80,H2 L20 M0
2-81,H2 L20 M1
2-82,H2 L20 M2
2-83,H2 L20 M3
2-84,H2 L21 M0
2-85,H2 L21 M1
2-86,H2 L21 M2
2-87,H2 L21 M3
2-88,H2 L22 M0
2-89,H2 L22 M1
2-90,H2 L22 M2
2-91,H2 L22 M3
2-92,H2 L23 M0
2-93,H2 L23 M1
2-94,H2 L23 M2
2-95,H2 L23 M3
2-96,H2 L24 M0
2-97,H2 L24 M1
2-98,H2 L24 M2
2-99,H2 L24 M3
2-100,H2 L25 M0
2-101,H2 L25 M1
2-102,H2 L25 M2
2-103,HT2
2-104,H2 L26 M0
2-105,H2 L26 M1
2-106,H2 L26 M2
2-107,H2 L26 M3
2-108,H2 L27 M0
2-109,H2 L27 M1
2-110,H2 L27 M2
2-111,H2 L27
2-112,H2 L28 M0
2-113,H2 L28 M1
2-114,H2 L28 M2
2-115,H2 L28 M3
3-0,H3 H0
3-1,H3 H1
3-2,H3 H2
3-3,H3 H3
3-4,H3 L1 M0
3-5,H3 L1 M1
3-6,H3 L1 M2
3-7,H3 L1 M3
3-8,H3 L2 M0
3-9,H3 L2 M1
3-10,H3 L2 M2
3-11,H3 L2 M3
3-12,H3 L3 M0
3-13,H3 L3 M1
3-14,H3 L3 M2
3-15,H3 L3 M3
3-16,H3 L4 M0
3-17,H3 L4 M1
3-18,H3 L4 M2
3-19,H3 L4 M3
3-20,H3 L5 M0
3-21,H3 L5 M1
3-22,H3 L5 M2
3-23,H3 L5 M3
3-24,H3 L6 M0
3-25,H3 L6 M1
3-26,H3 L6 M2
3-27,H3 L6 M3
3-28,H3 L7 M0
3-29,H3 L7 M1
3-30,H3 L7 M2
3-31,H3 L7 M3
3-32,H3 L8 M0
3-33,H3 L8 M1
3-34,H3 L8 M2
3-35,H3 L8 M3
3-36,H3 L9 M0
3-37,H3 L9 M1
3-38,H3 L9 M2
3-39,H3 L9 M3
3-40,H3 L10 M0
3-41,H3 L10 M1
3-42,H3 L10 M2
3-43,H3 L10 M3
3-44,H3 L11 M0
3-45,H3 L11 M1
3-46,H3 L11 M2
3-47,H3 L11 M3
3-48,H3 L12 M0
3-49,H3 L12 M1
3-50,H3 L12 M2
3-51,H3 L12 M3
3-52,H3 L13 M0
3-53,H3 L13 M1
3-54,H3 L13 M2
3-55,H3 L13 M3
3-56,H3 L14 M0
3-57,H3 L14 M1
3-58,H3 L14 M2
3-59,H3 L14 M3
3-60,H3 L15 M0
3-61,H3 L15 M1
3-62,H3 L15 M2
3-63,H3 L15 M3
3-64,H3 L16 M0
3-65,H3 L16 M1
3-66,H3 L16 M2
3-67,H3 L16 M3
3-68,H3 L17 M0
3-69,H3 L17 M1
3-70,H3 L17 M2
3-71,H3 L17 M3
3-72,H3 L18 M0
3-73,H3 L18 M1
3-74,H3 L18 M2
3-75,H3 L18 M3
3-76,H3 L19 M0
3-77,H3 L19 M1
3-78,H3 L19 M2
3-79,H3 L19 M3
3-80,H3 L20 M0
3-81,H3 L20 M1
3-82,H3 L20 M2
3-83,H3 L20 M3
3-84,H3 L21 M0
3-85,H3 L21 M1
3-86,H3 L21 M2
3-87,H3 L21 M3
3-88,H3 L22 M0
3-89,H3 L22 M1
3-90,H3 L22 M2
3-91,H3 L22 M3
3-92,H3 L23 M0
3-93,H3 L23 M1
3-94,H3 L23 M2
3-95,H3 L23 M3
3-96,H3 L24 M0
3-97,H3 L24 M1
3-98,H3 L24 M2
3-99,H3 L24 M3
3-100,H3 L25 M0
3-101,H3 L25 M1
3-102,H3 L25 M2
3-103,H3 L25 M3
3-104,H3 L26 M0
3-105,H3 L26 M1
3-106,H3 L26 M2
3-107,H3 L26 M3
3-108,H3 L27 M0
3-109,H3 L27 M1
3-110,H3 L27 M2
3-111,H3 L27 M3
3-112,H3 L28 M0
3-113,H3 L28 M1
3-114,H3 L28 M2
3-115,H3 L28 M3
4-0,L1 M0 H0
4-1,L1 M0 H1
4-2,L1 M0 H2
4-3,L1 M0 H3
4-4,L1 M0 L1 M0
4-5,L1 M0 L1 M1
4-6,L1 M0 L1 M2
4-7,L1 M0 L1 M3
4-8,L1 M0 L2 M0
4-9,L1 M0 L2 M1
4-10,L1 M0 L2 M2
4-11,L1 M0 L2 M3
4-12,L1 M0 L3 M0
4-13,L1 M0 L3 M1
4-14,L1 M0 L3 M2
4-15,L1 M0 L3 M3
4-16,L1 M0 L4 M0
4-17,L1 M0 L4 M1
4-18,L1 M0 L4 M2
4-19,L1 M0 L4 M3
4-20,L1 M0 L5 M0
4-21,L1 M0 L5 M1
4-22,L1 M0 L5 M2
4-23,L1 M0 L5 M3
4-24,L1 M0 L6 M0
4-25,L1 M0 L6 M1
4-26,L1 M0 L6 M2
4-27,L1 M0 L6 M3
4-28,L1 M0 L7 M0
4-29,L1 M0 L7 M1
4-30,L1 M0 L7 M2
4-31,L1 M0 L7 M3
4-32,L1 M0 L8 M0
4-33,L1 M0 L8 M1
4-34,L1 M0 L8 M2
4-35,L1 M0 L8 M3
4-36,L1 M0 L9 M0
4-37,L1 M0 L9 M1
4-38,L1 M0 L9 M2
4-39,L1 M0 L9 M3
4-40,L1 M0 L10 M0
4-41,L1 M0 L10 M1
4-42,L1 M0 L10 M2
4-43,L1 M0 L10 M3
4-44,L1 M0 L11 M0
4-45,L1 M0 L11 M1
4-46,L1 M0 L11 M2
4-47,L1 M0 L11 M3
4-48,L1 M0 L12 M0
4-49,L1 M0 L12 M1
4-50,L1 M0 L12 M2
4-51,L1 M0 L12 M3
4-52,L1 M0 L13 M0
4-53,L1 M0 L13 M1
4-54,L1 M0 L13 M2
4-55,L1 M0 L13 M3
4-56,L1 M0 L14 M0
4-57,L1 M0 L14 M1
4-58,L1 M0 L14 M2
4-59,L1 M0 L14 M3
4-60,L1 M0 L15 M0
4-61,L1 M0 L15 M1
4-62,L1 M0 L15 M2
4-63,L1 M0 L15 M3
4-64,L1 M0 L16 M0
4-65,L1 M0 L16 M1
4-66,L1 M0 L16 M2
4-67,L1 M0 L16 M3
4-68,L1 M0 L17 M0
4-69,L1 M0 L17 M1
4-70,L1 M0 L17 M2
4-71,L1 M0 L17 M3
4-72,L1 M0 L18 M0
4-73,L1 M0 L18 M1
4-74,L1 M0 L18 M2
4-75,L1 M0 L18 M3
4-76,L1 M0 L19 M0
4-77,L1 M0 L19 M1
4-78,L1 M0 L19 M2
4-79,L1 M0 L19 M3
4-80,L1 M0 L20 M0
4-81,L1 M0 L20 M1
4-82,L1 M0 L20 M2
4-83,L1 M0 L20 M3
4-84,L1 M0 L21 M0
4-85,L1 M0 L21 M1
4-86,L1 M0 L21 M2
4-87,L1 M0 L21 M3
4-88,L1 M0 L22 M0
4-89,L1 M0 L22 M1
4-90,L1 M0 L22 M2
4-91,L1 M0 L22 M3
4-92,L1 M0 L23 M0
4-93,L1 M0 L23 M1
4-94,L1 M0 L23 M2
4-95,L1 M0 L23 M3
4-96,L1 M0 L24 M0
4-97,L1 M0 L24 M1
4-98,L1 M0 L24 M2
4-99,L1 M0 L24 M3
4-100,L1 M0 L25 M0
4-101,L1 M0 L25 M1
4-102,L1 M0 L25 M2
4-103,L1 T0
4-104,L1 M0 L26 M0
4-105,L1 M0 L26 M1
4-106,L1 M0 L26 M2
4-107,L1 M0 L26 M3
4-108,L1 M0 L27 M0
4-109,L1 M0 L27 M1
4-110,L1 M0 L27 M2
4-111,L1 M0 L27 M3
4-112,L1 M0 L28 M0
4-113,L1 M0 L28 M1
4-114,L1 M0 L28 M2
4-115,L1 M0 L28 M3
5-0,L1 M1 H0
5-1,L1 M1 H1
5-2,L1 M1 H2
5-3,L1 M1 H3
5-4,L1 M1 L1 M0
5-5,L1 M1 L1 M1
5-6,L1 M1 L1 M2
5-7,L1 M1 L1 M3
5-8,L1 M1 L2 M0
5-9,L1 M1 L2 M1
5-10,L1 M1 L2 M2
5-11,L1 M1 L2 M3
5-12,L1 M1 L3 M0
5-13,L1 M1 L3 M1
5-14,L1 M1 L3 M2
5-15,L1 M1 L3 M3
5-16,L1 M1 L4 M0
5-17,L1 M1 L4 M1
5-18,L1 M1 L4 M2
5-19,L1 M1 L4 M3
5-20,L1 M1 L5 M0
5-21,L1 M1 L5 M1
5-22,L1 M1 L5 M2
5-23,L1 M1 L5 M3
5-24,L1 M1 L6 M0
5-25,L1 M1 L6 M1
5-26,L1 M1 L6 M2
5-27,L1 M1 L6 M3
5-28,L1 M1 L7 M0
5-29,L1 M1 L7 M1
5-30,L1 M1 L7 M2
5-31,L1 M1 L7 M3
5-32,L1 M1 L8 M0
5-33,L1 M1 L8 M1
5-34,L1 M1 L8 M2
5-35,L1 M1 L8 M3
5-36,L1 M1 L9 M0
5-37,L1 M1 L9 M1
5-38,L1 M1 L9 M2
5-39,L1 M1 L9 M3
5-40,L1 M1 L10 M0
5-41,L1 M1 L10 M1
5-42,L1 M1 L10 M2
5-43,L1 M1 L10 M3
5-44,L1 M1 L11 M0
5-45,L1 M1 L11 M1
5-46,L1 M1 L11 M2
5-47,L1 M1 L11 M3
5-48,L1 M1 L12 M0
5-49,L1 M1 L12 M1
5-50,L1 M1 L12 M2
5-51,L1 M1 L12 M3
5-52,L1 M1 L13 M0
5-53,L1 M1 L13 M1
5-54,L1 M1 L13 M2
5-55,L1 M1 L13 M3
5-56,L1 M1 L14 M0
5-57,L1 M1 L14 M1
5-58,L1 M1 L14 M2
5-59,L1 M1 L14 M3
5-60,L1 M1 L15 M0
5-61,L1 M1 L15 M1
5-62,L1 M1 L15 M2
5-63,L1 M1 L15 M3
5-64,L1 M1 L16 M0
5-65,L1 M1 L16 M1
5-66,L1 M1 L16 M2
5-67,L1 M1 L16 M3
5-68,L1 M1 L17 M0
5-69,L1 M1 L17 M1
5-70,L1 M1 L17 M2
5-71,L1 M1 L17 M3
5-72,L1 M1 L18 M0
5-73,L1 M1 L18 M1
5-74,L1 M1 L18 M2
5-75,L1 M1 L18 M3
5-76,L1 M1 L19 M0
5-77,L1 M1 L19 M1
5-78,L1 M1 L19 M2
5-79,L1 M1 L19 M3
5-80,L1 M1 L20 M0
5-81,L1 M1 L20 M1
5-82,L1 M1 L20 M2
5-83,L1 M1 L20 M3
5-84,L1 M1 L21 M0
5-85,L1 M1 L21 M1
5-86,L1 M1 L21 M2
5-87,L1 M1 L21 M3
5-88,L1 M1 L22 M0
5-89,L1 M1 L22 M1
5-90,L1 M1 L22 M2
5-91,L1 M1 L22 M3
5-92,L1 M1 L23 M0
5-93,L1 M1 L23 M1
5-94,L1 M1 L23 M2
5-95,L1 M1 L23 M3
5-96,L1 M1 L24 M0
5-97,L1 M1 L24 M1
5-98,L1 M1 L24 M2
5-99,L1 M1 L24 M3
5-100,L1 M1 L25 M0
5-101,L1 M1 L25 M1
5-102,L1 M1 L25 M2
5-103,L1 T1
5-104,L1 M1 L26 M0
5-105,L1 M1 L26 M1
5-106,L1 M1 L26 M2
5-107,L1 M1 L26 M3
5-108,L1 M1 L27 M0
5-109,L1 M1 L27 M1
5-110,L1 M1 L27 M2
5-111,L1 M1 L27 M3
5-112,L1 M1 L28 M0
5-113,L1 M1 L28 M1
5-114,L1 M1 L28 M2
5-115,L1 M1 L28
6-0,L1 M2 H0
6-1,L1 M2 H1
6-2,L1 M2 H2
6-3,L1 M2 H3
6-4,L1 M2 L1 M0
6-5,L1 M2 L1 M1
6-6,L1 M2 L1 M2
6-7,L1 M2 L1 M3
6-8,L1 M2 L2 M0
6-9,L1 M2 L2 M1
6-10,L1 M2 L2 M2
6-11,L1 M2 L2 M3
6-12,L1 M2 L3 M0
6-13,L1 M2 L3 M1
6-14,L1 M2 L3 M2
6-15,L1 M2 L3 M3
6-16,L1 M2 L4 M0
6-17,L1 M2 L4 M1
6-18,L1 M2 L4 M2
6-19,L1 M2 L4 M3
6-20,L1 M2 L5 M0
6-21,L1 M2 L5 M1
6-22,L1 M2 L5 M2
6-23,L1 M2 L5 M3
6-24,L1 M2 L6 M0
6-25,L1 M2 L6 M1
6-26,L1 M2 L6 M2
6-27,L1 M2 L6 M3
6-28,L1 M2 L7 M0
6-29,L1 M2 L7 M1
6-30,L1 M2 L7 M2
6-31,L1 M2 L7 M3
6-32,L1 M2 L8 M0
6-33,L1 M2 L8 M1
6-34,L1 M2 L8 M2
6-35,L1 M2 L8 M3
6-36,L1 M2 L9 M0
6-37,L1 M2 L9 M1
6-38,L1 M2 L9 M2
6-39,L1 M2 L9 M3
6-40,L1 M2 L10 M0
6-41,L1 M2 L10 M1
6-42,L1 M2 L10 M2
6-43,L1 M2 L10 M3
6-44,L1 M2 L11 M0
6-45,L1 M2 L11 M1
6-46,L1 M2 L11 M2
6-47,L1 M2 L11 M3
6-48,L1 M2 L12 M0
6-49,L1 M2 L12 M1
6-50,L1 M2 L12 M2
6-51,L1 M2 L12 M3
6-52,L1 M2 L13 M0
6-53,L1 M2 L13 M1
6-54,L1 M2 L13 M2
6-55,L1 M2 L13 M3
6-56,L1 M2 L14 M0
6-57,L1 M2 L14 M1
6-58,L1 M2 L14 M2
6-59,L1 M2 L14 M3
6-60,L1 M2 L15 M0
6-61,L1 M2 L15 M1
6-62,L1 M2 L15 M2
6-63,L1 M2 L15 M3
6-64,L1 M2 L16 M0
6-65,L1 M2 L16 M1
6-66,L1 M2 L16 M2
6-67,L1 M2 L16 M3
6-68,L1 M2 L17 M0
6-69,L1 M2 L17 M1
6-70,L1 M2 L17 M2
6-71,L1 M2 L17 M3
6-72,L1 M2 L18 M0
6-73,L1 M2 L18 M1
6-74,L1 M2 L18 M2
6-75,L1 M2 L18 M3
6-76,L1 M2 L19 M0
6-77,L1 M2 L19 M1
6-78,L1 M2 L19 M2
6-79,L1 M2 L19 M3
6-80,L1 M2 L20 M0
6-81,L1 M2 L20 M1
6-82,L1 M2 L20 M2
6-83,L1 M2 L20 M3
6-84,L1 M2 L21 M0
6-85,L1 M2 L21 M1
6-86,L1 M2 L21 M2
6-87,L1 M2 L21 M3
6-88,L1 M2 L22 M0
6-89,L1 M2 L22 M1
6-90,L1 M2 L22 M2
6-91,L1 M2 L22 M3
6-92,L1 M2 L23 M0
6-93,L1 M2 L23 M1
6-94,L1 M2 L23 M2
6-95,L1 M2 L23 M3
6-96,L1 M2 L24 M0
6-97,L1 M2 L24 M1
6-98,L1 M2 L24 M2
6-99,L1 M2 L24 M3
6-100,L1 M2 L25 M0
6-101,L1 M2 L25 M1
6-102,L1 M2 L25 M2
6-103,L1 T2
6-104,L1 M2 L26 M0
6-105,L1 M2 L26 M1
6-106,L1 M2 L26 M2
6-107,L1 M2 L26 M3
6-108,L1 M2 L27 M0
6-109,L1 M2 L27 M1
6-110,L1 M2 L27 M2
6-111,L1 M2 L27
6-112,L1 M2 L28 M0
6-113,L1 M2 L28 M1
6-114,L1 M2 L28 M2
6-115,L1 M2 L28 M3
7-0,L1 M3 H0
7-1,L1 M3 H1
7-2,L1 M3 H2
7-3,L1 M3 H3
7-4,L1 M3 L1 M0
7-5,L1 M3 L1 M1
7-6,L1 M3 L1 M2
7-7,L1 M3 L1 M3
7-8,L1 M3 L2 M0
7-9,L1 M3 L2 M1
7-10,L1 M3 L2 M2
7-11,L1 M3 L2 M3
7-12,L1 M3 L3 M0
7-13,L1 M3 L3 M1
7-14,L1 M3 L3 M2
7-15,L1 M3 L3 M3
7-16,L1 M3 L4 M0
7-17,L1 M3 L4 M1
7-18,L1 M3 L4 M2
7-19,L1 M3 L4 M3
7-20,L1 M3 L5 M0
7-21,L1 M3 L5 M1
7-22,L1 M3 L5 M2
7-23,L1 M3 L5 M3
7-24,L1 M3 L6 M0
7-25,L1 M3 L6 M1
7-26,L1 M3 L6 M2
7-27,L1 M3 L6 M3
7-28,L1 M3 L7 M0
7-29,L1 M3 L7 M1
7-30,L1 M3 L7 M2
7-31,L1 M3 L7 M3
7-32,L1 M3 L8 M0
7-33,L1 M3 L8 M1
7-34,L1 M3 L8 M2
7-35,L1 M3 L8 M3
7-36,L1 M3 L9 M0
7-37,L1 M3 L9 M1
7-38,L1 M3 L9 M2
7-39,L1 M3 L9 M3
7-40,L1 M3 L10 M0
7-41,L1 M3 L10 M1
7-42,L1 M3 L10 M2
7-43,L1 M3 L10 M3
7-44,L1 M3 L11 M0
7-45,L1 M3 L11 M1
7-46,L1 M3 L11 M2
7-47,L1 M3 L11 M3
7-48,L1 M3 L12 M0
7-49,L1 M3 L12 M1
7-50,L1 M3 L12 M2
7-51,L1 M3 L12 M3
7-52,L1 M3 L13 M0
7-53,L1 M3 L13 M1
7-54,L1 M3 L13 M2
7-55,L1 M3 L13 M3
7-56,L1 M3 L14 M0
7-57,L1 M3 L14 M1
7-58,L1 M3 L14 M2
7-59,L1 M3 L14 M3
7-60,L1 M3 L15 M0
7-61,L1 M3 L15 M1
7-62,L1 M3 L15 M2
7-63,L1 M3 L15 M3
7-64,L1 M3 L16 M0
7-65,L1 M3 L16 M1
7-66,L1 M3 L16 M2
7-67,L1 M3 L16 M3
7-68,L1 M3 L17 M0
7-69,L1 M3 L17 M1
7-70,L1 M3 L17 M2
7-71,L1 M3 L17 M3
7-72,L1 M3 L18 M0
7-73,L1 M3 L18 M1
7-74,L1 M3 L18 M2
7-75,L1 M3 L18 M3
7-76,L1 M3 L19 M0
7-77,L1 M3 L19 M1
7-78,L1 M3 L19 M2
7-79,L1 M3 L19 M3
7-80,L1 M3 L20 M0
7-81,L1 M3 L20 M1
7-82,L1 M3 L20 M2
7-83,L1 M3 L20 M3
7-84,L1 M3 L21 M0
7-85,L1 M3 L21 M1
7-86,L1 M3 L21 M2
7-87,L1 M3 L21 M3
7-88,L1 M3 L22 M0
7-89,L1 M3 L22 M1
7-90,L1 M3 L22 M2
7-91,L1 M3 L22 M3
7-92,L1 M3 L23 M0
7-93,L1 M3 L23 M1
7-94,L1 M3 L23 M2
7-95,L1 M3 L23 M3
7-96,L1 M3 L24 M0
7-97,L1 M3 L24 M1
7-98,L1 M3 L24 M2
7-99,L1 M3 L24 M3
7-100,L1 M3 L25 M0
7-101,L1 M3 L25 M1
7-102,L1 M3 L25 M2
7-103,L1 M3 L25 M3
7-104,L1 M3 L26 M0
7-105,L1 M3 L26 M1
7-106,L1 M3 L26 M2
7-107,L1 M3 L26 M3
7-108,L1 M3 L27 M0
7-109,L1 M3 L27 M1
7-110,L1 M3 L27 M2
7-111,L1 M3 L27 M3
7-112,L1 M3 L28 M0
7-113,L1 M3 L28 M1
7-114,L1 M3 L28 M2
7-115,L1 M3 L28 M3
8-0,L2 M0 H0
8-1,L2 M0 H1
8-2,L2 M0 H2
8-3,L2 M0 H3
8-4,L2 M0 L1 M0
8-5,L2 M0 L1 M1
8-6,L2 M0 L1 M2
8-7,L2 M0 L1 M3
8-8,L2 M0 L2 M0
8-9,L2 M0 L2 M1
8-10,L2 M0 L2 M2
8-11,L2 M0 L2 M3
8-12,L2 M0 L3 M0
8-13,L2 M0 L3 M1
8-14,L2 M0 L3 M2
8-15,L2 M0 L3 M3
8-16,L2 M0 L4 M0
8-17,L2 M0 L4 M1
8-18,L2 M0 L4 M2
8-19,L2 M0 L4 M3
8-20,L2 M0 L5 M0
8-21,L2 M0 L5 M1
8-22,L2 M0 L5 M2
8-23,L2 M0 L5 M3
8-24,L2 M0 L6 M0
8-25,L2 M0 L6 M1
8-26,L2 M0 L6 M2
8-27,L2 M0 L6 M3
8-28,L2 M0 L7 M0
8-29,L2 M0 L7 M1
8-30,L2 M0 L7 M2
8-31,L2 M0 L7 M3
8-32,L2 M0 L8 M0
8-33,L2 M0 L8 M1
8-34,L2 M0 L8 M2
8-35,L2 M0 L8 M3
8-36,L2 M0 L9 M0
8-37,L2 M0 L9 M1
8-38,L2 M0 L9 M2
8-39,L2 M0 L9 M3
8-40,L2 M0 L10 M0
8-41,L2 M0 L10 M1
8-42,L2 M0 L10 M2
8-43,L2 M0 L10 M3
8-44,L2 M0 L11 M0
8-45,L2 M0 L11 M1
8-46,L2 M0 L11 M2
8-47,L2 M0 L11 M3
8-48,L2 M0 L12 M0
8-49,L2 M0 L12 M1
8-50,L2 M0 L12 M2
8-51,L2 M0 L12 M3
8-52,L2 M0 L13 M0
8-53,L2 M0 L13 M1
8-54,L2 M0 L13 M2
8-55,L2 M0 L13 M3
8-56,L2 M0 L14 M0
8-57,L2 M0 L14 M1
8-58,L2 M0 L14 M2
8-59,L2 M0 L14 M3
8-60,L2 M0 L15 M0
8-61,L2 M0 L15 M1
8-62,L2 M0 L15 M2
8-63,L2 M0 L15 M3
8-64,L2 M0 L16 M0
8-65,L2 M0 L16 M1
8-66,L2 M0 L16 M2
8-67,L2 M0 L16 M3
8-68,L2 M0 L17 M0
8-69,L2 M0 L17 M1
8-70,L2 M0 L17 M2
8-71,L2 M0 L17 M3
8-72,L2 M0 L18 M0
8-73,L2 M0 L18 M1
8-74,L2 M0 L18 M2
8-75,L2 M0 L18 M3
8-76,L2 M0 L19 M0
8-77,L2 M0 L19 M1
8-78,L2 M0 L19 M2
8-79,L2 M0 L19 M3
8-80,L2 M0 L20 M0
8-81,L2 M0 L20 M1
8-82,L2 M0 L20 M2
8-83,L2 M0 L20 M3
8-84,L2 M0 L21 M0
8-85,L2 M0 L21 M1
8-86,L2 M0 L21 M2
8-87,L2 M0 L21 M3
8-88,L2 M0 L22 M0
8-89,L2 M0 L22 M1
8-90,L2 M0 L22 M2
8-91,L2 M0 L22 M3
8-92,L2 M0 L23 M0
8-93,L2 M0 L23 M1
8-94,L2 M0 L23 M2
8-95,L2 M0 L23 M3
8-96,L2 M0 L24 M0
8-97,L2 M0 L24 M1
8-98,L2 M0 L24 M2
8-99,L2 M0 L24 M3
8-100,L2 M0 L25 M0
8-101,L2 M0 L25 M1
8-102,L2 M0 L25 M2
8-103,L2 T0
8-104,L2 M0 L26 M0
8-105,L2 M0 L26 M1
8-106,L2 M0 L26 M2
8-107,L2 M0 L26 M3
8-108,L2 M0 L27 M0
8-109,L2 M0 L27 M1
8-110,L2 M0 L27 M2
8-111,L2 M0 L27 M3
8-112,L2 M0 L28 M0
8-113,L2 M0 L28 M1
8-114,L2 M0 L28 M2
8-115,L2 M0 L28 M3
9-0,L2 M1 H0
9-1,L2 M1 H1
9-2,L2 M1 H2
9-3,L2 M1 H3
9-4,L2 M1 L1 M0
9-5,L2 M1 L1 M1
9-6,L2 M1 L1 M2
9-7,L2 M1 L1 M3
9-8,L2 M1 L2 M0
9-9,L2 M1 L2 M1
9-10,L2 M1 L2 M2
9-11,L2 M1 L2 M3
9-12,L2 M1 L3 M0
9-13,L2 M1 L3 M1
9-14,L2 M1 L3 M2
9-15,L2 M1 L3 M3
9-16,L2 M1 L4 M0
9-17,L2 M1 L4 M1
9-18,L2 M1 L4 M2
9-19,L2 M1 L4 M3
9-20,L2 M1 L5 M0
9-21,L2 M1 L5 M1
9-22,L2 M1 L5 M2
9-23,L2 M1 L5 M3
9-24,L2 M1 L6 M0
9-25,L2 M1 L6 M1
9-26,L2 M1 L6 M2
9-27,L2 M1 L6 M3
9-28,L2 M1 L7 M0
9-29,L2 M1 L7 M1
9-30,L2 M1 L7 M2
9-31,L2 M1 L7 M3
9-32,L2 M1 L8 M0
9-33,L2 M1 L8 M1
9-34,L2 M1 L8 M2
9-35,L2 M1 L8 M3
9-36,L2 M1 L9 M0
9-37,L2 M1 L9 M1
9-38,L2 M1 L9 M2
9-39,L2 M1 L9 M3
9-40,L2 M1 L10 M0
9-41,L2 M1 L10 M1
9-42,L2 M1 L10 M2
9-43,L2 M1 L10 M3
9-44,L2 M1 L11 M0
9-45,L2 M1 L11 M1
9-46,L2 M1 L11 M2
9-47,L2 M1 L11 M3
9-48,L2 M1 L12 M0
9-49,L2 M1 L12 M1
9-50,L2 M1 L12 M2
9-51,L2 M1 L12 M3
9-52,L2 M1 L13 M0
9-53,L2 M1 L13 M1
9-54,L2 M1 L13 M2
9-55,L2 M1 L13 M3
9-56,L2 M1 L14 M0
9-57,L2 M1 L14 M1
9-58,L2 M1 L14 M2
9-59,L2 M1 L14 M3
9-60,L2 M1 L15 M0
9-61,L2 M1 L15 M1
9-62,L2 M1 L15 M2
9-63,L2 M1 L15 M3
9-64,L2 M1 L16 M0
9-65,L2 M1 L16 M1
9-66,L2 M1 L16 M2
9-67,L2 M1 L16 M3
9-68,L2 M1 L17 M0
9-69,L2 M1 L17 M1
9-70,L2 M1 L17 M2
9-71,L2 M1 L17 M3
9-72,L2 M1 L18 M0
9-73,L2 M1 L18 M1
9-74,L2 M1 L18 M2
9-75,L2 M1 L18 M3
9-76,L2 M1 L19 M0
9-77,L2 M1 L19 M1
9-78,L2 M1 L19 M2
9-79,L2 M1 L19 M3
9-80,L2 M1 L20 M0
9-81,L2 M1 L20 M1
9-82,L2 M1 L20 M2
9-83,L2 M1 L20 M3
9-84,L2 M1 L21 M0
9-85,L2 M1 L21 M1
9-86,L2 M1 L21 M2
9-87,L2 M1 L21 M3
9-88,L2 M1 L22 M0
9-89,L2 M1 L22 M1
9-90,L2 M1 L22 M2
9-91,L2 M1 L22 M3
9-92,L2 M1 L23 M0
9-93,L2 M1 L23 M1
9-94,L2 M1 L23 M2
9-95,L2 M1 L23 M3
9-96,L2 M1 L24 M0
9-97,L2 M1 L24 M1
9-98,L2 M1 L24 M2
9-99,L2 M1 L24 M3
9-100,L2 M1 L25 M0
9-101,L2 M1 L25 M1
9-102,L2 M1 L25 M2
9-103,L2 T1
9-104,L2 M1 L26 M0
9-105,L2 M1 L26 M1
9-106,L2 M1 L26 M2
9-107,L2 M1 L26 M3
9-108,L2 M1 L27 M0
9-109,L2 M1 L27 M1
9-110,L2 M1 L27 M2
9-111,L2 M1 L27 M3
9-112,L2 M1 L28 M0
9-113,L2 M1 L28 M1
9-114,L2 M1 L28 M2
9-115,L2 M1 L28
10-0,L2 M2 H0
10-1,L2 M2 H1
10-2,L2 M2 H2
10-3,L2 M2 H3
10-4,L2 M2 L1 M0
10-5,L2 M2 L1 M1
10-6,L2 M2 L1 M2
10-7,L2 M2 L1 M3
10-8,L2 M2 L2 M0
10-9,L2 M2 L2 M1
10-10,L2 M2 L2 M2
10-11,L2 M2 L2 M3
10-12,L2 M2 L3 M0
10-13,L2 M2 L3 M1
10-14,L2 M2 L3 M2
10-15,L2 M2 L3 M3
10-16,L2 M2 L4 M0
10-17,L2 M2 L4 M1
10-18,L2 M2 L4 M2
10-19,L2 M2 L4 M3
10-20,L2 M2 L5 M0
10-21,L2 M2 L5 M1
10-22,L2 M2 L5 M2
10-23,L2 M2 L5 M3
10-24,L2 M2 L6 M0
10-25,L2 M2 L6 M1
10-26,L2 M2 L6 M2
10-27,L2 M2 L6 M3
10-28,L2 M2 L7 M0
10-29,L2 M2 L7 M1
10-30,L2 M2 L7 M2
10-31,L2 M2 L7 M3
10-32,L2 M2 L8 M0
10-33,L2 M2 L8 M1
10-34,L2 M2 L8 M2
10-35,L2 M2 L8 M3
10-36,L2 M2 L9 M0
10-37,L2 M2 L9 M1
10-38,L2 M2 L9 M2
10-39,L2 M2 L9 M3
10-40,L2 M2 L10 M0
10-41,L2 M2 L10 M1
10-42,L2 M2 L10 M2
10-43,L2 M2 L10 M3
10-44,L2 M2 L11 M0
10-45,L2 M2 L11 M1
10-46,L2 M2 L11 M2
10-47,L2 M2 L11 M3
10-48,L2 M2 L12 M0
10-49,L2 M2 L12 M1
10-50,L2 M2 L12 M2
10-51,L2 M2 L12 M3
10-52,L2 M2 L13 M0
10-53,L2 M2 L13 M1
10-54,L2 M2 L13 M2
10-55,L2 M2 L13 M3
10-56,L2 M2 L14 M0
10-57,L2 M2 L14 M1
10-58,L2 M2 L14 M2
10-59,L2 M2 L14 M3
10-60,L2 M2 L15 M0
10-61,L2 M2 L15 M1
10-62,L2 M2 L15 M2
10-63,L2 M2 L15 M3
10-64,L2 M2 L16 M0
10-65,L2 M2 L16 M1
10-66,L2 M2 L16 M2
10-67,L2 M2 L16 M3
10-68,L2 M2 L17 M0
10-69,L2 M2 L17 M1
10-70,L2 M2 L17 M2
10-71,L2 M2 L17 M3
10-72,L2 M2 L18 M0
10-73,L2 M2 L18 M1
10-74,L2 M2 L18 M2
10-75,L2 M2 L18 M3
10-76,L2 M2 L19 M0
10-77,L2 M2 L19 M1
10-78,L2 M2 L19 M2
10-79,L2 M2 L19 M3
10-80,L2 M2 L20 M0
10-81,L2 M2 L20 M1
10-82,L2 M2 L20 M2
10-83,L2 M2 L20 M3
10-84,L2 M2 L21 M0
10-85,L2 M2 L21 M1
10-86,L2 M2 L21 M2
10-87,L2 M2 L21 M3
10-88,L2 M2 L22 M0
10-89,L2 M2 L22 M1
10-90,L2 M2 L22 M2
10-91,L2 M2 L22 M3
10-92,L2 M2 L23 M0
10-93,L2 M2 L23 M1
10-94,L2 M2 L23 M2
10-95,L2 M2 L23 M3
10-96,L2 M2 L24 M0
10-97,L2 M2 L24 M1
10-98,L2 M2 L24 M2
10-99,L2 M2 L24 M3
10-100,L2 M2 L25 M0
10-101,L2 M2 L25 M1
10-102,L2 M2 L25 M2
10-103,L2 T2
10-104,L2 M2 L26 M0
10-105,L2 M2 L26 M1
10-106,L2 M2 L26 M2
10-107,L2 M2 L26 M3
10-108,L2 M2 L27 M0
10-109,L2 M2 L27 M1
10-110,L2 M2 L27 M2
10-111,L2 M2 L27
10-112,L2 M2 L28 M0
10-113,L2 M2 L28 M1
10-114,L2 M2 L28 M2
10-115,L2 M2 L28 M3
11-0,L2 M3 H0
11-1,L2 M3 H1
11-2,L2 M3 H2
11-3,L2 M3 H3
11-4,L2 M3 L1 M0
11-5,L2 M3 L1 M1
11-6,L2 M3 L1 M2
11-7,L2 M3 L1 M3
11-8,L2 M3 L2 M0
11-9,L2 M3 L2 M1
11-10,L2 M3 L2 M2
11-11,L2 M3 L2 M3
11-12,L2 M3 L3 M0
11-13,L2 M3 L3 M1
11-14,L2 M3 L3 M2
11-15,L2 M3 L3 M3
11-16,L2 M3 L4 M0
11-17,L2 M3 L4 M1
11-18,L2 M3 L4 M2
11-19,L2 M3 L4 M3
11-20,L2 M3 L5 M0
11-21,L2 M3 L5 M1
11-22,L2 M3 L5 M2
11-23,L2 M3 L5 M3
11-24,L2 M3 L6 M0
11-25,L2 M3 L6 M1
11-26,L2 M3 L6 M2
11-27,L2 M3 L6 M3
11-28,L2 M3 L7 M0
11-29,L2 M3 L7 M1
11-30,L2 M3 L7 M2
11-31,L2 M3 L7 M3
11-32,L2 M3 L8 M0
11-33,L2 M3 L8 M1
11-34,L2 M3 L8 M2
11-35,L2 M3 L8 M3
11-36,L2 M3 L9 M0
11-37,L2 M3 L9 M1
11-38,L2 M3 L9 M2
11-39,L2 M3 L9 M3
11-40,L2 M3 L10 M0
11-41,L2 M3 L10 M1
11-42,L2 M3 L10 M2
11-43,L2 M3 L10 M3
11-44,L2 M3 L11 M0
11-45,L2 M3 L11 M1
11-46,L2 M3 L11 M2
11-47,L2 M3 L11 M3
11-48,L2 M3 L12 M0
11-49,L2 M3 L12 M1
11-50,L2 M3 L12 M2
11-51,L2 M3 L12 M3
11-52,L2 M3 L13 M0
11-53,L2 M3 L13 M1
11-54,L2 M3 L13 M2
11-55,L2 M3 L13 M3
11-56,L2 M3 L14 M0
11-57,L2 M3 L14 M1
11-58,L2 M3 L14 M2
11-59,L2 M3 L14 M3
11-60,L2 M3 L15 M0
11-61,L2 M3 L15 M1
11-62,L2 M3 L15 M2
11-63,L2 M3 L15 M3
11-64,L2 M3 L16 M0
11-65,L2 M3 L16 M1
11-66,L2 M3 L16 M2
11-67,L2 M3 L16 M3
11-68,L2 M3 L17 M0
11-69,L2 M3 L17 M1
11-70,L2 M3 L17 M2
11-71,L2 M3 L17 M3
11-72,L2 M3 L18 M0
11-73,L2 M3 L18 M1
11-74,L2 M3 L18 M2
11-75,L2 M3 L18 M3
11-76,L2 M3 L19 M0
11-77,L2 M3 L19 M1
11-78,L2 M3 L19 M2
11-79,L2 M3 L19 M3
11-80,L2 M3 L20 M0
11-81,L2 M3 L20 M1
11-82,L2 M3 L20 M2
11-83,L2 M3 L20 M3
11-84,L2 M3 L21 M0
11-85,L2 M3 L21 M1
11-86,L2 M3 L21 M2
11-87,L2 M3 L21 M3
11-88,L2 M3 L22 M0
11-89,L2 M3 L22 M1
11-90,L2 M3 L22 M2
11-91,L2 M3 L22 M3
11-92,L2 M3 L23 M0
11-93,L2 M3 L23 M1
11-94,L2 M3 L23 M2
11-95,L2 M3 L23 M3
11-96,L2 M3 L24 M0
11-97,L2 M3 L24 M1
11-98,L2 M3 L24 M2
11-99,L2 M3 L24 M3
11-100,L2 M3 L25 M0
11-101,L2 M3 L25 M1
11-102,L2 M3 L25 M2
11-103,L2 M3 L25 M3
11-104,L2 M3 L26 M0
11-105,L2 M3 L26 M1
11-106,L2 M3 L26 M2
11-107,L2 M3 L26 M3
11-108,L2 M3 L27 M0
11-109,L2 M3 L27 M1
11-110,L2 M3 L27 M2
11-111,L2 M3 L27 M3
11-112,L2 M3 L28 M0
11-113,L2 M3 L28 M1
11-114,L2 M3 L28 M2
11-115,L2 M3 L28 M3
12-0,L3 M0 H0
12-1,L3 M0 H1
12-2,L3 M0 H2
12-3,L3 M0 H3
12-4,L3 M0 L1 M0
12-5,L3 M0 L1 M1
12-6,L3 M0 L1 M2
12-7,L3 M0 L1 M3
12-8,L3 M0 L2 M0
12-9,L3 M0 L2 M1
12-10,L3 M0 L2 M2
12-11,L3 M0 L2 M3
12-12,L3 M0 L3 M0
12-13,L3 M0 L3 M1
12-14,L3 M0 L3 M2
12-15,L3 M0 L3 M3
12-16,L3 M0 L4 M0
12-17,L3 M0 L4 M1
12-18,L3 M0 L4 M2
12-19,L3 M0 L4 M3
12-20,L3 M0 L5 M0
12-21,L3 M0 L5 M1
12-22,L3 M0 L5 M2
12-23,L3 M0 L5 M3
12-24,L3 M0 L6 M0
12-25,L3 M0 L6 M1
12-26,L3 M0 L6 M2
12-27,L3 M0 L6 M3
12-28,L3 M0 L7 M0
12-29,L3 M0 L7 M1
12-30,L3 M0 L7 M2
12-31,L3 M0 L7 M3
12-32,L3 M0 L8 M0
12-33,L3 M0 L8 M1
12-34,L3 M0 L8 M2
12-35,L3 M0 L8 M3
12-36,L3 M0 L9 M0
12-37,L3 M0 L9 M1
12-38,L3 M0 L9 M2
12-39,L3 M0 L9 M3
12-40,L3 M0 L10 M0
12-41,L3 M0 L10 M1
12-42,L3 M0 L10 M2
12-43,L3 M0 L10 M3
12-44,L3 M0 L11 M0
12-45,L3 M0 L11 M1
12-46,L3 M0 L11 M2
12-47,L3 M0 L11 M3
12-48,L3 M0 L12 M0
12-49,L3 M0 L12 M1
12-50,L3 M0 L12 M2
12-51,L3 M0 L12 M3
12-52,L3 M0 L13 M0
12-53,L3 M0 L13 M1
12-54,L3 M0 L13 M2
12-55,L3 M0 L13 M3
12-56,L3 M0 L14 M0
12-57,L3 M0 L14 M1
12-58,L3 M0 L14 M2
12-59,L3 M0 L14 M3
12-60,L3 M0 L15 M0
12-61,L3 M0 L15 M1
12-62,L3 M0 L15 M2
12-63,L3 M0 L15 M3
12-64,L3 M0 L16 M0
12-65,L3 M0 L16 M1
12-66,L3 M0 L16 M2
12-67,L3 M0 L16 M3
12-68,L3 M0 L17 M0
12-69,L3 M0 L17 M1
12-70,L3 M0 L17 M2
12-71,L3 M0 L17 M3
12-72,L3 M0 L18 M0
12-73,L3 M0 L18 M1
12-74,L3 M0 L18 M2
12-75,L3 M0 L18 M3
12-76,L3 M0 L19 M0
12-77,L3 M0 L19 M1
12-78,L3 M0 L19 M2
12-79,L3 M0 L19 M3
12-80,L3 M0 L20 M0
12-81,L3 M0 L20 M1
12-82,L3 M0 L20 M2
12-83,L3 M0 L20 M3
12-84,L3 M0 L21 M0
12-85,L3 M0 L21 M1
12-86,L3 M0 L21 M2
12-87,L3 M0 L21 M3
12-88,L3 M0 L22 M0
12-89,L3 M0 L22 M1
12-90,L3 M0 L22 M2
12-91,L3 M0 L22 M3
12-92,L3 M0 L23 M0
12-93,L3 M0 L23 M1
12-94,L3 M0 L23 M2
12-95,L3 M0 L23 M3
12-96,L3 M0 L24 M0
12-97,L3 M0 L24 M1
12-98,L3 M0 L24 M2
12-99,L3 M0 L24 M3
12-100,L3 M0 L25 M0
12-101,L3 M0 L25 M1
12-102,L3 M0 L25 M2
12-103,L3 T0
12-104,L3 M0 L26 M0
12-105,L3 M0 L26 M1
12-106,L3 M0 L26 M2
12-107,L3 M0 L26 M3
12-108,L3 M0 L27 M0
12-109,L3 M0 L27 M1
12-110,L3 M0 L27 M2
12-111,L3 M0 L27 M3
12-112,L3 M0 L28 M0
12-113,L3 M0 L28 M1
12-114,L3 M0 L28 M2
12-115,L3 M0 L28 M3
13-0,L3 M1 H0
13-1,L3 M1 H1
13-2,L3 M1 H2
13-3,L3 M1 H3
13-4,L3 M1 L1 M0
13-5,L3 M1 L1 M1
13-6,L3 M1 L1 M2
13-7,L3 M1 L1 M3
13-8,L3 M1 L2 M0
13-9,L3 M1 L2 M1
13-10,L3 M1 L2 M2
13-11,L3 M1 L2 M3
13-12,L3 M1 L3 M0
13-13,L3 M1 L3 M1
13-14,L3 M1 L3 M2
13-15,L3 M1 L3 M3
13-16,L3 M1 L4 M0
13-17,L3 M1 L4 M1
13-18,L3 M1 L4 M2
13-19,L3 M1 L4 M3
13-20,L3 M1 L5 M0
13-21,L3 M1 L5 M1
13-22,L3 M1 L5 M2
13-23,L3 M1 L5 M3
13-24,L3 M1 L6 M0
13-25,L3 M1 L6 M1
13-26,L3 M1 L6 M2
13-27,L3 M1 L6 M3
13-28,L3 M1 L7 M0
13-29,L3 M1 L7 M1
13-30,L3 M1 L7 M2
13-31,L3 M1 L7 M3
13-32,L3 M1 L8 M0
13-33,L3 M1 L8 M1
13-34,L3 M1 L8 M2
13-35,L3 M1 L8 M3
13-36,L3 M1 L9 M0
13-37,L3 M1 L9 M1
13-38,L3 M1 L9 M2
13-39,L3 M1 L9 M3
13-40,L3 M1 L10 M0
13-41,L3 M1 L10 M1
13-42,L3 M1 L10 M2
13-43,L3 M1 L10 M3
13-44,L3 M1 L11 M0
13-45,L3 M1 L11 M1
13-46,L3 M1 L11 M2
13-47,L3 M1 L11 M3
13-48,L3 M1 L12 M0
13-49,L3 M1 L12 M1
13-50,L3 M1 L12 M2
13-51,L3 M1 L12 M3
13-52,L3 M1 L13 M0
13-53,L3 M1 L13 M1
13-54,L3 M1 L13 M2
13-55,L3 M1 L13 M3
13-56,L3 M1 L14 M0
13-57,L3 M1 L14 M1
13-58,L3 M1 L14 M2
13-59,L3 M1 L14 M3
13-60,L3 M1 L15 M0
13-61,L3 M1 L15 M1
13-62,L3 M1 L15 M2
13-63,L3 M1 L15 M3
13-64,L3 M1 L16 M0
13-65,L3 M1 L16 M1
13-66,L3 M1 L16 M2
13-67,L3 M1 L16 M3
13-68,L3 M1 L17 M0
13-69,L3 M1 L17 M1
13-70,L3 M1 L17 M2
13-71,L3 M1 L17 M3
13-72,L3 M1 L18 M0
13-73,L3 M1 L18 M1
13-74,L3 M1 L18 M2
13-75,L3 M1 L18 M3
13-76,L3 M1 L19 M0
13-77,L3 M1 L19 M1
13-78,L3 M1 L19 M2
13-79,L3 M1 L19 M3
13-80,L3 M1 L20 M0
13-81,L3 M1 L20 M1
13-82,L3 M1 L20 M2
13-83,L3 M1 L20 M3
13-84,L3 M1 L21 M0
13-85,L3 M1 L21 M1
13-86,L3 M1 L21 M2
13-87,L3 M1 L21 M3
13-88,L3 M1 L22 M0
13-89,L3 M1 L22 M1
13-90,L3 M1 L22 M2
13-91,L3 M1 L22 M3
13-92,L3 M1 L23 M0
13-93,L3 M1 L23 M1
13-94,L3 M1 L23 M2
13-95,L3 M1 L23 M3
13-96,L3 M1 L24 M0
13-97,L3 M1 L24 M1
13-98,L3 M1 L24 M2
13-99,L3 M1 L24 M3
13-100,L3 M1 L25 M0
13-101,L3 M1 L25 M1
13-102,L3 M1 L25 M2
13-103,L3 T1
13-104,L3 M1 L26 M0
13-105,L3 M1 L26 M1
13-106,L3 M1 L26 M2
13-107,L3 M1 L26 M3
13-108,L3 M1 L27 M0
13-109,L3 M1 L27 M1
13-110,L3 M1 L27 M2
13-111,L3 M1 L27 M3
13-112,L3 M1 L28 M0
13-113,L3 M1 L28 M1
13-114,L3 M1 L28 M2
13-115,L3 M1 L28
14-0,L3 M2 H0
14-1,L3 M2 H1
14-2,L3 M2 H2
14-3,L3 M2 H3
14-4,L3 M2 L1 M0
14-5,L3 M2 L1 M1
14-6,L3 M2 L1 M2
14-7,L3 M2 L1 M3
14-8,L3 M2 L2 M0
14-9,L3 M2 L2 M1
14-10,L3 M2 L2 M2
14-11,L3 M2 L2 M3
14-12,L3 M2 L3 M0
14-13,L3 M2 L3 M1
14-14,L3 M2 L3 M2
14-15,L3 M2 L3 M3
14-16,L3 M2 L4 M0
14-17,L3 M2 L4 M1
14-18,L3 M2 L4 M2
14-19,L3 M2 L4 M3
14-20,L3 M2 L5 M0
14-21,L3 M2 L5 M1
14-22,L3 M2 L5 M2
14-23,L3 M2 L5 M3
14-24,L3 M2 L6 M0
14-25,L3 M2 L6 M1
14-26,L3 M2 L6 M2
14-27,L3 M2 L6 M3
14-28,L3 M2 L7 M0
14-29,L3 M2 L7 M1
14-30,L3 M2 L7 M2
14-31,L3 M2 L7 M3
14-32,L3 M2 L8 M0
14-33,L3 M2 L8 M1
14-34,L3 M2 L8 M2
14-35,L3 M2 L8 M3
14-36,L3 M2 L9 M0
14-37,L3 M2 L9 M1
14-38,L3 M2 L9 M2
14-39,L3 M2 L9 M3
14-40,L3 M2 L10 M0
14-41,L3 M2 L10 M1
14-42,L3 M2 L10 M2
14-43,L3 M2 L10 M3
14-44,L3 M2 L11 M0
14-45,L3 M2 L11 M1
14-46,L3 M2 L11 M2
14-47,L3 M2 L11 M3
14-48,L3 M2 L12 M0
14-49,L3 M2 L12 M1
14-50,L3 M2 L12 M2
14-51,L3 M2 L12 M3
14-52,L3 M2 L13 M0
14-53,L3 M2 L13 M1
14-54,L3 M2 L13 M2
14-55,L3 M2 L13 M3
14-56,L3 M2 L14 M0
14-57,L3 M2 L14 M1
14-58,L3 M2 L14 M2
14-59,L3 M2 L14 M3
14-60,L3 M2 L15 M0
14-61,L3 M2 L15 M1
14-62,L3 M2 L15 M2
14-63,L3 M2 L15 M3
14-64,L3 M2 L16 M0
14-65,L3 M2 L16 M1
14-66,L3 M2 L16 M2
14-67,L3 M2 L16 M3
14-68,L3 M2 L17 M0
14-69,L3 M2 L17 M1
14-70,L3 M2 L17 M2
14-71,L3 M2 L17 M3
14-72,L3 M2 L18 M0
14-73,L3 M2 L18 M1
14-74,L3 M2 L18 M2
14-75,L3 M2 L18 M3
14-76,L3 M2 L19 M0
14-77,L3 M2 L19 M1
14-78,L3 M2 L19 M2
14-79,L3 M2 L19 M3
14-80,L3 M2 L20 M0
14-81,L3 M2 L20 M1
14-82,L3 M2 L20 M2
14-83,L3 M2 L20 M3
14-84,L3 M2 L21 M0
14-85,L3 M2 L21 M1
14-86,L3 M2 L21 M2
14-87,L3 M2 L21 M3
14-88,L3 M2 L22 M0
14-89,L3 M2 L22 M1
14-90,L3 M2 L22 M2
14-91,L3 M2 L22 M3
14-92,L3 M2 L23 M0
14-93,L3 M2 L23 M1
14-94,L3 M2 L23 M2
14-95,L3 M2 L23 M3
14-96,L3 M2 L24 M0
14-97,L3 M2 L24 M1
14-98,L3 M2 L24 M2
14-99,L3 M2 L24 M3
14-100,L3 M2 L25 M0
14-101,L3 M2 L25 M1
14-102,L3 M2 L25 M2
14-103,L3 T2
14-104,L3 M2 L26 M0
14-105,L3 M2 L26 M1
14-106,L3 M2 L26 M2
14-107,L3 M2 L26 M3
14-108,L3 M2 L27 M0
14-109,L3 M2 L27 M1
14-110,L3 M2 L27 M2
14-111,L3 M2 L27
14-112,L3 M2 L28 M0
14-113,L3 M2 L28 M1
14-114,L3 M2 L28 M2
14-115,L3 M2 L28 M3
15-0,L3 M3 H0
15-1,L3 M3 H1
15-2,L3 M3 H2
15-3,L3 M3 H3
15-4,L3 M3 L1 M0
15-5,L3 M3 L1 M1
15-6,L3 M3 L1 M2
15-7,L3 M3 L1 M3
15-8,L3 M3 L2 M0
15-9,L3 M3 L2 M1
15-10,L3 M3 L2 M2
15-11,L3 M3 L2 M3
15-12,L3 M3 L3 M0
15-13,L3 M3 L3 M1
15-14,L3 M3 L3 M2
15-15,L3 M3 L3 M3
15-16,L3 M3 L4 M0
15-17,L3 M3 L4 M1
15-18,L3 M3 L4 M2
15-19,L3 M3 L4 M3
15-20,L3 M3 L5 M0
15-21,L3 M3 L5 M1
15-22,L3 M3 L5 M2
15-23,L3 M3 L5 M3
15-24,L3 M3 L6 M0
15-25,L3 M3 L6 M1
15-26,L3 M3 L6 M2
15-27,L3 M3 L6 M3
15-28,L3 M3 L7 M0
15-29,L3 M3 L7 M1
15-30,L3 M3 L7 M2
15-31,L3 M3 L7 M3
15-32,L3 M3 L8 M0
15-33,L3 M3 L8 M1
15-34,L3 M3 L8 M2
15-35,L3 M3 L8 M3
15-36,L3 M3 L9 M0
15-37,L3 M3 L9 M1
15-38,L3 M3 L9 M2
15-39,L3 M3 L9 M3
15-40,L3 M3 L10 M0
15-41,L3 M3 L10 M1
15-42,L3 M3 L10 M2
15-43,L3 M3 L10 M3
15-44,L3 M3 L11 M0
15-45,L3 M3 L11 M1
15-46,L3 M3 L11 M2
15-47,L3 M3 L11 M3
15-48,L3 M3 L12 M0
15-49,L3 M3 L12 M1
15-50,L3 M3 L12 M2
15-51,L3 M3 L12 M3
15-52,L3 M3 L13 M0
15-53,L3 M3 L13 M1
15-54,L3 M3 L13 M2
15-55,L3 M3 L13 M3
15-56,L3 M3 L14 M0
15-57,L3 M3 L14 M1
15-58,L3 M3 L14 M2
15-59,L3 M3 L14 M3
15-60,L3 M3 L15 M0
15-61,L3 M3 L15 M1
15-62,L3 M3 L15 M2
15-63,L3 M3 L15 M3
15-64,L3 M3 L16 M0
15-65,L3 M3 L16 M1
15-66,L3 M3 L16 M2
15-67,L3 M3 L16 M3
15-68,L3 M3 L17 M0
15-69,L3 M3 L17 M1
15-70,L3 M3 L17 M2
15-71,L3 M3 L17 M3
15-72,L3 M3 L18 M0
15-73,L3 M3 L18 M1
15-74,L3 M3 L18 M2
15-75,L3 M3 L18 M3
15-76,L3 M3 L19 M0
15-77,L3 M3 L19 M1
15-78,L3 M3 L19 M2
15-79,L3 M3 L19 M3
15-80,L3 M3 L20 M0
15-81,L3 M3 L20 M1
15-82,L3 M3 L20 M2
15-83,L3 M3 L20 M3
15-84,L3 M3 L21 M0
15-85,L3 M3 L21 M1
15-86,L3 M3 L21 M2
15-87,L3 M3 L21 M3
15-88,L3 M3 L22 M0
15-89,L3 M3 L22 M1
15-90,L3 M3 L22 M2
15-91,L3 M3 L22 M3
15-92,L3 M3 L23 M0
15-93,L3 M3 L23 M1
15-94,L3 M3 L23 M2
15-95,L3 M3 L23 M3
15-96,L3 M3 L24 M0
15-97,L3 M3 L24 M1
15-98,L3 M3 L24 M2
15-99,L3 M3 L24 M3
15-100,L3 M3 L25 M0
15-101,L3 M3 L25 M1
15-102,L3 M3 L25 M2
15-103,L3 M3 L25 M3
15-104,L3 M3 L26 M0
15-105,L3 M3 L26 M1
15-106,L3 M3 L26 M2
15-107,L3 M3 L26 M3
15-108,L3 M3 L27 M0
15-109,L3 M3 L27 M1
15-110,L3 M3 L27 M2
15-111,L3 M3 L27 M3
15-112,L3 M3 L28 M0
15-113,L3 M3 L28 M1
15-114,L3 M3 L28 M2
15-115,L3 M3 L28 M3
16-0,L4 M0 H0
16-1,L4 M0 H1
16-2,L4 M0 H2
16-3,L4 M0 H3
16-4,L4 M0 L1 M0
16-5,L4 M0 L1 M1
16-6,L4 M0 L1 M2
16-7,L4 M0 L1 M3
16-8,L4 M0 L2 M0
16-9,L4 M0 L2 M1
16-10,L4 M0 L2 M2
16-11,L4 M0 L2 M3
16-12,L4 M0 L3 M0
16-13,L4 M0 L3 M1
16-14,L4 M0 L3 M2
16-15,L4 M0 L3 M3
16-16,L4 M0 L4 M0
16-17,L4 M0 L4 M1
16-18,L4 M0 L4 M2
16-19,L4 M0 L4 M3
16-20,L4 M0 L5 M0
16-21,L4 M0 L5 M1
16-22,L4 M0 L5 M2
16-23,L4 M0 L5 M3
16-24,L4 M0 L6 M0
16-25,L4 M0 L6 M1
16-26,L4 M0 L6 M2
16-27,L4 M0 L6 M3
16-28,L4 M0 L7 M0
16-29,L4 M0 L7 M1
16-30,L4 M0 L7 M2
16-31,L4 M0 L7 M3
16-32,L4 M0 L8 M0
16-33,L4 M0 L8 M1
16-34,L4 M0 L8 M2
16-35,L4 M0 L8 M3
16-36,L4 M0 L9 M0
16-37,L4 M0 L9 M1
16-38,L4 M0 L9 M2
16-39,L4 M0 L9 M3
16-40,L4 M0 L10 M0
16-41,L4 M0 L10 M1
16-42,L4 M0 L10 M2
16-43,L4 M0 L10 M3
16-44,L4 M0 L11 M0
16-45,L4 M0 L11 M1
16-46,L4 M0 L11 M2
16-47,L4 M0 L11 M3
16-48,L4 M0 L12 M0
16-49,L4 M0 L12 M1
16-50,L4 M0 L12 M2
16-51,L4 M0 L12 M3
16-52,L4 M0 L13 M0
16-53,L4 M0 L13 M1
16-54,L4 M0 L13 M2
16-55,L4 M0 L13 M3
16-56,L4 M0 L14 M0
16-57,L4 M0 L14 M1
16-58,L4 M0 L14 M2
16-59,L4 M0 L14 M3
16-60,L4 M0 L15 M0
16-61,L4 M0 L15 M1
16-62,L4 M0 L15 M2
16-63,L4 M0 L15 M3
16-64,L4 M0 L16 M0
16-65,L4 M0 L16 M1
16-66,L4 M0 L16 M2
16-67,L4 M0 L16 M3
16-68,L4 M0 L17 M0
16-69,L4 M0 L17 M1
16-70,L4 M0 L17 M2
16-71,L4 M0 L17 M3
16-72,L4 M0 L18 M0
16-73,L4 M0 L18 M1
16-74,L4 M0 L18 M2
16-75,L4 M0 L18 M3
16-76,L4 M0 L19 M0
16-77,L4 M0 L19 M1
16-78,L4 M0 L19 M2
16-79,L4 M0 L19 M3
16-80,L4 M0 L20 M0
16-81,L4 M0 L20 M1
16-82,L4 M0 L20 M2
16-83,L4 M0 L20 M3
16-84,L4 M0 L21 M0
16-85,L4 M0 L21 M1
16-86,L4 M0 L21 M2
16-87,L4 M0 L21 M3
16-88,L4 M0 L22 M0
16-89,L4 M0 L22 M1
16-90,L4 M0 L22 M2
16-91,L4 M0 L22 M3
16-92,L4 M0 L23 M0
16-93,L4 M0 L23 M1
16-94,L4 M0 L23 M2
16-95,L4 M0 L23 M3
16-96,L4 M0 L24 M0
16-97,L4 M0 L24 M1
16-98,L4 M0 L24 M2
16-99,L4 M0 L24 M3
16-100,L4 M0 L25 M0
16-101,L4 M0 L25 M1
16-102,L4 M0 L25 M2
16-103,L4 T0
16-104,L4 M0 L26 M0
16-105,L4 M0 L26 M1
16-106,L4 M0 L26 M2
16-107,L4 M0 L26 M3
16-108,L4 M0 L27 M0
16-109,L4 M0 L27 M1
16-110,L4 M0 L27 M2
16-111,L4 M0 L27 M3
16-112,L4 M0 L28 M0
16-113,L4 M0 L28 M1
16-114,L4 M0 L28 M2
16-115,L4 M0 L28 M3
17-0,L4 M1 H0
17-1,L4 M1 H1
17-2,L4 M1 H2
17-3,L4 M1 H3
17-4,L4 M1 L1 M0
17-5,L4 M1 L1 M1
17-6,L4 M1 L1 M2
17-7,L4 M1 L1 M3
17-8,L4 M1 L2 M0
17-9,L4 M1 L2 M1
17-10,L4 M1 L2 M2
17-11,L4 M1 L2 M3
17-12,L4 M1 L3 M0
17-13,L4 M1 L3 M1
17-14,L4 M1 L3 M2
17-15,L4 M1 L3 M3
17-16,L4 M1 L4 M0
17-17,L4 M1 L4 M1
17-18,L4 M1 L4 M2
17-19,L4 M1 L4 M3
17-20,L4 M1 L5 M0
17-21,L4 M1 L5 M1
17-22,L4 M1 L5 M2
17-23,L4 M1 L5 M3
17-24,L4 M1 L6 M0
17-25,L4 M1 L6 M1
17-26,L4 M1 L6 M2
17-27,L4 M1 L6 M3
17-28,L4 M1 L7 M0
17-29,L4 M1 L7 M1
17-30,L4 M1 L7 M2
17-31,L4 M1 L7 M3
17-32,L4 M1 L8 M0
17-33,L4 M1 L8 M1
17-34,L4 M1 L8 M2
17-35,L4 M1 L8 M3
17-36,L4 M1 L9 M0
17-37,L4 M1 L9 M1
17-38,L4 M1 L9 M2
17-39,L4 M1 L9 M3
17-40,L4 M1 L10 M0
17-41,L4 M1 L10 M1
17-42,L4 M1 L10 M2
17-43,L4 M1 L10 M3
17-44,L4 M1 L11 M0
17-45,L4 M1 L11 M1
17-46,L4 M1 L11 M2
17-47,L4 M1 L11 M3
17-48,L4 M1 L12 M0
17-49,L4 M1 L12 M1
17-50,L4 M1 L12 M2
17-51,L4 M1 L12 M3
17-52,L4 M1 L13 M0
17-53,L4 M1 L13 M1
17-54,L4 M1 L13 M2
17-55,L4 M1 L13 M3
17-56,L4 M1 L14 M0
17-57,L4 M1 L14 M1
17-58,L4 M1 L14 M2
17-59,L4 M1 L14 M3
17-60,L4 M1 L15 M0
17-61,L4 M1 L15 M1
17-62,L4 M1 L15 M2
17-63,L4 M1 L15 M3
17-64,L4 M1 L16 M0
17-65,L4 M1 L16 M1
17-66,L4 M1 L16 M2
17-67,L4 M1 L16 M3
17-68,L4 M1 L17 M0
17-69,L4 M1 L17 M1
17-70,L4 M1 L17 M2
17-71,L4 M1 L17 M3
17-72,L4 M1 L18 M0
17-73,L4 M1 L18 M1
17-74,L4 M1 L18 M2
17-75,L4 M1 L18 M3
17-76,L4 M1 L19 M0
17-77,L4 M1 L19 M1
17-78,L4 M1 L19 M2
17-79,L4 M1 L19 M3
17-80,L4 M1 L20 M0
17-81,L4 M1 L20 M1
17-82,L4 M1 L20 M2
17-83,L4 M1 L20 M3
17-84,L4 M1 L21 M0
17-85,L4 M1 L21 M1
17-86,L4 M1 L21 M2
17-87,L4 M1 L21 M3
17-88,L4 M1 L22 M0
17-89,L4 M1 L22 M1
17-90,L4 M1 L22 M2
17-91,L4 M1 L22 M3
17-92,L4 M1 L23 M0
17-93,L4 M1 L23 M1
17-94,L4 M1 L23 M2
17-95,L4 M1 L23 M3
17-96,L4 M1 L24 M0
17-97,L4 M1 L24 M1
17-98,L4 M1 L24 M2
17-99,L4 M1 L24 M3
17-100,L4 M1 L25 M0
17-101,L4 M1 L25 M1
17-102,L4 M1 L25 M2
17-103,L4 T1
17-104,L4 M1 L26 M0
17-105,L4 M1 L26 M1
17-106,L4 M1 L26 M2
17-107,L4 M1 L26 M3
17-108,L4 M1 L27 M0
17-109,L4 M1 L27 M1
17-110,L4 M1 L27 M2
17-111,L4 M1 L27 M3
17-112,L4 M1 L28 M0
17-113,L4 M1 L28 M1
17-114,L4 M1 L28 M2
17-115,L4 M1 L28
18-0,L4 M2 H0
18-1,L4 M2 H1
18-2,L4 M2 H2
18-3,L4 M2 H3
18-4,L4 M2 L1 M0
18-5,L4 M2 L1 M1
18-6,L4 M2 L1 M2
18-7,L4 M2 L1 M3
18-8,L4 M2 L2 M0
18-9,L4 M2 L2 M1
18-10,L4 M2 L2 M2
18-11,L4 M2 L2 M3
18-12,L4 M2 L3 M0
18-13,L4 M2 L3 M1
18-14,L4 M2 L3 M2
18-15,L4 M2 L3 M3
18-16,L4 M2 L4 M0
18-17,L4 M2 L4 M1
18-18,L4 M2 L4 M2
18-19,L4 M2 L4 M3
18-20,L4 M2 L5 M0
18-21,L4 M2 L5 M1
18-22,L4 M2 L5 M2
18-23,L4 M2 L5 M3
18-24,L4 M2 L6 M0
18-25,L4 M2 L6 M1
18-26,L4 M2 L6 M2
18-27,L4 M2 L6 M3
18-28,L4 M2 L7 M0
18-29,L4 M2 L7 M1
18-30,L4 M2 L7 M2
18-31,L4 M2 L7 M3
18-32,L4 M2 L8 M0
18-33,L4 M2 L8 M1
18-34,L4 M2 L8 M2
18-35,L4 M2 L8 M3
18-36,L4 M2 L9 M0
18-37,L4 M2 L9 M1
18-38,L4 M2 L9 M2
18-39,L4 M2 L9 M3
18-40,L4 M2 L10 M0
18-41,L4 M2 L10 M1
18-42,L4 M2 L10 M2
18-43,L4 M2 L10 M3
18-44,L4 M2 L11 M0
18-45,L4 M2 L11 M1
18-46,L4 M2 L11 M2
18-47,L4 M2 L11 M3
18-48,L4 M2 L12 M0
18-49,L4 M2 L12 M1
18-50,L4 M2 L12 M2
18-51,L4 M2 L12 M3
18-52,L4 M2 L13 M0
18-53,L4 M2 L13 M1
18-54,L4 M2 L13 M2
18-55,L4 M2 L13 M3
18-56,L4 M2 L14 M0
18-57,L4 M2 L14 M1
18-58,L4 M2 L14 M2
18-59,L4 M2 L14 M3
18-60,L4 M2 L15 M0
18-61,L4 M2 L15 M1
18-62,L4 M2 L15 M2
18-63,L4 M2 L15 M3
18-64,L4 M2 L16 M0
18-65,L4 M2 L16 M1
18-66,L4 M2 L16 M2
18-67,L4 M2 L16 M3
18-68,L4 M2 L17 M0
18-69,L4 M2 L17 M1
18-70,L4 M2 L17 M2
18-71,L4 M2 L17 M3
18-72,L4 M2 L18 M0
18-73,L4 M2 L18 M1
18-74,L4 M2 L18 M2
18-75,L4 M2 L18 M3
18-76,L4 M2 L19 M0
18-77,L4 M2 L19 M1
18-78,L4 M2 L19 M2
18-79,L4 M2 L19 M3
18-80,L4 M2 L20 M0
18-81,L4 M2 L20 M1
18-82,L4 M2 L20 M2
18-83,L4 M2 L20 M3
18-84,L4 M2 L21 M0
18-85,L4 M2 L21 M1
18-86,L4 M2 L21 M2
18-87,L4 M2 L21 M3
18-88,L4 M2 L22 M0
18-89,L4 M2 L22 M1
18-90,L4 M2 L22 M2
18-91,L4 M2 L22 M3
18-92,L4 M2 L23 M0
18-93,L4 M2 L23 M1
18-94,L4 M2 L23 M2
18-95,L4 M2 L23 M3
18-96,L4 M2 L24 M0
18-97,L4 M2 L24 M1
18-98,L4 M2 L24 M2
18-99,L4 M2 L24 M3
18-100,L4 M2 L25 M0
18-101,L4 M2 L25 M1
18-102,L4 M2 L25 M2
18-103,L4 T2
18-104,L4 M2 L26 M0
18-105,L4 M2 L26 M1
18-106,L4 M2 L26 M2
18-107,L4 M2 L26 M3
18-108,L4 M2 L27 M0
18-109,L4 M2 L27 M1
18-110,L4 M2 L27 M2
18-111,L4 M2 L27
18-112,L4 M2 L28 M0
18-113,L4 M2 L28 M1
18-114,L4 M2 L28 M2
18-115,L4 M2 L28 M3
19-0,L4 M3 H0
19-1,L4 M3 H1
19-2,L4 M3 H2
19-3,L4 M3 H3
19-4,L4 M3 L1 M0
19-5,L4 M3 L1 M1
19-6,L4 M3 L1 M2
19-7,L4 M3 L1 M3
19-8,L4 M3 L2 M0
19-9,L4 M3 L2 M1
19-10,L4 M3 L2 M2
19-11,L4 M3 L2 M3
19-12,L4 M3 L3 M0
19-13,L4 M3 L3 M1
19-14,L4 M3 L3 M2
19-15,L4 M3 L3 M3
19-16,L4 M3 L4 M0
19-17,L4 M3 L4 M1
19-18,L4 M3 L4 M2
19-19,L4 M3 L4 M3
19-20,L4 M3 L5 M0
19-21,L4 M3 L5 M1
19-22,L4 M3 L5 M2
19-23,L4 M3 L5 M3
19-24,L4 M3 L6 M0
19-25,L4 M3 L6 M1
19-26,L4 M3 L6 M2
19-27,L4 M3 L6 M3
19-28,L4 M3 L7 M0
19-29,L4 M3 L7 M1
19-30,L4 M3 L7 M2
19-31,L4 M3 L7 M3
19-32,L4 M3 L8 M0
19-33,L4 M3 L8 M1
19-34,L4 M3 L8 M2
19-35,L4 M3 L8 M3
19-36,L4 M3 L9 M0
19-37,L4 M3 L9 M1
19-38,L4 M3 L9 M2
19-39,L4 M3 L9 M3
19-40,L4 M3 L10 M0
19-41,L4 M3 L10 M1
19-42,L4 M3 L10 M2
19-43,L4 M3 L10 M3
19-44,L4 M3 L11 M0
19-45,L4 M3 L11 M1
19-46,L4 M3 L11 M2
19-47,L4 M3 L11 M3
19-48,L4 M3 L12 M0
19-49,L4 M3 L12 M1
19-50,L4 M3 L12 M2
19-51,L4 M3 L12 M3
19-52,L4 M3 L13 M0
19-53,L4 M3 L13 M1
19-54,L4 M3 L13 M2
19-55,L4 M3 L13 M3
19-56,L4 M3 L14 M0
19-57,L4 M3 L14 M1
19-58,L4 M3 L14 M2
19-59,L4 M3 L14 M3
19-60,L4 M3 L15 M0
19-61,L4 M3 L15 M1
19-62,L4 M3 L15 M2
19-63,L4 M3 L15 M3
19-64,L4 M3 L16 M0
19-65,L4 M3 L16 M1
19-66,L4 M3 L16 M2
19-67,L4 M3 L16 M3
19-68,L4 M3 L17 M0
19-69,L4 M3 L17 M1
19-70,L4 M3 L17 M2
19-71,L4 M3 L17 M3
19-72,L4 M3 L18 M0
19-73,L4 M3 L18 M1
19-74,L4 M3 L18 M2
19-75,L4 M3 L18 M3
19-76,L4 M3 L19 M0
19-77,L4 M3 L19 M1
19-78,L4 M3 L19 M2
19-79,L4 M3 L19 M3
19-80,L4 M3 L20 M0
19-81,L4 M3 L20 M1
19-82,L4 M3 L20 M2
19-83,L4 M3 L20 M3
19-84,L4 M3 L21 M0
19-85,L4 M3 L21 M1
19-86,L4 M3 L21 M2
19-87,L4 M3 L21 M3
19-88,L4 M3 L22 M0
19-89,L4 M3 L22 M1
19-90,L4 M3 L22 M2
19-91,L4 M3 L22 M3
19-92,L4 M3 L23 M0
19-93,L4 M3 L23 M1
19-94,L4 M3 L23 M2
19-95,L4 M3 L23 M3
19-96,L4 M3 L24 M0
19-97,L4 M3 L24 M1
19-98,L4 M3 L24 M2
19-99,L4 M3 L24 M3
19-100,L4 M3 L25 M0
19-101,L4 M3 L25 M1
19-102,L4 M3 L25 M2
19-103,L4 M3 L25 M3
19-104,L4 M3 L26 M0
19-105,L4 M3 L26 M1
19-106,L4 M3 L26 M2
19-107,L4 M3 L26 M3
19-108,L4 M3 L27 M0
19-109,L4 M3 L27 M1
19-110,L4 M3 L27 M2
19-111,L4 M3 L27 M3
19-112,L4 M3 L28 M0
19-113,L4 M3 L28 M1
19-114,L4 M3 L28 M2
19-115,L4 M3 L28 M3
20-0,L5 M0 H0
20-1,L5 M0 H1
20-2,L5 M0 H2
20-3,L5 M0 H3
20-4,L5 M0 L1 M0
20-5,L5 M0 L1 M1
20-6,L5 M0 L1 M2
20-7,L5 M0 L1 M3
20-8,L5 M0 L2 M0
20-9,L5 M0 L2 M1
20-10,L5 M0 L2 M2
20-11,L5 M0 L2 M3
20-12,L5 M0 L3 M0
20-13,L5 M0 L3 M1
20-14,L5 M0 L3 M2
20-15,L5 M0 L3 M3
20-16,L5 M0 L4 M0
20-17,L5 M0 L4 M1
20-18,L5 M0 L4 M2
20-19,L5 M0 L4 M3
20-20,L5 M0 L5 M0
20-21,L5 M0 L5 M1
20-22,L5 M0 L5 M2
20-23,L5 M0 L5 M3
20-24,L5 M0 L6 M0
20-25,L5 M0 L6 M1
20-26,L5 M0 L6 M2
20-27,L5 M0 L6 M3
20-28,L5 M0 L7 M0
20-29,L5 M0 L7 M1
20-30,L5 M0 L7 M2
20-31,L5 M0 L7 M3
20-32,L5 M0 L8 M0
20-33,L5 M0 L8 M1
20-34,L5 M0 L8 M2
20-35,L5 M0 L8 M3
20-36,L5 M0 L9 M0
20-37,L5 M0 L9 M1
20-38,L5 M0 L9 M2
20-39,L5 M0 L9 M3
20-40,L5 M0 L10 M0
20-41,L5 M0 L10 M1
20-42,L5 M0 L10 M2
20-43,L5 M0 L10 M3
20-44,L5 M0 L11 M0
20-45,L5 M0 L11 M1
20-46,L5 M0 L11 M2
20-47,L5 M0 L11 M3
20-48,L5 M0 L12 M0
20-49,L5 M0 L12 M1
20-50,L5 M0 L12 M2
20-51,L5 M0 L12 M3
20-52,L5 M0 L13 M0
20-53,L5 M0 L13 M1
20-54,L5 M0 L13 M2
20-55,L5 M0 L13 M3
20-56,L5 M0 L14 M0
20-57,L5 M0 L14 M1
20-58,L5 M0 L14 M2
20-59,L5 M0 L14 M3
20-60,L5 M0 L15 M0
20-61,L5 M0 L15 M1
20-62,L5 M0 L15 M2
20-63,L5 M0 L15 M3
20-64,L5 M0 L16 M0
20-65,L5 M0 L16 M1
20-66,L5 M0 L16 M2
20-67,L5 M0 L16 M3
20-68,L5 M0 L17 M0
20-69,L5 M0 L17 M1
20-70,L5 M0 L17 M2
20-71,L5 M0 L17 M3
20-72,L5 M0 L18 M0
20-73,L5 M0 L18 M1
20-74,L5 M0 L18 M2
20-75,L5 M0 L18 M3
20-76,L5 M0 L19 M0
20-77,L5 M0 L19 M1
20-78,L5 M0 L19 M2
20-79,L5 M0 L19 M3
20-80,L5 M0 L20 M0
20-81,L5 M0 L20 M1
20-82,L5 M0 L20 M2
20-83,L5 M0 L20 M3
20-84,L5 M0 L21 M0
20-85,L5 M0 L21 M1
20-86,L5 M0 L21 M2
20-87,L5 M0 L21 M3
20-88,L5 M0 L22 M0
20-89,L5 M0 L22 M1
20-90,L5 M0 L22 M2
20-91,L5 M0 L22 M3
20-92,L5 M0 L23 M0
20-93,L5 M0 L23 M1
20-94,L5 M0 L23 M2
20-95,L5 M0 L23 M3
20-96,L5 M0 L24 M0
20-97,L5 M0 L24 M1
20-98,L5 M0 L24 M2
20-99,L5 M0 L24 M3
20-100,L5 M0 L25 M0
20-101,L5 M0 L25 M1
20-102,L5 M0 L25 M2
20-103,L5 T0
20-104,L5 M0 L26 M0
20-105,L5 M0 L26 M1
20-106,L5 M0 L26 M2
20-107,L5 M0 L26 M3
20-108,L5 M0 L27 M0
20-109,L5 M0 L27 M1
20-110,L5 M0 L27 M2
20-111,L5 M0 L27 M3
20-112,L5 M0 L28 M0
20-113,L5 M0 L28 M1
20-114,L5 M0 L28 M2
20-115,L5 M0 L28 M3
21-0,L5 M1 H0
21-1,L5 M1 H1
21-2,L5 M1 H2
21-3,L5 M1 H3
21-4,L5 M1 L1 M0
21-5,L5 M1 L1 M1
21-6,L5 M1 L1 M2
21-7,L5 M1 L1 M3
21-8,L5 M1 L2 M0
21-9,L5 M1 L2 M1
21-10,L5 M1 L2 M2
21-11,L5 M1 L2 M3
21-12,L5 M1 L3 M0
21-13,L5 M1 L3 M1
21-14,L5 M1 L3 M2
21-15,L5 M1 L3 M3
21-16,L5 M1 L4 M0
21-17,L5 M1 L4 M1
21-18,L5 M1 L4 M2
21-19,L5 M1 L4 M3
21-20,L5 M1 L5 M0
21-21,L5 M1 L5 M1
21-22,L5 M1 L5 M2
21-23,L5 M1 L5 M3
21-24,L5 M1 L6 M0
21-25,L5 M1 L6 M1
21-26,L5 M1 L6 M2
21-27,L5 M1 L6 M3
21-28,L5 M1 L7 M0
21-29,L5 M1 L7 M1
21-30,L5 M1 L7 M2
21-31,L5 M1 L7 M3
21-32,L5 M1 L8 M0
21-33,L5 M1 L8 M1
21-34,L5 M1 L8 M2
21-35,L5 M1 L8 M3
21-36,L5 M1 L9 M0
21-37,L5 M1 L9 M1
21-38,L5 M1 L9 M2
21-39,L5 M1 L9 M3
21-40,L5 M1 L10 M0
21-41,L5 M1 L10 M1
21-42,L5 M1 L10 M2
21-43,L5 M1 L10 M3
21-44,L5 M1 L11 M0
21-45,L5 M1 L11 M1
21-46,L5 M1 L11 M2
21-47,L5 M1 L11 M3
21-48,L5 M1 L12 M0
21-49,L5 M1 L12 M1
21-50,L5 M1 L12 M2
21-51,L5 M1 L12 M3
21-52,L5 M1 L13 M0
21-53,L5 M1 L13 M1
21-54,L5 M1 L13 M2
21-55,L5 M1 L13 M3
21-56,L5 M1 L14 M0
21-57,L5 M1 L14 M1
21-58,L5 M1 L14 M2
21-59,L5 M1 L14 M3
21-60,L5 M1 L15 M0
21-61,L5 M1 L15 M1
21-62,L5 M1 L15 M2
21-63,L5 M1 L15 M3
21-64,L5 M1 L16 M0
21-65,L5 M1 L16 M1
21-66,L5 M1 L16 M2
21-67,L5 M1 L16 M3
21-68,L5 M1 L17 M0
21-69,L5 M1 L17 M1
21-70,L5 M1 L17 M2
21-71,L5 M1 L17 M3
21-72,L5 M1 L18 M0
21-73,L5 M1 L18 M1
21-74,L5 M1 L18 M2
21-75,L5 M1 L18 M3
21-76,L5 M1 L19 M0
21-77,L5 M1 L19 M1
21-78,L5 M1 L19 M2
21-79,L5 M1 L19 M3
21-80,L5 M1 L20 M0
21-81,L5 M1 L20 M1
21-82,L5 M1 L20 M2
21-83,L5 M1 L20 M3
21-84,L5 M1 L21 M0
21-85,L5 M1 L21 M1
21-86,L5 M1 L21 M2
21-87,L5 M1 L21 M3
21-88,L5 M1 L22 M0
21-89,L5 M1 L22 M1
21-90,L5 M1 L22 M2
21-91,L5 M1 L22 M3
21-92,L5 M1 L23 M0
21-93,L5 M1 L23 M1
21-94,L5 M1 L23 M2
21-95,L5 M1 L23 M3
21-96,L5 M1 L24 M0
21-97,L5 M1 L24 M1
21-98,L5 M1 L24 M2
21-99,L5 M1 L24 M3
21-100,L5 M1 L25 M0
21-101,L5 M1 L25 M1
21-102,L5 M1 L25 M2
21-103,L5 T1
21-104,L5 M1 L26 M0
21-105,L5 M1 L26 M1
21-106,L5 M1 L26 M2
21-107,L5 M1 L26 M3
21-108,L5 M1 L27 M0
21-109,L5 M1 L27 M1
21-110,L5 M1 L27 M2
21-111,L5 M1 L27 M3
21-112,L5 M1 L28 M0
21-113,L5 M1 L28 M1
21-114,L5 M1 L28 M2
21-115,L5 M1 L28
22-0,L5 M2 H0
22-1,L5 M2 H1
22-2,L5 M2 H2
22-3,L5 M2 H3
22-4,L5 M2 L1 M0
22-5,L5 M2 L1 M1
22-6,L5 M2 L1 M2
22-7,L5 M2 L1 M3
22-8,L5 M2 L2 M0
22-9,L5 M2 L2 M1
22-10,L5 M2 L2 M2
22-11,L5 M2 L2 M3
22-12,L5 M2 L3 M0
22-13,L5 M2 L3 M1
22-14,L5 M2 L3 M2
22-15,L5 M2 L3 M3
22-16,L5 M2 L4 M0
22-17,L5 M2 L4 M1
22-18,L5 M2 L4 M2
22-19,L5 M2 L4 M3
22-20,L5 M2 L5 M0
22-21,L5 M2 L5 M1
22-22,L5 M2 L5 M2
22-23,L5 M2 L5 M3
22-24,L5 M2 L6 M0
22-25,L5 M2 L6 M1
22-26,L5 M2 L6 M2
22-27,L5 M2 L6 M3
22-28,L5 M2 L7 M0
22-29,L5 M2 L7 M1
22-30,L5 M2 L7 M2
22-31,L5 M2 L7 M3
22-32,L5 M2 L8 M0
22-33,L5 M2 L8 M1
22-34,L5 M2 L8 M2
22-35,L5 M2 L8 M3
22-36,L5 M2 L9 M0
22-37,L5 M2 L9 M1
22-38,L5 M2 L9 M2
22-39,L5 M2 L9 M3
22-40,L5 M2 L10 M0
22-41,L5 M2 L10 M1
22-42,L5 M2 L10 M2
22-43,L5 M2 L10 M3
22-44,L5 M2 L11 M0
22-45,L5 M2 L11 M1
22-46,L5 M2 L11 M2
22-47,L5 M2 L11 M3
22-48,L5 M2 L12 M0
22-49,L5 M2 L12 M1
22-50,L5 M2 L12 M2
22-51,L5 M2 L12 M3
22-52,L5 M2 L13 M0
22-53,L5 M2 L13 M1
22-54,L5 M2 L13 M2
22-55,L5 M2 L13 M3
22-56,L5 M2 L14 M0
22-57,L5 M2 L14 M1
22-58,L5 M2 L14 M2
22-59,L5 M2 L14 M3
22-60,L5 M2 L15 M0
22-61,L5 M2 L15 M1
22-62,L5 M2 L15 M2
22-63,L5 M2 L15 M3
22-64,L5 M2 L16 M0
22-65,L5 M2 L16 M1
22-66,L5 M2 L16 M2
22-67,L5 M2 L16 M3
22-68,L5 M2 L17 M0
22-69,L5 M2 L17 M1
22-70,L5 M2 L17 M2
22-71,L5 M2 L17 M3
22-72,L5 M2 L18 M0
22-73,L5 M2 L18 M1
22-74,L5 M2 L18 M2
22-75,L5 M2 L18 M3
22-76,L5 M2 L19 M0
22-77,L5 M2 L19 M1
22-78,L5 M2 L19 M2
22-79,L5 M2 L19 M3
22-80,L5 M2 L20 M0
22-81,L5 M2 L20 M1
22-82,L5 M2 L20 M2
22-83,L5 M2 L20 M3
22-84,L5 M2 L21 M0
22-85,L5 M2 L21 M1
22-86,L5 M2 L21 M2
22-87,L5 M2 L21 M3
22-88,L5 M2 L22 M0
22-89,L5 M2 L22 M1
22-90,L5 M2 L22 M2
22-91,L5 M2 L22 M3
22-92,L5 M2 L23 M0
22-93,L5 M2 L23 M1
22-94,L5 M2 L23 M2
22-95,L5 M2 L23 M3
22-96,L5 M2 L24 M0
22-97,L5 M2 L24 M1
22-98,L5 M2 L24 M2
22-99,L5 M2 L24 M3
22-100,L5 M2 L25 M0
22-101,L5 M2 L25 M1
22-102,L5 M2 L25 M2
22-103,L5 T2
22-104,L5 M2 L26 M0
22-105,L5 M2 L26 M1
22-106,L5 M2 L26 M2
22-107,L5 M2 L26 M3
22-108,L5 M2 L27 M0
22-109,L5 M2 L27 M1
22-110,L5 M2 L27 M2
22-111,L5 M2 L27
22-112,L5 M2 L28 M0
22-113,L5 M2 L28 M1
22-114,L5 M2 L28 M2
22-115,L5 M2 L28 M3
23-0,L5 M3 H0
23-1,L5 M3 H1
23-2,L5 M3 H2
23-3,L5 M3 H3
23-4,L5 M3 L1 M0
23-5,L5 M3 L1 M1
23-6,L5 M3 L1 M2
23-7,L5 M3 L1 M3
23-8,L5 M3 L2 M0
23-9,L5 M3 L2 M1
23-10,L5 M3 L2 M2
23-11,L5 M3 L2 M3
23-12,L5 M3 L3 M0
23-13,L5 M3 L3 M1
23-14,L5 M3 L3 M2
23-15,L5 M3 L3 M3
23-16,L5 M3 L4 M0
23-17,L5 M3 L4 M1
23-18,L5 M3 L4 M2
23-19,L5 M3 L4 M3
23-20,L5 M3 L5 M0
23-21,L5 M3 L5 M1
23-22,L5 M3 L5 M2
23-23,L5 M3 L5 M3
23-24,L5 M3 L6 M0
23-25,L5 M3 L6 M1
23-26,L5 M3 L6 M2
23-27,L5 M3 L6 M3
23-28,L5 M3 L7 M0
23-29,L5 M3 L7 M1
23-30,L5 M3 L7 M2
23-31,L5 M3 L7 M3
23-32,L5 M3 L8 M0
23-33,L5 M3 L8 M1
23-34,L5 M3 L8 M2
23-35,L5 M3 L8 M3
23-36,L5 M3 L9 M0
23-37,L5 M3 L9 M1
23-38,L5 M3 L9 M2
23-39,L5 M3 L9 M3
23-40,L5 M3 L10 M0
23-41,L5 M3 L10 M1
23-42,L5 M3 L10 M2
23-43,L5 M3 L10 M3
23-44,L5 M3 L11 M0
23-45,L5 M3 L11 M1
23-46,L5 M3 L11 M2
23-47,L5 M3 L11 M3
23-48,L5 M3 L12 M0
23-49,L5 M3 L12 M1
23-50,L5 M3 L12 M2
23-51,L5 M3 L12 M3
23-52,L5 M3 L13 M0
23-53,L5 M3 L13 M1
23-54,L5 M3 L13 M2
23-55,L5 M3 L13 M3
23-56,L5 M3 L14 M0
23-57,L5 M3 L14 M1
23-58,L5 M3 L14 M2
23-59,L5 M3 L14 M3
23-60,L5 M3 L15 M0
23-61,L5 M3 L15 M1
23-62,L5 M3 L15 M2
23-63,L5 M3 L15 M3
23-64,L5 M3 L16 M0
23-65,L5 M3 L16 M1
23-66,L5 M3 L16 M2
23-67,L5 M3 L16 M3
23-68,L5 M3 L17 M0
23-69,L5 M3 L17 M1
23-70,L5 M3 L17 M2
23-71,L5 M3 L17 M3
23-72,L5 M3 L18 M0
23-73,L5 M3 L18 M1
23-74,L5 M3 L18 M2
23-75,L5 M3 L18 M3
23-76,L5 M3 L19 M0
23-77,L5 M3 L19 M1
23-78,L5 M3 L19 M2
23-79,L5 M3 L19 M3
23-80,L5 M3 L20 M0
23-81,L5 M3 L20 M1
23-82,L5 M3 L20 M2
23-83,L5 M3 L20 M3
23-84,L5 M3 L21 M0
23-85,L5 M3 L21 M1
23-86,L5 M3 L21 M2
23-87,L5 M3 L21 M3
23-88,L5 M3 L22 M0
23-89,L5 M3 L22 M1
23-90,L5 M3 L22 M2
23-91,L5 M3 L22 M3
23-92,L5 M3 L23 M0
23-93,L5 M3 L23 M1
23-94,L5 M3 L23 M2
23-95,L5 M3 L23 M3
23-96,L5 M3 L24 M0
23-97,L5 M3 L24 M1
23-98,L5 M3 L24 M2
23-99,L5 M3 L24 M3
23-100,L5 M3 L25 M0
23-101,L5 M3 L25 M1
23-102,L5 M3 L25 M2
23-103,L5 M3 L25 M3
23-104,L5 M3 L26 M0
23-105,L5 M3 L26 M1
23-106,L5 M3 L26 M2
23-107,L5 M3 L26 M3
23-108,L5 M3 L27 M0
23-109,L5 M3 L27 M1
23-110,L5 M3 L27 M2
23-111,L5 M3 L27 M3
23-112,L5 M3 L28 M0
23-113,L5 M3 L28 M1
23-114,L5 M3 L28 M2
23-115,L5 M3 L28 M3
24-0,L6 M0 H0
24-1,L6 M0 H1
24-2,L6 M0 H2
24-3,L6 M0 H3
24-4,L6 M0 L1 M0
24-5,L6 M0 L1 M1
24-6,L6 M0 L1 M2
24-7,L6 M0 L1 M3
24-8,L6 M0 L2 M0
24-9,L6 M0 L2 M1
24-10,L6 M0 L2 M2
24-11,L6 M0 L2 M3
24-12,L6 M0 L3 M0
24-13,L6 M0 L3 M1
24-14,L6 M0 L3 M2
24-15,L6 M0 L3 M3
24-16,L6 M0 L4 M0
24-17,L6 M0 L4 M1
24-18,L6 M0 L4 M2
24-19,L6 M0 L4 M3
24-20,L6 M0 L5 M0
24-21,L6 M0 L5 M1
24-22,L6 M0 L5 M2
24-23,L6 M0 L5 M3
24-24,L6 M0 L6 M0
24-25,L6 M0 L6 M1
24-26,L6 M0 L6 M2
24-27,L6 M0 L6 M3
24-28,L6 M0 L7 M0
24-29,L6 M0 L7 M1
24-30,L6 M0 L7 M2
24-31,L6 M0 L7 M3
24-32,L6 M0 L8 M0
24-33,L6 M0 L8 M1
24-34,L6 M0 L8 M2
24-35,L6 M0 L8 M3
24-36,L6 M0 L9 M0
24-37,L6 M0 L9 M1
24-38,L6 M0 L9 M2
24-39,L6 M0 L9 M3
24-40,L6 M0 L10 M0
24-41,L6 M0 L10 M1
24-42,L6 M0 L10 M2
24-43,L6 M0 L10 M3
24-44,L6 M0 L11 M0
24-45,L6 M0 L11 M1
24-46,L6 M0 L11 M2
24-47,L6 M0 L11 M3
24-48,L6 M0 L12 M0
24-49,L6 M0 L12 M1
24-50,L6 M0 L12 M2
24-51,L6 M0 L12 M3
24-52,L6 M0 L13 M0
24-53,L6 M0 L13 M1
24-54,L6 M0 L13 M2
24-55,L6 M0 L13 M3
24-56,L6 M0 L14 M0
24-57,L6 M0 L14 M1
24-58,L6 M0 L14 M2
24-59,L6 M0 L14 M3
24-60,L6 M0 L15 M0
24-61,L6 M0 L15 M1
24-62,L6 M0 L15 M2
24-63,L6 M0 L15 M3
24-64,L6 M0 L16 M0
24-65,L6 M0 L16 M1
24-66,L6 M0 L16 M2
24-67,L6 M0 L16 M3
24-68,L6 M0 L17 M0
24-69,L6 M0 L17 M1
24-70,L6 M0 L17 M2
24-71,L6 M0 L17 M3
24-72,L6 M0 L18 M0
24-73,L6 M0 L18 M1
24-74,L6 M0 L18 M2
24-75,L6 M0 L18 M3
24-76,L6 M0 L19 M0
24-77,L6 M0 L19 M1
24-78,L6 M0 L19 M2
24-79,L6 M0 L19 M3
24-80,L6 M0 L20 M0
24-81,L6 M0 L20 M1
24-82,L6 M0 L20 M2
24-83,L6 M0 L20 M3
24-84,L6 M0 L21 M0
24-85,L6 M0 L21 M1
24-86,L6 M0 L21 M2
24-87,L6 M0 L21 M3
24-88,L6 M0 L22 M0
24-89,L6 M0 L22 M1
24-90,L6 M0 L22 M2
24-91,L6 M0 L22 M3
24-92,L6 M0 L23 M0
24-93,L6 M0 L23 M1
24-94,L6 M0 L23 M2
24-95,L6 M0 L23 M3
24-96,L6 M0 L24 M0
24-97,L6 M0 L24 M1
24-98,L6 M0 L24 M2
24-99,L6 M0 L24 M3
24-100,L6 M0 L25 M0
24-101,L6 M0 L25 M1
24-102,L6 M0 L25 M2
24-103,L6 T0
24-104,L6 M0 L26 M0
24-105,L6 M0 L26 M1
24-106,L6 M0 L26 M2
24-107,L6 M0 L26 M3
24-108,L6 M0 L27 M0
24-109,L6 M0 L27 M1
24-110,L6 M0 L27 M2
24-111,L6 M0 L27 M3
24-112,L6 M0 L28 M0
24-113,L6 M0 L28 M1
24-114,L6 M0 L28 M2
24-115,L6 M0 L28 M3
25-0,L6 M1 H0
25-1,L6 M1 H1
25-2,L6 M1 H2
25-3,L6 M1 H3
25-4,L6 M1 L1 M0
25-5,L6 M1 L1 M1
25-6,L6 M1 L1 M2
25-7,L6 M1 L1 M3
25-8,L6 M1 L2 M0
25-9,L6 M1 L2 M1
25-10,L6 M1 L2 M2
25-11,L6 M1 L2 M3
25-12,L6 M1 L3 M0
25-13,L6 M1 L3 M1
25-14,L6 M1 L3 M2
25-15,L6 M1 L3 M3
25-16,L6 M1 L4 M0
25-17,L6 M1 L4 M1
25-18,L6 M1 L4 M2
25-19,L6 M1 L4 M3
25-20,L6 M1 L5 M0
25-21,L6 M1 L5 M1
25-22,L6 M1 L5 M2
25-23,L6 M1 L5 M3
25-24,L6 M1 L6 M0
25-25,L6 M1 L6 M1
25-26,L6 M1 L6 M2
25-27,L6 M1 L6 M3
25-28,L6 M1 L7 M0
25-29,L6 M1 L7 M1
25-30,L6 M1 L7 M2
25-31,L6 M1 L7 M3
25-32,L6 M1 L8 M0
25-33,L6 M1 L8 M1
25-34,L6 M1 L8 M2
25-35,L6 M1 L8 M3
25-36,L6 M1 L9 M0
25-37,L6 M1 L9 M1
25-38,L6 M1 L9 M2
25-39,L6 M1 L9 M3
25-40,L6 M1 L10 M0
25-41,L6 M1 L10 M1
25-42,L6 M1 L10 M2
25-43,L6 M1 L10 M3
25-44,L6 M1 L11 M0
25-45,L6 M1 L11 M1
25-46,L6 M1 L11 M2
25-47,L6 M1 L11 M3
25-48,L6 M1 L12 M0
25-49,L6 M1 L12 M1
25-50,L6 M1 L12 M2
25-51,L6 M1 L12 M3
25-52,L6 M1 L13 M0
25-53,L6 M1 L13 M1
25-54,L6 M1 L13 M2
25-55,L6 M1 L13 M3
25-56,L6 M1 L14 M0
25-57,L6 M1 L14 M1
25-58,L6 M1 L14 M2
25-59,L6 M1 L14 M3
25-60,L6 M1 L15 M0
25-61,L6 M1 L15 M1
25-62,L6 M1 L15 M2
25-63,L6 M1 L15 M3
25-64,L6 M1 L16 M0
25-65,L6 M1 L16 M1
25-66,L6 M1 L16 M2
25-67,L6 M1 L16 M3
25-68,L6 M1 L17 M0
25-69,L6 M1 L17 M1
25-70,L6 M1 L17 M2
25-71,L6 M1 L17 M3
25-72,L6 M1 L18 M0
25-73,L6 M1 L18 M1
25-74,L6 M1 L18 M2
25-75,L6 M1 L18 M3
25-76,L6 M1 L19 M0
25-77,L6 M1 L19 M1
25-78,L6 M1 L19 M2
25-79,L6 M1 L19 M3
25-80,L6 M1 L20 M0
25-81,L6 M1 L20 M1
25-82,L6 M1 L20 M2
25-83,L6 M1 L20 M3
25-84,L6 M1 L21 M0
25-85,L6 M1 L21 M1
25-86,L6 M1 L21 M2
25-87,L6 M1 L21 M3
25-88,L6 M1 L22 M0
25-89,L6 M1 L22 M1
25-90,L6 M1 L22 M2
25-91,L6 M1 L22 M3
25-92,L6 M1 L23 M0
25-93,L6 M1 L23 M1
25-94,L6 M1 L23 M2
25-95,L6 M1 L23 M3
25-96,L6 M1 L24 M0
25-97,L6 M1 L24 M1
25-98,L6 M1 L24 M2
25-99,L6 M1 L24 M3
25-100,L6 M1 L25 M0
25-101,L6 M1 L25 M1
25-102,L6 M1 L25 M2
25-103,L6 T1
25-104,L6 M1 L26 M0
25-105,L6 M1 L26 M1
25-106,L6 M1 L26 M2
25-107,L6 M1 L26 M3
25-108,L6 M1 L27 M0
25-109,L6 M1 L27 M1
25-110,L6 M1 L27 M2
25-111,L6 M1 L27 M3
25-112,L6 M1 L28 M0
25-113,L6 M1 L28 M1
25-114,L6 M1 L28 M2
25-115,L6 M1 L28
26-0,L6 M2 H0
26-1,L6 M2 H1
26-2,L6 M2 H2
26-3,L6 M2 H3
26-4,L6 M2 L1 M0
26-5,L6 M2 L1 M1
26-6,L6 M2 L1 M2
26-7,L6 M2 L1 M3
26-8,L6 M2 L2 M0
26-9,L6 M2 L2 M1
26-10,L6 M2 L2 M2
26-11,L6 M2 L2 M3
26-12,L6 M2 L3 M0
26-13,L6 M2 L3 M1
26-14,L6 M2 L3 M2
26-15,L6 M2 L3 M3
26-16,L6 M2 L4 M0
26-17,L6 M2 L4 M1
26-18,L6 M2 L4 M2
26-19,L6 M2 L4 M3
26-20,L6 M2 L5 M0
26-21,L6 M2 L5 M1
26-22,L6 M2 L5 M2
26-23,L6 M2 L5 M3
26-24,L6 M2 L6 M0
26-25,L6 M2 L6 M1
26-26,L6 M2 L6 M2
26-27,L6 M2 L6 M3
26-28,L6 M2 L7 M0
26-29,L6 M2 L7 M1
26-30,L6 M2 L7 M2
26-31,L6 M2 L7 M3
26-32,L6 M2 L8 M0
26-33,L6 M2 L8 M1
26-34,L6 M2 L8 M2
26-35,L6 M2 L8 M3
26-36,L6 M2 L9 M0
26-37,L6 M2 L9 M1
26-38,L6 M2 L9 M2
26-39,L6 M2 L9 M3
26-40,L6 M2 L10 M0
26-41,L6 M2 L10 M1
26-42,L6 M2 L10 M2
26-43,L6 M2 L10 M3
26-44,L6 M2 L11 M0
26-45,L6 M2 L11 M1
26-46,L6 M2 L11 M2
26-47,L6 M2 L11 M3
26-48,L6 M2 L12 M0
26-49,L6 M2 L12 M1
26-50,L6 M2 L12 M2
26-51,L6 M2 L12 M3
26-52,L6 M2 L13 M0
26-53,L6 M2 L13 M1
26-54,L6 M2 L13 M2
26-55,L6 M2 L13 M3
26-56,L6 M2 L14 M0
26-57,L6 M2 L14 M1
26-58,L6 M2 L14 M2
26-59,L6 M2 L14 M3
26-60,L6 M2 L15 M0
26-61,L6 M2 L15 M1
26-62,L6 M2 L15 M2
26-63,L6 M2 L15 M3
26-64,L6 M2 L16 M0
26-65,L6 M2 L16 M1
26-66,L6 M2 L16 M2
26-67,L6 M2 L16 M3
26-68,L6 M2 L17 M0
26-69,L6 M2 L17 M1
26-70,L6 M2 L17 M2
26-71,L6 M2 L17 M3
26-72,L6 M2 L18 M0
26-73,L6 M2 L18 M1
26-74,L6 M2 L18 M2
26-75,L6 M2 L18 M3
26-76,L6 M2 L19 M0
26-77,L6 M2 L19 M1
26-78,L6 M2 L19 M2
26-79,L6 M2 L19 M3
26-80,L6 M2 L20 M0
26-81,L6 M2 L20 M1
26-82,L6 M2 L20 M2
26-83,L6 M2 L20 M3
26-84,L6 M2 L21 M0
26-85,L6 M2 L21 M1
26-86,L6 M2 L21 M2
26-87,L6 M2 L21 M3
26-88,L6 M2 L22 M0
26-89,L6 M2 L22 M1
26-90,L6 M2 L22 M2
26-91,L6 M2 L22 M3
26-92,L6 M2 L23 M0
26-93,L6 M2 L23 M1
26-94,L6 M2 L23 M2
26-95,L6 M2 L23 M3
26-96,L6 M2 L24 M0
26-97,L6 M2 L24 M1
26-98,L6 M2 L24 M2
26-99,L6 M2 L24 M3
26-100,L6 M2 L25 M0
26-101,L6 M2 L25 M1
26-102,L6 M2 L25 M2
26-103,L6 T2
26-104,L6 M2 L26 M0
26-105,L6 M2 L26 M1
26-106,L6 M2 L26 M2
26-107,L6 M2 L26 M3
26-108,L6 M2 L27 M0
26-109,L6 M2 L27 M1
26-110,L6 M2 L27 M2
26-111,L6 M2 L27
26-112,L6 M2 L28 M0
26-113,L6 M2 L28 M1
26-114,L6 M2 L28 M2
26-115,L6 M2 L28 M3
27-0,L6 M3 H0
27-1,L6 M3 H1
27-2,L6 M3 H2
27-3,L6 M3 H3
27-4,L6 M3 L1 M0
27-5,L6 M3 L1 M1
27-6,L6 M3 L1 M2
27-7,L6 M3 L1 M3
27-8,L6 M3 L2 M0
27-9,L6 M3 L2 M1
27-10,L6 M3 L2 M2
27-11,L6 M3 L2 M3
27-12,L6 M3 L3 M0
27-13,L6 M3 L3 M1
27-14,L6 M3 L3 M2
27-15,L6 M3 L3 M3
27-16,L6 M3 L4 M0
27-17,L6 M3 L4 M1
27-18,L6 M3 L4 M2
27-19,L6 M3 L4 M3
27-20,L6 M3 L5 M0
27-21,L6 M3 L5 M1
27-22,L6 M3 L5 M2
27-23,L6 M3 L5 M3
27-24,L6 M3 L6 M0
27-25,L6 M3 L6 M1
27-26,L6 M3 L6 M2
27-27,L6 M3 L6 M3
27-28,L6 M3 L7 M0
27-29,L6 M3 L7 M1
27-30,L6 M3 L7 M2
27-31,L6 M3 L7 M3
27-32,L6 M3 L8 M0
27-33,L6 M3 L8 M1
27-34,L6 M3 L8 M2
27-35,L6 M3 L8 M3
27-36,L6 M3 L9 M0
27-37,L6 M3 L9 M1
27-38,L6 M3 L9 M2
27-39,L6 M3 L9 M3
27-40,L6 M3 L10 M0
27-41,L6 M3 L10 M1
27-42,L6 M3 L10 M2
27-43,L6 M3 L10 M3
27-44,L6 M3 L11 M0
27-45,L6 M3 L11 M1
27-46,L6 M3 L11 M2
27-47,L6 M3 L11 M3
27-48,L6 M3 L12 M0
27-49,L6 M3 L12 M1
27-50,L6 M3 L12 M2
27-51,L6 M3 L12 M3
27-52,L6 M3 L13 M0
27-53,L6 M3 L13 M1
27-54,L6 M3 L13 M2
27-55,L6 M3 L13 M3
27-56,L6 M3 L14 M0
27-57,L6 M3 L14 M1
27-58,L6 M3 L14 M2
27-59,L6 M3 L14 M3
27-60,L6 M3 L15 M0
27-61,L6 M3 L15 M1
27-62,L6 M3 L15 M2
27-63,L6 M3 L15 M3
27-64,L6 M3 L16 M0
27-65,L6 M3 L16 M1
27-66,L6 M3 L16 M2
27-67,L6 M3 L16 M3
27-68,L6 M3 L17 M0
27-69,L6 M3 L17 M1
27-70,L6 M3 L17 M2
27-71,L6 M3 L17 M3
27-72,L6 M3 L18 M0
27-73,L6 M3 L18 M1
27-74,L6 M3 L18 M2
27-75,L6 M3 L18 M3
27-76,L6 M3 L19 M0
27-77,L6 M3 L19 M1
27-78,L6 M3 L19 M2
27-79,L6 M3 L19 M3
27-80,L6 M3 L20 M0
27-81,L6 M3 L20 M1
27-82,L6 M3 L20 M2
27-83,L6 M3 L20 M3
27-84,L6 M3 L21 M0
27-85,L6 M3 L21 M1
27-86,L6 M3 L21 M2
27-87,L6 M3 L21 M3
27-88,L6 M3 L22 M0
27-89,L6 M3 L22 M1
27-90,L6 M3 L22 M2
27-91,L6 M3 L22 M3
27-92,L6 M3 L23 M0
27-93,L6 M3 L23 M1
27-94,L6 M3 L23 M2
27-95,L6 M3 L23 M3
27-96,L6 M3 L24 M0
27-97,L6 M3 L24 M1
27-98,L6 M3 L24 M2
27-99,L6 M3 L24 M3
27-100,L6 M3 L25 M0
27-101,L6 M3 L25 M1
27-102,L6 M3 L25 M2
27-103,L6 M3 L25 M3
27-104,L6 M3 L26 M0
27-105,L6 M3 L26 M1
27-106,L6 M3 L26 M2
27-107,L6 M3 L26 M3
27-108,L6 M3 L27 M0
27-109,L6 M3 L27 M1
27-110,L6 M3 L27 M2
27-111,L6 M3 L27 M3
27-112,L6 M3 L28 M0
27-113,L6 M3 L28 M1
27-114,L6 M3 L28 M2
27-115,L6 M3 L28 M3
28-0,L7 M0 H0
28-1,L7 M0 H1
28-2,L7 M0 H2
28-3,L7 M0 H3
28-4,L7 M0 L1 M0
28-5,L7 M0 L1 M1
28-6,L7 M0 L1 M2
28-7,L7 M0 L1 M3
28-8,L7 M0 L2 M0
28-9,L7 M0 L2 M1
28-10,L7 M0 L2 M2
28-11,L7 M0 L2 M3
28-12,L7 M0 L3 M0
28-13,L7 M0 L3 M1
28-14,L7 M0 L3 M2
28-15,L7 M0 L3 M3
28-16,L7 M0 L4 M0
28-17,L7 M0 L4 M1
28-18,L7 M0 L4 M2
28-19,L7 M0 L4 M3
28-20,L7 M0 L5 M0
28-21,L7 M0 L5 M1
28-22,L7 M0 L5 M2
28-23,L7 M0 L5 M3
28-24,L7 M0 L6 M0
28-25,L7 M0 L6 M1
28-26,L7 M0 L6 M2
28-27,L7 M0 L6 M3
28-28,L7 M0 L7 M0
28-29,L7 M0 L7 M1
28-30,L7 M0 L7 M2
28-31,L7 M0 L7 M3
28-32,L7 M0 L8 M0
28-33,L7 M0 L8 M1
28-34,L7 M0 L8 M2
28-35,L7 M0 L8 M3
28-36,L7 M0 L9 M0
28-37,L7 M0 L9 M1
28-38,L7 M0 L9 M2
28-39,L7 M0 L9 M3
28-40,L7 M0 L10 M0
28-41,L7 M0 L10 M1
28-42,L7 M0 L10 M2
28-43,L7 M0 L10 M3
28-44,L7 M0 L11 M0
28-45,L7 M0 L11 M1
28-46,L7 M0 L11 M2
28-47,L7 M0 L11 M3
28-48,L7 M0 L12 M0
28-49,L7 M0 L12 M1
28-50,L7 M0 L12 M2
28-51,L7 M0 L12 M3
28-52,L7 M0 L13 M0
28-53,L7 M0 L13 M1
28-54,L7 M0 L13 M2
28-55,L7 M0 L13 M3
28-56,L7 M0 L14 M0
28-57,L7 M0 L14 M1
28-58,L7 M0 L14 M2
28-59,L7 M0 L14 M3
28-60,L7 M0 L15 M0
28-61,L7 M0 L15 M1
28-62,L7 M0 L15 M2
28-63,L7 M0 L15 M3
28-64,L7 M0 L16 M0
28-65,L7 M0 L16 M1
28-66,L7 M0 L16 M2
28-67,L7 M0 L16 M3
28-68,L7 M0 L17 M0
28-69,L7 M0 L17 M1
28-70,L7 M0 L17 M2
28-71,L7 M0 L17 M3
28-72,L7 M0 L18 M0
28-73,L7 M0 L18 M1
28-74,L7 M0 L18 M2
28-75,L7 M0 L18 M3
28-76,L7 M0 L19 M0
28-77,L7 M0 L19 M1
28-78,L7 M0 L19 M2
28-79,L7 M0 L19 M3
28-80,L7 M0 L20 M0
28-81,L7 M0 L20 M1
28-82,L7 M0 L20 M2
28-83,L7 M0 L20 M3
28-84,L7 M0 L21 M0
28-85,L7 M0 L21 M1
28-86,L7 M0 L21 M2
28-87,L7 M0 L21 M3
28-88,L7 M0 L22 M0
28-89,L7 M0 L22 M1
28-90,L7 M0 L22 M2
28-91,L7 M0 L22 M3
28-92,L7 M0 L23 M0
28-93,L7 M0 L23 M1
28-94,L7 M0 L23 M2
28-95,L7 M0 L23 M3
28-96,L7 M0 L24 M0
28-97,L7 M0 L24 M1
28-98,L7 M0 L24 M2
28-99,L7 M0 L24 M3
28-100,L7 M0 L25 M0
28-101,L7 M0 L25 M1
28-102,L7 M0 L25 M2
28-103,L7 T0
28-104,L7 M0 L26 M0
28-105,L7 M0 L26 M1
28-106,L7 M0 L26 M2
28-107,L7 M0 L26 M3
28-108,L7 M0 L27 M0
28-109,L7 M0 L27 M1
28-110,L7 M0 L27 M2
28-111,L7 M0 L27 M3
28-112,L7 M0 L28 M0
28-113,L7 M0 L28 M1
28-114,L7 M0 L28 M2
28-115,L7 M0 L28 M3
29-0,L7 M1 H0
29-1,L7 M1 H1
29-2,L7 M1 H2
29-3,L7 M1 H3
29-4,L7 M1 L1 M0
29-5,L7 M1 L1 M1
29-6,L7 M1 L1 M2
29-7,L7 M1 L1 M3
29-8,L7 M1 L2 M0
29-9,L7 M1 L2 M1
29-10,L7 M1 L2 M2
29-11,L7 M1 L2 M3
29-12,L7 M1 L3 M0
29-13,L7 M1 L3 M1
29-14,L7 M1 L3 M2
29-15,L7 M1 L3 M3
29-16,L7 M1 L4 M0
29-17,L7 M1 L4 M1
29-18,L7 M1 L4 M2
29-19,L7 M1 L4 M3
29-20,L7 M1 L5 M0
29-21,L7 M1 L5 M1
29-22,L7 M1 L5 M2
29-23,L7 M1 L5 M3
29-24,L7 M1 L6 M0
29-25,L7 M1 L6 M1
29-26,L7 M1 L6 M2
29-27,L7 M1 L6 M3
29-28,L7 M1 L7 M0
29-29,L7 M1 L7 M1
29-30,L7 M1 L7 M2
29-31,L7 M1 L7 M3
29-32,L7 M1 L8 M0
29-33,L7 M1 L8 M1
29-34,L7 M1 L8 M2
29-35,L7 M1 L8 M3
29-36,L7 M1 L9 M0
29-37,L7 M1 L9 M1
29-38,L7 M1 L9 M2
29-39,L7 M1 L9 M3
29-40,L7 M1 L10 M0
29-41,L7 M1 L10 M1
29-42,L7 M1 L10 M2
29-43,L7 M1 L10 M3
29-44,L7 M1 L11 M0
29-45,L7 M1 L11 M1
29-46,L7 M1 L11 M2
29-47,L7 M1 L11 M3
29-48,L7 M1 L12 M0
29-49,L7 M1 L12 M1
29-50,L7 M1 L12 M2
29-51,L7 M1 L12 M3
29-52,L7 M1 L13 M0
29-53,L7 M1 L13 M1
29-54,L7 M1 L13 M2
29-55,L7 M1 L13 M3
29-56,L7 M1 L14 M0
29-57,L7 M1 L14 M1
29-58,L7 M1 L14 M2
29-59,L7 M1 L14 M3
29-60,L7 M1 L15 M0
29-61,L7 M1 L15 M1
29-62,L7 M1 L15 M2
29-63,L7 M1 L15 M3
29-64,L7 M1 L16 M0
29-65,L7 M1 L16 M1
29-66,L7 M1 L16 M2
29-67,L7 M1 L16 M3
29-68,L7 M1 L17 M0
29-69,L7 M1 L17 M1
29-70,L7 M1 L17 M2
29-71,L7 M1 L17 M3
29-72,L7 M1 L18 M0
29-73,L7 M1 L18 M1
29-74,L7 M1 L18 M2
29-75,L7 M1 L18 M3
29-76,L7 M1 L19 M0
29-77,L7 M1 L19 M1
29-78,L7 M1 L19 M2
29-79,L7 M1 L19 M3
29-80,L7 M1 L20 M0
29-81,L7 M1 L20 M1
29-82,L7 M1 L20 M2
29-83,L7 M1 L20 M3
29-84,L7 M1 L21 M0
29-85,L7 M1 L21 M1
29-86,L7 M1 L21 M2
29-87,L7 M1 L21 M3
29-88,L7 M1 L22 M0
29-89,L7 M1 L22 M1
29-90,L7 M1 L22 M2
29-91,L7 M1 L22 M3
29-92,L7 M1 L23 M0
29-93,L7 M1 L23 M1
29-94,L7 M1 L23 M2
29-95,L7 M1 L23 M3
29-96,L7 M1 L24 M0
29-97,L7 M1 L24 M1
29-98,L7 M1 L24 M2
29-99,L7 M1 L24 M3
29-100,L7 M1 L25 M0
29-101,L7 M1 L25 M1
29-102,L7 M1 L25 M2
29-103,L7 T1
29-104,L7 M1 L26 M0
29-105,L7 M1 L26 M1
29-106,L7 M1 L26 M2
29-107,L7 M1 L26 M3
29-108,L7 M1 L27 M0
29-109,L7 M1 L27 M1
29-110,L7 M1 L27 M2
29-111,L7 M1 L27 M3
29-112,L7 M1 L28 M0
29-113,L7 M1 L28 M1
29-114,L7 M1 L28 M2
29-115,L7 M1 L28
30-0,L7 M2 H0
30-1,L7 M2 H1
30-2,L7 M2 H2
30-3,L7 M2 H3
30-4,L7 M2 L1 M0
30-5,L7 M2 L1 M1
30-6,L7 M2 L1 M2
30-7,L7 M2 L1 M3
30-8,L7 M2 L2 M0
30-9,L7 M2 L2 M1
30-10,L7 M2 L2 M2
30-11,L7 M2 L2 M3
30-12,L7 M2 L3 M0
30-13,L7 M2 L3 M1
30-14,L7 M2 L3 M2
30-15,L7 M2 L3 M3
30-16,L7 M2 L4 M0
30-17,L7 M2 L4 M1
30-18,L7 M2 L4 M2
30-19,L7 M2 L4 M3
30-20,L7 M2 L5 M0
30-21,L7 M2 L5 M1
30-22,L7 M2 L5 M2
30-23,L7 M2 L5 M3
30-24,L7 M2 L6 M0
30-25,L7 M2 L6 M1
30-26,L7 M2 L6 M2
30-27,L7 M2 L6 M3
30-28,L7 M2 L7 M0
30-29,L7 M2 L7 M1
30-30,L7 M2 L7 M2
30-31,L7 M2 L7 M3
30-32,L7 M2 L8 M0
30-33,L7 M2 L8 M1
30-34,L7 M2 L8 M2
30-35,L7 M2 L8 M3
30-36,L7 M2 L9 M0
30-37,L7 M2 L9 M1
30-38,L7 M2 L9 M2
30-39,L7 M2 L9 M3
30-40,L7 M2 L10 M0
30-41,L7 M2 L10 M1
30-42,L7 M2 L10 M2
30-43,L7 M2 L10 M3
30-44,L7 M2 L11 M0
30-45,L7 M2 L11 M1
30-46,L7 M2 L11 M2
30-47,L7 M2 L11 M3
30-48,L7 M2 L12 M0
30-49,L7 M2 L12 M1
30-50,L7 M2 L12 M2
30-51,L7 M2 L12 M3
30-52,L7 M2 L13 M0
30-53,L7 M2 L13 M1
30-54,L7 M2 L13 M2
30-55,L7 M2 L13 M3
30-56,L7 M2 L14 M0
30-57,L7 M2 L14 M1
30-58,L7 M2 L14 M2
30-59,L7 M2 L14 M3
30-60,L7 M2 L15 M0
30-61,L7 M2 L15 M1
30-62,L7 M2 L15 M2
30-63,L7 M2 L15 M3
30-64,L7 M2 L16 M0
30-65,L7 M2 L16 M1
30-66,L7 M2 L16 M2
30-67,L7 M2 L16 M3
30-68,L7 M2 L17 M0
30-69,L7 M2 L17 M1
30-70,L7 M2 L17 M2
30-71,L7 M2 L17 M3
30-72,L7 M2 L18 M0
30-73,L7 M2 L18 M1
30-74,L7 M2 L18 M2
30-75,L7 M2 L18 M3
30-76,L7 M2 L19 M0
30-77,L7 M2 L19 M1
30-78,L7 M2 L19 M2
30-79,L7 M2 L19 M3
30-80,L7 M2 L20 M0
30-81,L7 M2 L20 M1
30-82,L7 M2 L20 M2
30-83,L7 M2 L20 M3
30-84,L7 M2 L21 M0
30-85,L7 M2 L21 M1
30-86,L7 M2 L21 M2
30-87,L7 M2 L21 M3
30-88,L7 M2 L22 M0
30-89,L7 M2 L22 M1
30-90,L7 M2 L22 M2
30-91,L7 M2 L22 M3
30-92,L7 M2 L23 M0
30-93,L7 M2 L23 M1
30-94,L7 M2 L23 M2
30-95,L7 M2 L23 M3
30-96,L7 M2 L24 M0
30-97,L7 M2 L24 M1
30-98,L7 M2 L24 M2
30-99,L7 M2 L24 M3
30-100,L7 M2 L25 M0
30-101,L7 M2 L25 M1
30-102,L7 M2 L25 M2
30-103,L7 T2
30-104,L7 M2 L26 M0
30-105,L7 M2 L26 M1
30-106,L7 M2 L26 M2
30-107,L7 M2 L26 M3
30-108,L7 M2 L27 M0
30-109,L7 M2 L27 M1
30-110,L7 M2 L27 M2
30-111,L7 M2 L27
30-112,L7 M2 L28 M0
30-113,L7 M2 L28 M1
30-114,L7 M2 L28 M2
30-115,L7 M2 L28 M3
31-0,L7 M3 H0
31-1,L7 M3 H1
31-2,L7 M3 H2
31-3,L7 M3 H3
31-4,L7 M3 L1 M0
31-5,L7 M3 L1 M1
31-6,L7 M3 L1 M2
31-7,L7 M3 L1 M3
31-8,L7 M3 L2 M0
31-9,L7 M3 L2 M1
31-10,L7 M3 L2 M2
31-11,L7 M3 L2 M3
31-12,L7 M3 L3 M0
31-13,L7 M3 L3 M1
31-14,L7 M3 L3 M2
31-15,L7 M3 L3 M3
31-16,L7 M3 L4 M0
31-17,L7 M3 L4 M1
31-18,L7 M3 L4 M2
31-19,L7 M3 L4 M3
31-20,L7 M3 L5 M0
31-21,L7 M3 L5 M1
31-22,L7 M3 L5 M2
31-23,L7 M3 L5 M3
31-24,L7 M3 L6 M0
31-25,L7 M3 L6 M1
31-26,L7 M3 L6 M2
31-27,L7 M3 L6 M3
31-28,L7 M3 L7 M0
31-29,L7 M3 L7 M1
31-30,L7 M3 L7 M2
31-31,L7 M3 L7 M3
31-32,L7 M3 L8 M0
31-33,L7 M3 L8 M1
31-34,L7 M3 L8 M2
31-35,L7 M3 L8 M3
31-36,L7 M3 L9 M0
31-37,L7 M3 L9 M1
31-38,L7 M3 L9 M2
31-39,L7 M3 L9 M3
31-40,L7 M3 L10 M0
31-41,L7 M3 L10 M1
31-42,L7 M3 L10 M2
31-43,L7 M3 L10 M3
31-44,L7 M3 L11 M0
31-45,L7 M3 L11 M1
31-46,L7 M3 L11 M2
31-47,L7 M3 L11 M3
31-48,L7 M3 L12 M0
31-49,L7 M3 L12 M1
31-50,L7 M3 L12 M2
31-51,L7 M3 L12 M3
31-52,L7 M3 L13 M0
31-53,L7 M3 L13 M1
31-54,L7 M3 L13 M2
31-55,L7 M3 L13 M3
31-56,L7 M3 L14 M0
31-57,L7 M3 L14 M1
31-58,L7 M3 L14 M2
31-59,L7 M3 L14 M3
31-60,L7 M3 L15 M0
31-61,L7 M3 L15 M1
31-62,L7 M3 L15 M2
31-63,L7 M3 L15 M3
31-64,L7 M3 L16 M0
31-65,L7 M3 L16 M1
31-66,L7 M3 L16 M2
31-67,L7 M3 L16 M3
31-68,L7 M3 L17 M0
31-69,L7 M3 L17 M1
31-70,L7 M3 L17 M2
31-71,L7 M3 L17 M3
31-72,L7 M3 L18 M0
31-73,L7 M3 L18 M1
31-74,L7 M3 L18 M2
31-75,L7 M3 L18 M3
31-76,L7 M3 L19 M0
31-77,L7 M3 L19 M1
31-78,L7 M3 L19 M2
31-79,L7 M3 L19 M3
31-80,L7 M3 L20 M0
31-81,L7 M3 L20 M1
31-82,L7 M3 L20 M2
31-83,L7 M3 L20 M3
31-84,L7 M3 L21 M0
31-85,L7 M3 L21 M1
31-86,L7 M3 L21 M2
31-87,L7 M3 L21 M3
31-88,L7 M3 L22 M0
31-89,L7 M3 L22 M1
31-90,L7 M3 L22 M2
31-91,L7 M3 L22 M3
31-92,L7 M3 L23 M0
31-93,L7 M3 L23 M1
31-94,L7 M3 L23 M2
31-95,L7 M3 L23 M3
31-96,L7 M3 L24 M0
31-97,L7 M3 L24 M1
31-98,L7 M3 L24 M2
31-99,L7 M3 L24 M3
31-100,L7 M3 L25 M0
31-101,L7 M3 L25 M1
31-102,L7 M3 L25 M2
31-103,L7 M3 L25 M3
31-104,L7 M3 L26 M0
31-105,L7 M3 L26 M1
31-106,L7 M3 L26 M2
31-107,L7 M3 L26 M3
31-108,L7 M3 L27 M0
31-109,L7 M3 L27 M1
31-110,L7 M3 L27 M2
31-111,L7 M3 L27 M3
31-112,L7 M3 L28 M0
31-113,L7 M3 L28 M1
31-114,L7 M3 L28 M2
31-115,L7 M3 L28 M3
32-0,L8 M0 H0
32-1,L8 M0 H1
32-2,L8 M0 H2
32-3,L8 M0 H3
32-4,L8 M0 L1 M0
32-5,L8 M0 L1 M1
32-6,L8 M0 L1 M2
32-7,L8 M0 L1 M3
32-8,L8 M0 L2 M0
32-9,L8 M0 L2 M1
32-10,L8 M0 L2 M2
32-11,L8 M0 L2 M3
32-12,L8 M0 L3 M0
32-13,L8 M0 L3 M1
32-14,L8 M0 L3 M2
32-15,L8 M0 L3 M3
32-16,L8 M0 L4 M0
32-17,L8 M0 L4 M1
32-18,L8 M0 L4 M2
32-19,L8 M0 L4 M3
32-20,L8 M0 L5 M0
32-21,L8 M0 L5 M1
32-22,L8 M0 L5 M2
32-23,L8 M0 L5 M3
32-24,L8 M0 L6 M0
32-25,L8 M0 L6 M1
32-26,L8 M0 L6 M2
32-27,L8 M0 L6 M3
32-28,L8 M0 L7 M0
32-29,L8 M0 L7 M1
32-30,L8 M0 L7 M2
32-31,L8 M0 L7 M3
32-32,L8 M0 L8 M0
32-33,L8 M0 L8 M1
32-34,L8 M0 L8 M2
32-35,L8 M0 L8 M3
32-36,L8 M0 L9 M0
32-37,L8 M0 L9 M1
32-38,L8 M0 L9 M2
32-39,L8 M0 L9 M3
32-40,L8 M0 L10 M0
32-41,L8 M0 L10 M1
32-42,L8 M0 L10 M2
32-43,L8 M0 L10 M3
32-44,L8 M0 L11 M0
32-45,L8 M0 L11 M1
32-46,L8 M0 L11 M2
32-47,L8 M0 L11 M3
32-48,L8 M0 L12 M0
32-49,L8 M0 L12 M1
32-50,L8 M0 L12 M2
32-51,L8 M0 L12 M3
32-52,L8 M0 L13 M0
32-53,L8 M0 L13 M1
32-54,L8 M0 L13 M2
32-55,L8 M0 L13 M3
32-56,L8 M0 L14 M0
32-57,L8 M0 L14 M1
32-58,L8 M0 L14 M2
32-59,L8 M0 L14 M3
32-60,L8 M0 L15 M0
32-61,L8 M0 L15 M1
32-62,L8 M0 L15 M2
32-63,L8 M0 L15 M3
32-64,L8 M0 L16 M0
32-65,L8 M0 L16 M1
32-66,L8 M0 L16 M2
32-67,L8 M0 L16 M3
32-68,L8 M0 L17 M0
32-69,L8 M0 L17 M1
32-70,L8 M0 L17 M2
32-71,L8 M0 L17 M3
32-72,L8 M0 L18 M0
32-73,L8 M0 L18 M1
32-74,L8 M0 L18 M2
32-75,L8 M0 L18 M3
32-76,L8 M0 L19 M0
32-77,L8 M0 L19 M1
32-78,L8 M0 L19 M2
32-79,L8 M0 L19 M3
32-80,L8 M0 L20 M0
32-81,L8 M0 L20 M1
32-82,L8 M0 L20 M2
32-83,L8 M0 L20 M3
32-84,L8 M0 L21 M0
32-85,L8 M0 L21 M1
32-86,L8 M0 L21 M2
32-87,L8 M0 L21 M3
32-88,L8 M0 L22 M0
32-89,L8 M0 L22 M1
32-90,L8 M0 L22 M2
32-91,L8 M0 L22 M3
32-92,L8 M0 L23 M0
32-93,L8 M0 L23 M1
32-94,L8 M0 L23 M2
32-95,L8 M0 L23 M3
32-96,L8 M0 L24 M0
32-97,L8 M0 L24 M1
32-98,L8 M0 L24 M2
32-99,L8 M0 L24 M3
32-100,L8 M0 L25 M0
32-101,L8 M0 L25 M1
32-102,L8 M0 L25 M2
32-103,L8 T0
32-104,L8 M0 L26 M0
32-105,L8 M0 L26 M1
32-106,L8 M0 L26 M2
32-107,L8 M0 L26 M3
32-108,L8 M0 L27 M0
32-109,L8 M0 L27 M1
32-110,L8 M0 L27 M2
32-111,L8 M0 L27 M3
32-112,L8 M0 L28 M0
32-113,L8 M0 L28 M1
32-114,L8 M0 L28 M2
32-115,L8 M0 L28 M3
33-0,L8 M1 H0
33-1,L8 M1 H1
33-2,L8 M1 H2
33-3,L8 M1 H3
33-4,L8 M1 L1 M0
33-5,L8 M1 L1 M1
33-6,L8 M1 L1 M2
33-7,L8 M1 L1 M3
33-8,L8 M1 L2 M0
33-9,L8 M1 L2 M1
33-10,L8 M1 L2 M2
33-11,L8 M1 L2 M3
33-12,L8 M1 L3 M0
33-13,L8 M1 L3 M1
33-14,L8 M1 L3 M2
33-15,L8 M1 L3 M3
33-16,L8 M1 L4 M0
33-17,L8 M1 L4 M1
33-18,L8 M1 L4 M2
33-19,L8 M1 L4 M3
33-20,L8 M1 L5 M0
33-21,L8 M1 L5 M1
33-22,L8 M1 L5 M2
33-23,L8 M1 L5 M3
33-24,L8 M1 L6 M0
33-25,L8 M1 L6 M1
33-26,L8 M1 L6 M2
33-27,L8 M1 L6 M3
33-28,L8 M1 L7 M0
33-29,L8 M1 L7 M1
33-30,L8 M1 L7 M2
33-31,L8 M1 L7 M3
33-32,L8 M1 L8 M0
33-33,L8 M1 L8 M1
33-34,L8 M1 L8 M2
33-35,L8 M1 L8 M3
33-36,L8 M1 L9 M0
33-37,L8 M1 L9 M1
33-38,L8 M1 L9 M2
33-39,L8 M1 L9 M3
33-40,L8 M1 L10 M0
33-41,L8 M1 L10 M1
33-42,L8 M1 L10 M2
33-43,L8 M1 L10 M3
33-44,L8 M1 L11 M0
33-45,L8 M1 L11 M1
33-46,L8 M1 L11 M2
33-47,L8 M1 L11 M3
33-48,L8 M1 L12 M0
33-49,L8 M1 L12 M1
33-50,L8 M1 L12 M2
33-51,L8 M1 L12 M3
33-52,L8 M1 L13 M0
33-53,L8 M1 L13 M1
33-54,L8 M1 L13 M2
33-55,L8 M1 L13 M3
33-56,L8 M1 L14 M0
33-57,L8 M1 L14 M1
33-58,L8 M1 L14 M2
33-59,L8 M1 L14 M3
33-60,L8 M1 L15 M0
33-61,L8 M1 L15 M1
33-62,L8 M1 L15 M2
33-63,L8 M1 L15 M3
33-64,L8 M1 L16 M0
33-65,L8 M1 L16 M1
33-66,L8 M1 L16 M2
33-67,L8 M1 L16 M3
33-68,L8 M1 L17 M0
33-69,L8 M1 L17 M1
33-70,L8 M1 L17 M2
33-71,L8 M1 L17 M3
33-72,L8 M1 L18 M0
33-73,L8 M1 L18 M1
33-74,L8 M1 L18 M2
33-75,L8 M1 L18 M3
33-76,L8 M1 L19 M0
33-77,L8 M1 L19 M1
33-78,L8 M1 L19 M2
33-79,L8 M1 L19 M3
33-80,L8 M1 L20 M0
33-81,L8 M1 L20 M1
33-82,L8 M1 L20 M2
33-83,L8 M1 L20 M3
33-84,L8 M1 L21 M0
33-85,L8 M1 L21 M1
33-86,L8 M1 L21 M2
33-87,L8 M1 L21 M3
33-88,L8 M1 L22 M0
33-89,L8 M1 L22 M1
33-90,L8 M1 L22 M2
33-91,L8 M1 L22 M3
33-92,L8 M1 L23 M0
33-93,L8 M1 L23 M1
33-94,L8 M1 L23 M2
33-95,L8 M1 L23 M3
33-96,L8 M1 L24 M0
33-97,L8 M1 L24 M1
33-98,L8 M1 L24 M2
33-99,L8 M1 L24 M3
33-100,L8 M1 L25 M0
33-101,L8 M1 L25 M1
33-102,L8 M1 L25 M2
33-103,L8 T1
33-104,L8 M1 L26 M0
33-105,L8 M1 L26 M1
33-106,L8 M1 L26 M2
33-107,L8 M1 L26 M3
33-108,L8 M1 L27 M0
33-109,L8 M1 L27 M1
33-110,L8 M1 L27 M2
33-111,L8 M1 L27 M3
33-112,L8 M1 L28 M0
33-113,L8 M1 L28 M1
33-114,L8 M1 L28 M2
33-115,L8 M1 L28
34-0,L8 M2 H0
34-1,L8 M2 H1
34-2,L8 M2 H2
34-3,L8 M2 H3
34-4,L8 M2 L1 M0
34-5,L8 M2 L1 M1
34-6,L8 M2 L1 M2
34-7,L8 M2 L1 M3
34-8,L8 M2 L2 M0
34-9,L8 M2 L2 M1
34-10,L8 M2 L2 M2
34-11,L8 M2 L2 M3
34-12,L8 M2 L3 M0
34-13,L8 M2 L3 M1
34-14,L8 M2 L3 M2
34-15,L8 M2 L3 M3
34-16,L8 M2 L4 M0
34-17,L8 M2 L4 M1
34-18,L8 M2 L4 M2
34-19,L8 M2 L4 M3
34-20,L8 M2 L5 M0
34-21,L8 M2 L5 M1
34-22,L8 M2 L5 M2
34-23,L8 M2 L5 M3
34-24,L8 M2 L6 M0
34-25,L8 M2 L6 M1
34-26,L8 M2 L6 M2
34-27,L8 M2 L6 M3
34-28,L8 M2 L7 M0
34-29,L8 M2 L7 M1
34-30,L8 M2 L7 M2
34-31,L8 M2 L7 M3
34-32,L8 M2 L8 M0
34-33,L8 M2 L8 M1
34-34,L8 M2 L8 M2
34-35,L8 M2 L8 M3
34-36,L8 M2 L9 M0
34-37,L8 M2 L9 M1
34-38,L8 M2 L9 M2
34-39,L8 M2 L9 M3
34-40,L8 M2 L10 M0
34-41,L8 M2 L10 M1
34-42,L8 M2 L10 M2
34-43,L8 M2 L10 M3
34-44,L8 M2 L11 M0
34-45,L8 M2 L11 M1
34-46,L8 M2 L11 M2
34-47,L8 M2 L11 M3
34-48,L8 M2 L12 M0
34-49,L8 M2 L12 M1
34-50,L8 M2 L12 M2
34-51,L8 M2 L12 M3
34-52,L8 M2 L13 M0
34-53,L8 M2 L13 M1
34-54,L8 M2 L13 M2
34-55,L8 M2 L13 M3
34-56,L8 M2 L14 M0
34-57,L8 M2 L14 M1
34-58,L8 M2 L14 M2
34-59,L8 M2 L14 M3
34-60,L8 M2 L15 M0
34-61,L8 M2 L15 M1
34-62,L8 M2 L15 M2
34-63,L8 M2 L15 M3
34-64,L8 M2 L16 M0
34-65,L8 M2 L16 M1
34-66,L8 M2 L16 M2
34-67,L8 M2 L16 M3
34-68,L8 M2 L17 M0
34-69,L8 M2 L17 M1
34-70,L8 M2 L17 M2
34-71,L8 M2 L17 M3
34-72,L8 M2 L18 M0
34-73,L8 M2 L18 M1
34-74,L8 M2 L18 M2
34-75,L8 M2 L18 M3
34-76,L8 M2 L19 M0
34-77,L8 M2 L19 M1
34-78,L8 M2 L19 M2
34-79,L8 M2 L19 M3
34-80,L8 M2 L20 M0
34-81,L8 M2 L20 M1
34-82,L8 M2 L20 M2
34-83,L8 M2 L20 M3
34-84,L8 M2 L21 M0
34-85,L8 M2 L21 M1
34-86,L8 M2 L21 M2
34-87,L8 M2 L21 M3
34-88,L8 M2 L22 M0
34-89,L8 M2 L22 M1
34-90,L8 M2 L22 M2
34-91,L8 M2 L22 M3
34-92,L8 M2 L23 M0
34-93,L8 M2 L23 M1
34-94,L8 M2 L23 M2
34-95,L8 M2 L23 M3
34-96,L8 M2 L24 M0
34-97,L8 M2 L24 M1
34-98,L8 M2 L24 M2
34-99,L8 M2 L24 M3
34-100,L8 M2 L25 M0
34-101,L8 M2 L25 M1
34-102,L8 M2 L25 M2
34-103,L8 T2
34-104,L8 M2 L26 M0
34-105,L8 M2 L26 M1
34-106,L8 M2 L26 M2
34-107,L8 M2 L26 M3
34-108,L8 M2 L27 M0
34-109,L8 M2 L27 M1
34-110,L8 M2 L27 M2
34-111,L8 M2 L27
34-112,L8 M2 L28 M0
34-113,L8 M2 L28 M1
34-114,L8 M2 L28 M2
34-115,L8 M2 L28 M3
35-0,L8 M3 H0
35-1,L8 M3 H1
35-2,L8 M3 H2
35-3,L8 M3 H3
35-4,L8 M3 L1 M0
35-5,L8 M3 L1 M1
35-6,L8 M3 L1 M2
35-7,L8 M3 L1 M3
35-8,L8 M3 L2 M0
35-9,L8 M3 L2 M1
35-10,L8 M3 L2 M2
35-11,L8 M3 L2 M3
35-12,L8 M3 L3 M0
35-13,L8 M3 L3 M1
35-14,L8 M3 L3 M2
35-15,L8 M3 L3 M3
35-16,L8 M3 L4 M0
35-17,L8 M3 L4 M1
35-18,L8 M3 L4 M2
35-19,L8 M3 L4 M3
35-20,L8 M3 L5 M0
35-21,L8 M3 L5 M1
35-22,L8 M3 L5 M2
35-23,L8 M3 L5 M3
35-24,L8 M3 L6 M0
35-25,L8 M3 L6 M1
35-26,L8 M3 L6 M2
35-27,L8 M3 L6 M3
35-28,L8 M3 L7 M0
35-29,L8 M3 L7 M1
35-30,L8 M3 L7 M2
35-31,L8 M3 L7 M3
35-32,L8 M3 L8 M0
35-33,L8 M3 L8 M1
35-34,L8 M3 L8 M2
35-35,L8 M3 L8 M3
35-36,L8 M3 L9 M0
35-37,L8 M3 L9 M1
35-38,L8 M3 L9 M2
35-39,L8 M3 L9 M3
35-40,L8 M3 L10 M0
35-41,L8 M3 L10 M1
35-42,L8 M3 L10 M2
35-43,L8 M3 L10 M3
35-44,L8 M3 L11 M0
35-45,L8 M3 L11 M1
35-46,L8 M3 L11 M2
35-47,L8 M3 L11 M3
35-48,L8 M3 L12 M0
35-49,L8 M3 L12 M1
35-50,L8 M3 L12 M2
35-51,L8 M3 L12 M3
35-52,L8 M3 L13 M0
35-53,L8 M3 L13 M1
35-54,L8 M3 L13 M2
35-55,L8 M3 L13 M3
35-56,L8 M3 L14 M0
35-57,L8 M3 L14 M1
35-58,L8 M3 L14 M2
35-59,L8 M3 L14 M3
35-60,L8 M3 L15 M0
35-61,L8 M3 L15 M1
35-62,L8 M3 L15 M2
35-63,L8 M3 L15 M3
35-64,L8 M3 L16 M0
35-65,L8 M3 L16 M1
35-66,L8 M3 L16 M2
35-67,L8 M3 L16 M3
35-68,L8 M3 L17 M0
35-69,L8 M3 L17 M1
35-70,L8 M3 L17 M2
35-71,L8 M3 L17 M3
35-72,L8 M3 L18 M0
35-73,L8 M3 L18 M1
35-74,L8 M3 L18 M2
35-75,L8 M3 L18 M3
35-76,L8 M3 L19 M0
35-77,L8 M3 L19 M1
35-78,L8 M3 L19 M2
35-79,L8 M3 L19 M3
35-80,L8 M3 L20 M0
35-81,L8 M3 L20 M1
35-82,L8 M3 L20 M2
35-83,L8 M3 L20 M3
35-84,L8 M3 L21 M0
35-85,L8 M3 L21 M1
35-86,L8 M3 L21 M2
35-87,L8 M3 L21 M3
35-88,L8 M3 L22 M0
35-89,L8 M3 L22 M1
35-90,L8 M3 L22 M2
35-91,L8 M3 L22 M3
35-92,L8 M3 L23 M0
35-93,L8 M3 L23 M1
35-94,L8 M3 L23 M2
35-95,L8 M3 L23 M3
35-96,L8 M3 L24 M0
35-97,L8 M3 L24 M1
35-98,L8 M3 L24 M2
35-99,L8 M3 L24 M3
35-100,L8 M3 L25 M0
35-101,L8 M3 L25 M1
35-102,L8 M3 L25 M2
35-103,L8 M3 L25 M3
35-104,L8 M3 L26 M0
35-105,L8 M3 L26 M1
35-106,L8 M3 L26 M2
35-107,L8 M3 L26 M3
35-108,L8 M3 L27 M0
35-109,L8 M3 L27 M1
35-110,L8 M3 L27 M2
35-111,L8 M3 L27 M3
35-112,L8 M3 L28 M0
35-113,L8 M3 L28 M1
35-114,L8 M3 L28 M2
35-115,L8 M3 L28 M3
36-0,L9 M0 H0
36-1,L9 M0 H1
36-2,L9 M0 H2
36-3,L9 M0 H3
36-4,L9 M0 L1 M0
36-5,L9 M0 L1 M1
36-6,L9 M0 L1 M2
36-7,L9 M0 L1 M3
36-8,L9 M0 L2 M0
36-9,L9 M0 L2 M1
36-10,L9 M0 L2 M2
36-11,L9 M0 L2 M3
36-12,L9 M0 L3 M0
36-13,L9 M0 L3 M1
36-14,L9 M0 L3 M2
36-15,L9 M0 L3 M3
36-16,L9 M0 L4 M0
36-17,L9 M0 L4 M1
36-18,L9 M0 L4 M2
36-19,L9 M0 L4 M3
36-20,L9 M0 L5 M0
36-21,L9 M0 L5 M1
36-22,L9 M0 L5 M2
36-23,L9 M0 L5 M3
36-24,L9 M0 L6 M0
36-25,L9 M0 L6 M1
36-26,L9 M0 L6 M2
36-27,L9 M0 L6 M3
36-28,L9 M0 L7 M0
36-29,L9 M0 L7 M1
36-30,L9 M0 L7 M2
36-31,L9 M0 L7 M3
36-32,L9 M0 L8 M0
36-33,L9 M0 L8 M1
36-34,L9 M0 L8 M2
36-35,L9 M0 L8 M3
36-36,L9 M0 L9 M0
36-37,L9 M0 L9 M1
36-38,L9 M0 L9 M2
36-39,L9 M0 L9 M3
36-40,L9 M0 L10 M0
36-41,L9 M0 L10 M1
36-42,L9 M0 L10 M2
36-43,L9 M0 L10 M3
36-44,L9 M0 L11 M0
36-45,L9 M0 L11 M1
36-46,L9 M0 L11 M2
36-47,L9 M0 L11 M3
36-48,L9 M0 L12 M0
36-49,L9 M0 L12 M1
36-50,L9 M0 L12 M2
36-51,L9 M0 L12 M3
36-52,L9 M0 L13 M0
36-53,L9 M0 L13 M1
36-54,L9 M0 L13 M2
36-55,L9 M0 L13 M3
36-56,L9 M0 L14 M0
36-57,L9 M0 L14 M1
36-58,L9 M0 L14 M2
36-59,L9 M0 L14 M3
36-60,L9 M0 L15 M0
36-61,L9 M0 L15 M1
36-62,L9 M0 L15 M2
36-63,L9 M0 L15 M3
36-64,L9 M0 L16 M0
36-65,L9 M0 L16 M1
36-66,L9 M0 L16 M2
36-67,L9 M0 L16 M3
36-68,L9 M0 L17 M0
36-69,L9 M0 L17 M1
36-70,L9 M0 L17 M2
36-71,L9 M0 L17 M3
36-72,L9 M0 L18 M0
36-73,L9 M0 L18 M1
36-74,L9 M0 L18 M2
36-75,L9 M0 L18 M3
36-76,L9 M0 L19 M0
36-77,L9 M0 L19 M1
36-78,L9 M0 L19 M2
36-79,L9 M0 L19 M3
36-80,L9 M0 L20 M0
36-81,L9 M0 L20 M1
36-82,L9 M0 L20 M2
36-83,L9 M0 L20 M3
36-84,L9 M0 L21 M0
36-85,L9 M0 L21 M1
36-86,L9 M0 L21 M2
36-87,L9 M0 L21 M3
36-88,L9 M0 L22 M0
36-89,L9 M0 L22 M1
36-90,L9 M0 L22 M2
36-91,L9 M0 L22 M3
36-92,L9 M0 L23 M0
36-93,L9 M0 L23 M1
36-94,L9 M0 L23 M2
36-95,L9 M0 L23 M3
36-96,L9 M0 L24 M0
36-97,L9 M0 L24 M1
36-98,L9 M0 L24 M2
36-99,L9 M0 L24 M3
36-100,L9 M0 L25 M0
36-101,L9 M0 L25 M1
36-102,L9 M0 L25 M2
36-103,L9 T0
36-104,L9 M0 L26 M0
36-105,L9 M0 L26 M1
36-106,L9 M0 L26 M2
36-107,L9 M0 L26 M3
36-108,L9 M0 L27 M0
36-109,L9 M0 L27 M1
36-110,L9 M0 L27 M2
36-111,L9 M0 L27 M3
36-112,L9 M0 L28 M0
36-113,L9 M0 L28 M1
36-114,L9 M0 L28 M2
36-115,L9 M0 L28 M3
37-0,L9 M1 H0
37-1,L9 M1 H1
37-2,L9 M1 H2
37-3,L9 M1 H3
37-4,L9 M1 L1 M0
37-5,L9 M1 L1 M1
37-6,L9 M1 L1 M2
37-7,L9 M1 L1 M3
37-8,L9 M1 L2 M0
37-9,L9 M1 L2 M1
37-10,L9 M1 L2 M2
37-11,L9 M1 L2 M3
37-12,L9 M1 L3 M0
37-13,L9 M1 L3 M1
37-14,L9 M1 L3 M2
37-15,L9 M1 L3 M3
37-16,L9 M1 L4 M0
37-17,L9 M1 L4 M1
37-18,L9 M1 L4 M2
37-19,L9 M1 L4 M3
37-20,L9 M1 L5 M0
37-21,L9 M1 L5 M1
37-22,L9 M1 L5 M2
37-23,L9 M1 L5 M3
37-24,L9 M1 L6 M0
37-25,L9 M1 L6 M1
37-26,L9 M1 L6 M2
37-27,L9 M1 L6 M3
37-28,L9 M1 L7 M0
37-29,L9 M1 L7 M1
37-30,L9 M1 L7 M2
37-31,L9 M1 L7 M3
37-32,L9 M1 L8 M0
37-33,L9 M1 L8 M1
37-34,L9 M1 L8 M2
37-35,L9 M1 L8 M3
37-36,L9 M1 L9 M0
37-37,L9 M1 L9 M1
37-38,L9 M1 L9 M2
37-39,L9 M1 L9 M3
37-40,L9 M1 L10 M0
37-41,L9 M1 L10 M1
37-42,L9 M1 L10 M2
37-43,L9 M1 L10 M3
37-44,L9 M1 L11 M0
37-45,L9 M1 L11 M1
37-46,L9 M1 L11 M2
37-47,L9 M1 L11 M3
37-48,L9 M1 L12 M0
37-49,L9 M1 L12 M1
37-50,L9 M1 L12 M2
37-51,L9 M1 L12 M3
37-52,L9 M1 L13 M0
37-53,L9 M1 L13 M1
37-54,L9 M1 L13 M2
37-55,L9 M1 L13 M3
37-56,L9 M1 L14 M0
37-57,L9 M1 L14 M1
37-58,L9 M1 L14 M2
37-59,L9 M1 L14 M3
37-60,L9 M1 L15 M0
37-61,L9 M1 L15 M1
37-62,L9 M1 L15 M2
37-63,L9 M1 L15 M3
37-64,L9 M1 L16 M0
37-65,L9 M1 L16 M1
37-66,L9 M1 L16 M2
37-67,L9 M1 L16 M3
37-68,L9 M1 L17 M0
37-69,L9 M1 L17 M1
37-70,L9 M1 L17 M2
37-71,L9 M1 L17 M3
37-72,L9 M1 L18 M0
37-73,L9 M1 L18 M1
37-74,L9 M1 L18 M2
37-75,L9 M1 L18 M3
37-76,L9 M1 L19 M0
37-77,L9 M1 L19 M1
37-78,L9 M1 L19 M2
37-79,L9 M1 L19 M3
37-80,L9 M1 L20 M0
37-81,L9 M1 L20 M1
37-82,L9 M1 L20 M2
37-83,L9 M1 L20 M3
37-84,L9 M1 L21 M0
37-85,L9 M1 L21 M1
37-86,L9 M1 L21 M2
37-87,L9 M1 L21 M3
37-88,L9 M1 L22 M0
37-89,L9 M1 L22 M1
37-90,L9 M1 L22 M2
37-91,L9 M1 L22 M3
37-92,L9 M1 L23 M0
37-93,L9 M1 L23 M1
37-94,L9 M1 L23 M2
37-95,L9 M1 L23 M3
37-96,L9 M1 L24 M0
37-97,L9 M1 L24 M1
37-98,L9 M1 L24 M2
37-99,L9 M1 L24 M3
37-100,L9 M1 L25 M0
37-101,L9 M1 L25 M1
37-102,L9 M1 L25 M2
37-103,L9 T1
37-104,L9 M1 L26 M0
37-105,L9 M1 L26 M1
37-106,L9 M1 L26 M2
37-107,L9 M1 L26 M3
37-108,L9 M1 L27 M0
37-109,L9 M1 L27 M1
37-110,L9 M1 L27 M2
37-111,L9 M1 L27 M3
37-112,L9 M1 L28 M0
37-113,L9 M1 L28 M1
37-114,L9 M1 L28 M2
37-115,L9 M1 L28
38-0,L9 M2 H0
38-1,L9 M2 H1
38-2,L9 M2 H2
38-3,L9 M2 H3
38-4,L9 M2 L1 M0
38-5,L9 M2 L1 M1
38-6,L9 M2 L1 M2
38-7,L9 M2 L1 M3
38-8,L9 M2 L2 M0
38-9,L9 M2 L2 M1
38-10,L9 M2 L2 M2
38-11,L9 M2 L2 M3
38-12,L9 M2 L3 M0
38-13,L9 M2 L3 M1
38-14,L9 M2 L3 M2
38-15,L9 M2 L3 M3
38-16,L9 M2 L4 M0
38-17,L9 M2 L4 M1
38-18,L9 M2 L4 M2
38-19,L9 M2 L4 M3
38-20,L9 M2 L5 M0
38-21,L9 M2 L5 M1
38-22,L9 M2 L5 M2
38-23,L9 M2 L5 M3
38-24,L9 M2 L6 M0
38-25,L9 M2 L6 M1
38-26,L9 M2 L6 M2
38-27,L9 M2 L6 M3
38-28,L9 M2 L7 M0
38-29,L9 M2 L7 M1
38-30,L9 M2 L7 M2
38-31,L9 M2 L7 M3
38-32,L9 M2 L8 M0
38-33,L9 M2 L8 M1
38-34,L9 M2 L8 M2
38-35,L9 M2 L8 M3
38-36,L9 M2 L9 M0
38-37,L9 M2 L9 M1
38-38,L9 M2 L9 M2
38-39,L9 M2 L9 M3
38-40,L9 M2 L10 M0
38-41,L9 M2 L10 M1
38-42,L9 M2 L10 M2
38-43,L9 M2 L10 M3
38-44,L9 M2 L11 M0
38-45,L9 M2 L11 M1
38-46,L9 M2 L11 M2
38-47,L9 M2 L11 M3
38-48,L9 M2 L12 M0
38-49,L9 M2 L12 M1
38-50,L9 M2 L12 M2
38-51,L9 M2 L12 M3
38-52,L9 M2 L13 M0
38-53,L9 M2 L13 M1
38-54,L9 M2 L13 M2
38-55,L9 M2 L13 M3
38-56,L9 M2 L14 M0
38-57,L9 M2 L14 M1
38-58,L9 M2 L14 M2
38-59,L9 M2 L14 M3
38-60,L9 M2 L15 M0
38-61,L9 M2 L15 M1
38-62,L9 M2 L15 M2
38-63,L9 M2 L15 M3
38-64,L9 M2 L16 M0
38-65,L9 M2 L16 M1
38-66,L9 M2 L16 M2
38-67,L9 M2 L16 M3
38-68,L9 M2 L17 M0
38-69,L9 M2 L17 M1
38-70,L9 M2 L17 M2
38-71,L9 M2 L17 M3
38-72,L9 M2 L18 M0
38-73,L9 M2 L18 M1
38-74,L9 M2 L18 M2
38-75,L9 M2 L18 M3
38-76,L9 M2 L19 M0
38-77,L9 M2 L19 M1
38-78,L9 M2 L19 M2
38-79,L9 M2 L19 M3
38-80,L9 M2 L20 M0
38-81,L9 M2 L20 M1
38-82,L9 M2 L20 M2
38-83,L9 M2 L20 M3
38-84,L9 M2 L21 M0
38-85,L9 M2 L21 M1
38-86,L9 M2 L21 M2
38-87,L9 M2 L21 M3
38-88,L9 M2 L22 M0
38-89,L9 M2 L22 M1
38-90,L9 M2 L22 M2
38-91,L9 M2 L22 M3
38-92,L9 M2 L23 M0
38-93,L9 M2 L23 M1
38-94,L9 M2 L23 M2
38-95,L9 M2 L23 M3
38-96,L9 M2 L24 M0
38-97,L9 M2 L24 M1
38-98,L9 M2 L24 M2
38-99,L9 M2 L24 M3
38-100,L9 M2 L25 M0
38-101,L9 M2 L25 M1
38-102,L9 M2 L25 M2
38-103,L9 T2
38-104,L9 M2 L26 M0
38-105,L9 M2 L26 M1
38-106,L9 M2 L26 M2
38-107,L9 M2 L26 M3
38-108,L9 M2 L27 M0
38-109,L9 M2 L27 M1
38-110,L9 M2 L27 M2
38-111,L9 M2 L27
38-112,L9 M2 L28 M0
38-113,L9 M2 L28 M1
38-114,L9 M2 L28 M2
38-115,L9 M2 L28 M3
39-0,L9 M3 H0
39-1,L9 M3 H1
39-2,L9 M3 H2
39-3,L9 M3 H3
39-4,L9 M3 L1 M0
39-5,L9 M3 L1 M1
39-6,L9 M3 L1 M2
39-7,L9 M3 L1 M3
39-8,L9 M3 L2 M0
39-9,L9 M3 L2 M1
39-10,L9 M3 L2 M2
39-11,L9 M3 L2 M3
39-12,L9 M3 L3 M0
39-13,L9 M3 L3 M1
39-14,L9 M3 L3 M2
39-15,L9 M3 L3 M3
39-16,L9 M3 L4 M0
39-17,L9 M3 L4 M1
39-18,L9 M3 L4 M2
39-19,L9 M3 L4 M3
39-20,L9 M3 L5 M0
39-21,L9 M3 L5 M1
39-22,L9 M3 L5 M2
39-23,L9 M3 L5 M3
39-24,L9 M3 L6 M0
39-25,L9 M3 L6 M1
39-26,L9 M3 L6 M2
39-27,L9 M3 L6 M3
39-28,L9 M3 L7 M0
39-29,L9 M3 L7 M1
39-30,L9 M3 L7 M2
39-31,L9 M3 L7 M3
39-32,L9 M3 L8 M0
39-33,L9 M3 L8 M1
39-34,L9 M3 L8 M2
39-35,L9 M3 L8 M3
39-36,L9 M3 L9 M0
39-37,L9 M3 L9 M1
39-38,L9 M3 L9 M2
39-39,L9 M3 L9 M3
39-40,L9 M3 L10 M0
39-41,L9 M3 L10 M1
39-42,L9 M3 L10 M2
39-43,L9 M3 L10 M3
39-44,L9 M3 L11 M0
39-45,L9 M3 L11 M1
39-46,L9 M3 L11 M2
39-47,L9 M3 L11 M3
39-48,L9 M3 L12 M0
39-49,L9 M3 L12 M1
39-50,L9 M3 L12 M2
39-51,L9 M3 L12 M3
39-52,L9 M3 L13 M0
39-53,L9 M3 L13 M1
39-54,L9 M3 L13 M2
39-55,L9 M3 L13 M3
39-56,L9 M3 L14 M0
39-57,L9 M3 L14 M1
39-58,L9 M3 L14 M2
39-59,L9 M3 L14 M3
39-60,L9 M3 L15 M0
39-61,L9 M3 L15 M1
39-62,L9 M3 L15 M2
39-63,L9 M3 L15 M3
39-64,L9 M3 L16 M0
39-65,L9 M3 L16 M1
39-66,L9 M3 L16 M2
39-67,L9 M3 L16 M3
39-68,L9 M3 L17 M0
39-69,L9 M3 L17 M1
39-70,L9 M3 L17 M2
39-71,L9 M3 L17 M3
39-72,L9 M3 L18 M0
39-73,L9 M3 L18 M1
39-74,L9 M3 L18 M2
39-75,L9 M3 L18 M3
39-76,L9 M3 L19 M0
39-77,L9 M3 L19 M1
39-78,L9 M3 L19 M2
39-79,L9 M3 L19 M3
39-80,L9 M3 L20 M0
39-81,L9 M3 L20 M1
39-82,L9 M3 L20 M2
39-83,L9 M3 L20 M3
39-84,L9 M3 L21 M0
39-85,L9 M3 L21 M1
39-86,L9 M3 L21 M2
39-87,L9 M3 L21 M3
39-88,L9 M3 L22 M0
39-89,L9 M3 L22 M1
39-90,L9 M3 L22 M2
39-91,L9 M3 L22 M3
39-92,L9 M3 L23 M0
39-93,L9 M3 L23 M1
39-94,L9 M3 L23 M2
39-95,L9 M3 L23 M3
39-96,L9 M3 L24 M0
39-97,L9 M3 L24 M1
39-98,L9 M3 L24 M2
39-99,L9 M3 L24 M3
39-100,L9 M3 L25 M0
39-101,L9 M3 L25 M1
39-102,L9 M3 L25 M2
39-103,L9 M3 L25 M3
39-104,L9 M3 L26 M0
39-105,L9 M3 L26 M1
39-106,L9 M3 L26 M2
39-107,L9 M3 L26 M3
39-108,L9 M3 L27 M0
39-109,L9 M3 L27 M1
39-110,L9 M3 L27 M2
39-111,L9 M3 L27 M3
39-112,L9 M3 L28 M0
39-113,L9 M3 L28 M1
39-114,L9 M3 L28 M2
39-115,L9 M3 L28 M3
40-0,L10 M0 H0
40-1,L10 M0 H1
40-2,L10 M0 H2
40-3,L10 M0 H3
40-4,L10 M0 L1 M0
40-5,L10 M0 L1 M1
40-6,L10 M0 L1 M2
40-7,L10 M0 L1 M3
40-8,L10 M0 L2 M0
40-9,L10 M0 L2 M1
40-10,L10 M0 L2 M2
40-11,L10 M0 L2 M3
40-12,L10 M0 L3 M0
40-13,L10 M0 L3 M1
40-14,L10 M0 L3 M2
40-15,L10 M0 L3 M3
40-16,L10 M0 L4 M0
40-17,L10 M0 L4 M1
40-18,L10 M0 L4 M2
40-19,L10 M0 L4 M3
40-20,L10 M0 L5 M0
40-21,L10 M0 L5 M1
40-22,L10 M0 L5 M2
40-23,L10 M0 L5 M3
40-24,L10 M0 L6 M0
40-25,L10 M0 L6 M1
40-26,L10 M0 L6 M2
40-27,L10 M0 L6 M3
40-28,L10 M0 L7 M0
40-29,L10 M0 L7 M1
40-30,L10 M0 L7 M2
40-31,L10 M0 L7 M3
40-32,L10 M0 L8 M0
40-33,L10 M0 L8 M1
40-34,L10 M0 L8 M2
40-35,L10 M0 L8 M3
40-36,L10 M0 L9 M0
40-37,L10 M0 L9 M1
40-38,L10 M0 L9 M2
40-39,L10 M0 L9 M3
40-40,L10 M0 L10 M0
40-41,L10 M0 L10 M1
40-42,L10 M0 L10 M2
40-43,L10 M0 L10 M3
40-44,L10 M0 L11 M0
40-45,L10 M0 L11 M1
40-46,L10 M0 L11 M2
40-47,L10 M0 L11 M3
40-48,L10 M0 L12 M0
40-49,L10 M0 L12 M1
40-50,L10 M0 L12 M2
40-51,L10 M0 L12 M3
40-52,L10 M0 L13 M0
40-53,L10 M0 L13 M1
40-54,L10 M0 L13 M2
40-55,L10 M0 L13 M3
40-56,L10 M0 L14 M0
40-57,L10 M0 L14 M1
40-58,L10 M0 L14 M2
40-59,L10 M0 L14 M3
40-60,L10 M0 L15 M0
40-61,L10 M0 L15 M1
40-62,L10 M0 L15 M2
40-63,L10 M0 L15 M3
40-64,L10 M0 L16 M0
40-65,L10 M0 L16 M1
40-66,L10 M0 L16 M2
40-67,L10 M0 L16 M3
40-68,L10 M0 L17 M0
40-69,L10 M0 L17 M1
40-70,L10 M0 L17 M2
40-71,L10 M0 L17 M3
40-72,L10 M0 L18 M0
40-73,L10 M0 L18 M1
40-74,L10 M0 L18 M2
40-75,L10 M0 L18 M3
40-76,L10 M0 L19 M0
40-77,L10 M0 L19 M1
40-78,L10 M0 L19 M2
40-79,L10 M0 L19 M3
40-80,L10 M0 L20 M0
40-81,L10 M0 L20 M1
40-82,L10 M0 L20 M2
40-83,L10 M0 L20 M3
40-84,L10 M0 L21 M0
40-85,L10 M0 L21 M1
40-86,L10 M0 L21 M2
40-87,L10 M0 L21 M3
40-88,L10 M0 L22 M0
40-89,L10 M0 L22 M1
40-90,L10 M0 L22 M2
40-91,L10 M0 L22 M3
40-92,L10 M0 L23 M0
40-93,L10 M0 L23 M1
40-94,L10 M0 L23 M2
40-95,L10 M0 L23 M3
40-96,L10 M0 L24 M0
40-97,L10 M0 L24 M1
40-98,L10 M0 L24 M2
40-99,L10 M0 L24 M3
40-100,L10 M0 L25 M0
40-101,L10 M0 L25 M1
40-102,L10 M0 L25 M2
40-103,L10 T0
40-104,L10 M0 L26 M0
40-105,L10 M0 L26 M1
40-106,L10 M0 L26 M2
40-107,L10 M0 L26 M3
40-108,L10 M0 L27 M0
40-109,L10 M0 L27 M1
40-110,L10 M0 L27 M2
40-111,L10 M0 L27 M3
40-112,L10 M0 L28 M0
40-113,L10 M0 L28 M1
40-114,L10 M0 L28 M2
40-115,L10 M0 L28 M3
41-0,L10 M1 H0
41-1,L10 M1 H1
41-2,L10 M1 H2
41-3,L10 M1 H3
41-4,L10 M1 L1 M0
41-5,L10 M1 L1 M1
41-6,L10 M1 L1 M2
41-7,L10 M1 L1 M3
41-8,L10 M1 L2 M0
41-9,L10 M1 L2 M1
41-10,L10 M1 L2 M2
41-11,L10 M1 L2 M3
41-12,L10 M1 L3 M0
41-13,L10 M1 L3 M1
41-14,L10 M1 L3 M2
41-15,L10 M1 L3 M3
41-16,L10 M1 L4 M0
41-17,L10 M1 L4 M1
41-18,L10 M1 L4 M2
41-19,L10 M1 L4 M3
41-20,L10 M1 L5 M0
41-21,L10 M1 L5 M1
41-22,L10 M1 L5 M2
41-23,L10 M1 L5 M3
41-24,L10 M1 L6 M0
41-25,L10 M1 L6 M1
41-26,L10 M1 L6 M2
41-27,L10 M1 L6 M3
41-28,L10 M1 L7 M0
41-29,L10 M1 L7 M1
41-30,L10 M1 L7 M2
41-31,L10 M1 L7 M3
41-32,L10 M1 L8 M0
41-33,L10 M1 L8 M1
41-34,L10 M1 L8 M2
41-35,L10 M1 L8 M3
41-36,L10 M1 L9 M0
41-37,L10 M1 L9 M1
41-38,L10 M1 L9 M2
41-39,L10 M1 L9 M3
41-40,L10 M1 L10 M0
41-41,L10 M1 L10 M1
41-42,L10 M1 L10 M2
41-43,L10 M1 L10 M3
41-44,L10 M1 L11 M0
41-45,L10 M1 L11 M1
41-46,L10 M1 L11 M2
41-47,L10 M1 L11 M3
41-48,L10 M1 L12 M0
41-49,L10 M1 L12 M1
41-50,L10 M1 L12 M2
41-51,L10 M1 L12 M3
41-52,L10 M1 L13 M0
41-53,L10 M1 L13 M1
41-54,L10 M1 L13 M2
41-55,L10 M1 L13 M3
41-56,L10 M1 L14 M0
41-57,L10 M1 L14 M1
41-58,L10 M1 L14 M2
41-59,L10 M1 L14 M3
41-60,L10 M1 L15 M0
41-61,L10 M1 L15 M1
41-62,L10 M1 L15 M2
41-63,L10 M1 L15 M3
41-64,L10 M1 L16 M0
41-65,L10 M1 L16 M1
41-66,L10 M1 L16 M2
41-67,L10 M1 L16 M3
41-68,L10 M1 L17 M0
41-69,L10 M1 L17 M1
41-70,L10 M1 L17 M2
41-71,L10 M1 L17 M3
41-72,L10 M1 L18 M0
41-73,L10 M1 L18 M1
41-74,L10 M1 L18 M2
41-75,L10 M1 L18 M3
41-76,L10 M1 L19 M0
41-77,L10 M1 L19 M1
41-78,L10 M1 L19 M2
41-79,L10 M1 L19 M3
41-80,L10 M1 L20 M0
41-81,L10 M1 L20 M1
41-82,L10 M1 L20 M2
41-83,L10 M1 L20 M3
41-84,L10 M1 L21 M0
41-85,L10 M1 L21 M1
41-86,L10 M1 L21 M2
41-87,L10 M1 L21 M3
41-88,L10 M1 L22 M0
41-89,L10 M1 L22 M1
41-90,L10 M1 L22 M2
41-91,L10 M1 L22 M3
41-92,L10 M1 L23 M0
41-93,L10 M1 L23 M1
41-94,L10 M1 L23 M2
41-95,L10 M1 L23 M3
41-96,L10 M1 L24 M0
41-97,L10 M1 L24 M1
41-98,L10 M1 L24 M2
41-99,L10 M1 L24 M3
41-100,L10 M1 L25 M0
41-101,L10 M1 L25 M1
41-102,L10 M1 L25 M2
41-103,L10 T1
41-104,L10 M1 L26 M0
41-105,L10 M1 L26 M1
41-106,L10 M1 L26 M2
41-107,L10 M1 L26 M3
41-108,L10 M1 L27 M0
41-109,L10 M1 L27 M1
41-110,L10 M1 L27 M2
41-111,L10 M1 L27 M3
41-112,L10 M1 L28 M0
41-113,L10 M1 L28 M1
41-114,L10 M1 L28 M2
41-115,L10 M1 L28
42-0,L10 M2 H0
42-1,L10 M2 H1
42-2,L10 M2 H2
42-3,L10 M2 H3
42-4,L10 M2 L1 M0
42-5,L10 M2 L1 M1
42-6,L10 M2 L1 M2
42-7,L10 M2 L1 M3
42-8,L10 M2 L2 M0
42-9,L10 M2 L2 M1
42-10,L10 M2 L2 M2
42-11,L10 M2 L2 M3
42-12,L10 M2 L3 M0
42-13,L10 M2 L3 M1
42-14,L10 M2 L3 M2
42-15,L10 M2 L3 M3
42-16,L10 M2 L4 M0
42-17,L10 M2 L4 M1
42-18,L10 M2 L4 M2
42-19,L10 M2 L4 M3
42-20,L10 M2 L5 M0
42-21,L10 M2 L5 M1
42-22,L10 M2 L5 M2
42-23,L10 M2 L5 M3
42-24,L10 M2 L6 M0
42-25,L10 M2 L6 M1
42-26,L10 M2 L6 M2
42-27,L10 M2 L6 M3
42-28,L10 M2 L7 M0
42-29,L10 M2 L7 M1
42-30,L10 M2 L7 M2
42-31,L10 M2 L7 M3
42-32,L10 M2 L8 M0
42-33,L10 M2 L8 M1
42-34,L10 M2 L8 M2
42-35,L10 M2 L8 M3
42-36,L10 M2 L9 M0
42-37,L10 M2 L9 M1
42-38,L10 M2 L9 M2
42-39,L10 M2 L9 M3
42-40,L10 M2 L10 M0
42-41,L10 M2 L10 M1
42-42,L10 M2 L10 M2
42-43,L10 M2 L10 M3
42-44,L10 M2 L11 M0
42-45,L10 M2 L11 M1
42-46,L10 M2 L11 M2
42-47,L10 M2 L11 M3
42-48,L10 M2 L12 M0
42-49,L10 M2 L12 M1
42-50,L10 M2 L12 M2
42-51,L10 M2 L12 M3
42-52,L10 M2 L13 M0
42-53,L10 M2 L13 M1
42-54,L10 M2 L13 M2
42-55,L10 M2 L13 M3
42-56,L10 M2 L14 M0
42-57,L10 M2 L14 M1
42-58,L10 M2 L14 M2
42-59,L10 M2 L14 M3
42-60,L10 M2 L15 M0
42-61,L10 M2 L15 M1
42-62,L10 M2 L15 M2
42-63,L10 M2 L15 M3
42-64,L10 M2 L16 M0
42-65,L10 M2 L16 M1
42-66,L10 M2 L16 M2
42-67,L10 M2 L16 M3
42-68,L10 M2 L17 M0
42-69,L10 M2 L17 M1
42-70,L10 M2 L17 M2
42-71,L10 M2 L17 M3
42-72,L10 M2 L18 M0
42-73,L10 M2 L18 M1
42-74,L10 M2 L18 M2
42-75,L10 M2 L18 M3
42-76,L10 M2 L19 M0
42-77,L10 M2 L19 M1
42-78,L10 M2 L19 M2
42-79,L10 M2 L19 M3
42-80,L10 M2 L20 M0
42-81,L10 M2 L20 M1
42-82,L10 M2 L20 M2
42-83,L10 M2 L20 M3
42-84,L10 M2 L21 M0
42-85,L10 M2 L21 M1
42-86,L10 M2 L21 M2
42-87,L10 M2 L21 M3
42-88,L10 M2 L22 M0
42-89,L10 M2 L22 M1
42-90,L10 M2 L22 M2
42-91,L10 M2 L22 M3
42-92,L10 M2 L23 M0
42-93,L10 M2 L23 M1
42-94,L10 M2 L23 M2
42-95,L10 M2 L23 M3
42-96,L10 M2 L24 M0
42-97,L10 M2 L24 M1
42-98,L10 M2 L24 M2
42-99,L10 M2 L24 M3
42-100,L10 M2 L25 M0
42-101,L10 M2 L25 M1
42-102,L10 M2 L25 M2
42-103,L10 T2
42-104,L10 M2 L26 M0
42-105,L10 M2 L26 M1
42-106,L10 M2 L26 M2
42-107,L10 M2 L26 M3
42-108,L10 M2 L27 M0
42-109,L10 M2 L27 M1
42-110,L10 M2 L27 M2
42-111,L10 M2 L27
42-112,L10 M2 L28 M0
42-113,L10 M2 L28 M1
42-114,L10 M2 L28 M2
42-115,L10 M2 L28 M3
43-0,L10 M3 H0
43-1,L10 M3 H1
43-2,L10 M3 H2
43-3,L10 M3 H3
43-4,L10 M3 L1 M0
43-5,L10 M3 L1 M1
43-6,L10 M3 L1 M2
43-7,L10 M3 L1 M3
43-8,L10 M3 L2 M0
43-9,L10 M3 L2 M1
43-10,L10 M3 L2 M2
43-11,L10 M3 L2 M3
43-12,L10 M3 L3 M0
43-13,L10 M3 L3 M1
43-14,L10 M3 L3 M2
43-15,L10 M3 L3 M3
43-16,L10 M3 L4 M0
43-17,L10 M3 L4 M1
43-18,L10 M3 L4 M2
43-19,L10 M3 L4 M3
43-20,L10 M3 L5 M0
43-21,L10 M3 L5 M1
43-22,L10 M3 L5 M2
43-23,L10 M3 L5 M3
43-24,L10 M3 L6 M0
43-25,L10 M3 L6 M1
43-26,L10 M3 L6 M2
43-27,L10 M3 L6 M3
43-28,L10 M3 L7 M0
43-29,L10 M3 L7 M1
43-30,L10 M3 L7 M2
43-31,L10 M3 L7 M3
43-32,L10 M3 L8 M0
43-33,L10 M3 L8 M1
43-34,L10 M3 L8 M2
43-35,L10 M3 L8 M3
43-36,L10 M3 L9 M0
43-37,L10 M3 L9 M1
43-38,L10 M3 L9 M2
43-39,L10 M3 L9 M3
43-40,L10 M3 L10 M0
43-41,L10 M3 L10 M1
43-42,L10 M3 L10 M2
43-43,L10 M3 L10 M3
43-44,L10 M3 L11 M0
43-45,L10 M3 L11 M1
43-46,L10 M3 L11 M2
43-47,L10 M3 L11 M3
43-48,L10 M3 L12 M0
43-49,L10 M3 L12 M1
43-50,L10 M3 L12 M2
43-51,L10 M3 L12 M3
43-52,L10 M3 L13 M0
43-53,L10 M3 L13 M1
43-54,L10 M3 L13 M2
43-55,L10 M3 L13 M3
43-56,L10 M3 L14 M0
43-57,L10 M3 L14 M1
43-58,L10 M3 L14 M2
43-59,L10 M3 L14 M3
43-60,L10 M3 L15 M0
43-61,L10 M3 L15 M1
43-62,L10 M3 L15 M2
43-63,L10 M3 L15 M3
43-64,L10 M3 L16 M0
43-65,L10 M3 L16 M1
43-66,L10 M3 L16 M2
43-67,L10 M3 L16 M3
43-68,L10 M3 L17 M0
43-69,L10 M3 L17 M1
43-70,L10 M3 L17 M2
43-71,L10 M3 L17 M3
43-72,L10 M3 L18 M0
43-73,L10 M3 L18 M1
43-74,L10 M3 L18 M2
43-75,L10 M3 L18 M3
43-76,L10 M3 L19 M0
43-77,L10 M3 L19 M1
43-78,L10 M3 L19 M2
43-79,L10 M3 L19 M3
43-80,L10 M3 L20 M0
43-81,L10 M3 L20 M1
43-82,L10 M3 L20 M2
43-83,L10 M3 L20 M3
43-84,L10 M3 L21 M0
43-85,L10 M3 L21 M1
43-86,L10 M3 L21 M2
43-87,L10 M3 L21 M3
43-88,L10 M3 L22 M0
43-89,L10 M3 L22 M1
43-90,L10 M3 L22 M2
43-91,L10 M3 L22 M3
43-92,L10 M3 L23 M0
43-93,L10 M3 L23 M1
43-94,L10 M3 L23 M2
43-95,L10 M3 L23 M3
43-96,L10 M3 L24 M0
43-97,L10 M3 L24 M1
43-98,L10 M3 L24 M2
43-99,L10 M3 L24 M3
43-100,L10 M3 L25 M0
43-101,L10 M3 L25 M1
43-102,L10 M3 L25 M2
43-103,L10 M3 L25 M3
43-104,L10 M3 L26 M0
43-105,L10 M3 L26 M1
43-106,L10 M3 L26 M2
43-107,L10 M3 L26 M3
43-108,L10 M3 L27 M0
43-109,L10 M3 L27 M1
43-110,L10 M3 L27 M2
43-111,L10 M3 L27 M3
43-112,L10 M3 L28 M0
43-113,L10 M3 L28 M1
43-114,L10 M3 L28 M2
43-115,L10 M3 L28 M3
44-0,L11 M0 H0
44-1,L11 M0 H1
44-2,L11 M0 H2
44-3,L11 M0 H3
44-4,L11 M0 L1 M0
44-5,L11 M0 L1 M1
44-6,L11 M0 L1 M2
44-7,L11 M0 L1 M3
44-8,L11 M0 L2 M0
44-9,L11 M0 L2 M1
44-10,L11 M0 L2 M2
44-11,L11 M0 L2 M3
44-12,L11 M0 L3 M0
44-13,L11 M0 L3 M1
44-14,L11 M0 L3 M2
44-15,L11 M0 L3 M3
44-16,L11 M0 L4 M0
44-17,L11 M0 L4 M1
44-18,L11 M0 L4 M2
44-19,L11 M0 L4 M3
44-20,L11 M0 L5 M0
44-21,L11 M0 L5 M1
44-22,L11 M0 L5 M2
44-23,L11 M0 L5 M3
44-24,L11 M0 L6 M0
44-25,L11 M0 L6 M1
44-26,L11 M0 L6 M2
44-27,L11 M0 L6 M3
44-28,L11 M0 L7 M0
44-29,L11 M0 L7 M1
44-30,L11 M0 L7 M2
44-31,L11 M0 L7 M3
44-32,L11 M0 L8 M0
44-33,L11 M0 L8 M1
44-34,L11 M0 L8 M2
44-35,L11 M0 L8 M3
44-36,L11 M0 L9 M0
44-37,L11 M0 L9 M1
44-38,L11 M0 L9 M2
44-39,L11 M0 L9 M3
44-40,L11 M0 L10 M0
44-41,L11 M0 L10 M1
44-42,L11 M0 L10 M2
44-43,L11 M0 L10 M3
44-44,L11 M0 L11 M0
44-45,L11 M0 L11 M1
44-46,L11 M0 L11 M2
44-47,L11 M0 L11 M3
44-48,L11 M0 L12 M0
44-49,L11 M0 L12 M1
44-50,L11 M0 L12 M2
44-51,L11 M0 L12 M3
44-52,L11 M0 L13 M0
44-53,L11 M0 L13 M1
44-54,L11 M0 L13 M2
44-55,L11 M0 L13 M3
44-56,L11 M0 L14 M0
44-57,L11 M0 L14 M1
44-58,L11 M0 L14 M2
44-59,L11 M0 L14 M3
44-60,L11 M0 L15 M0
44-61,L11 M0 L15 M1
44-62,L11 M0 L15 M2
44-63,L11 M0 L15 M3
44-64,L11 M0 L16 M0
44-65,L11 M0 L16 M1
44-66,L11 M0 L16 M2
44-67,L11 M0 L16 M3
44-68,L11 M0 L17 M0
44-69,L11 M0 L17 M1
44-70,L11 M0 L17 M2
44-71,L11 M0 L17 M3
44-72,L11 M0 L18 M0
44-73,L11 M0 L18 M1
44-74,L11 M0 L18 M2
44-75,L11 M0 L18 M3
44-76,L11 M0 L19 M0
44-77,L11 M0 L19 M1
44-78,L11 M0 L19 M2
44-79,L11 M0 L19 M3
44-80,L11 M0 L20 M0
44-81,L11 M0 L20 M1
44-82,L11 M0 L20 M2
44-83,L11 M0 L20 M3
44-84,L11 M0 L21 M0
44-85,L11 M0 L21 M1
44-86,L11 M0 L21 M2
44-87,L11 M0 L21 M3
44-88,L11 M0 L22 M0
44-89,L11 M0 L22 M1
44-90,L11 M0 L22 M2
44-91,L11 M0 L22 M3
44-92,L11 M0 L23 M0
44-93,L11 M0 L23 M1
44-94,L11 M0 L23 M2
44-95,L11 M0 L23 M3
44-96,L11 M0 L24 M0
44-97,L11 M0 L24 M1
44-98,L11 M0 L24 M2
44-99,L11 M0 L24 M3
44-100,L11 M0 L25 M0
44-101,L11 M0 L25 M1
44-102,L11 M0 L25 M2
44-103,L11 T0
44-104,L11 M0 L26 M0
44-105,L11 M0 L26 M1
44-106,L11 M0 L26 M2
44-107,L11 M0 L26 M3
44-108,L11 M0 L27 M0
44-109,L11 M0 L27 M1
44-110,L11 M0 L27 M2
44-111,L11 M0 L27 M3
44-112,L11 M0 L28 M0
44-113,L11 M0 L28 M1
44-114,L11 M0 L28 M2
44-115,L11 M0 L28 M3
45-0,L11 M1 H0
45-1,L11 M1 H1
45-2,L11 M1 H2
45-3,L11 M1 H3
45-4,L11 M1 L1 M0
45-5,L11 M1 L1 M1
45-6,L11 M1 L1 M2
45-7,L11 M1 L1 M3
45-8,L11 M1 L2 M0
45-9,L11 M1 L2 M1
45-10,L11 M1 L2 M2
45-11,L11 M1 L2 M3
45-12,L11 M1 L3 M0
45-13,L11 M1 L3 M1
45-14,L11 M1 L3 M2
45-15,L11 M1 L3 M3
45-16,L11 M1 L4 M0
45-17,L11 M1 L4 M1
45-18,L11 M1 L4 M2
45-19,L11 M1 L4 M3
45-20,L11 M1 L5 M0
45-21,L11 M1 L5 M1
45-22,L11 M1 L5 M2
45-23,L11 M1 L5 M3
45-24,L11 M1 L6 M0
45-25,L11 M1 L6 M1
45-26,L11 M1 L6 M2
45-27,L11 M1 L6 M3
45-28,L11 M1 L7 M0
45-29,L11 M1 L7 M1
45-30,L11 M1 L7 M2
45-31,L11 M1 L7 M3
45-32,L11 M1 L8 M0
45-33,L11 M1 L8 M1
45-34,L11 M1 L8 M2
45-35,L11 M1 L8 M3
45-36,L11 M1 L9 M0
45-37,L11 M1 L9 M1
45-38,L11 M1 L9 M2
45-39,L11 M1 L9 M3
45-40,L11 M1 L10 M0
45-41,L11 M1 L10 M1
45-42,L11 M1 L10 M2
45-43,L11 M1 L10 M3
45-44,L11 M1 L11 M0
45-45,L11 M1 L11 M1
45-46,L11 M1 L11 M2
45-47,L11 M1 L11 M3
45-48,L11 M1 L12 M0
45-49,L11 M1 L12 M1
45-50,L11 M1 L12 M2
45-51,L11 M1 L12 M3
45-52,L11 M1 L13 M0
45-53,L11 M1 L13 M1
45-54,L11 M1 L13 M2
45-55,L11 M1 L13 M3
45-56,L11 M1 L14 M0
45-57,L11 M1 L14 M1
45-58,L11 M1 L14 M2
45-59,L11 M1 L14 M3
45-60,L11 M1 L15 M0
45-61,L11 M1 L15 M1
45-62,L11 M1 L15 M2
45-63,L11 M1 L15 M3
45-64,L11 M1 L16 M0
45-65,L11 M1 L16 M1
45-66,L11 M1 L16 M2
45-67,L11 M1 L16 M3
45-68,L11 M1 L17 M0
45-69,L11 M1 L17 M1
45-70,L11 M1 L17 M2
45-71,L11 M1 L17 M3
45-72,L11 M1 L18 M0
45-73,L11 M1 L18 M1
45-74,L11 M1 L18 M2
45-75,L11 M1 L18 M3
45-76,L11 M1 L19 M0
45-77,L11 M1 L19 M1
45-78,L11 M1 L19 M2
45-79,L11 M1 L19 M3
45-80,L11 M1 L20 M0
45-81,L11 M1 L20 M1
45-82,L11 M1 L20 M2
45-83,L11 M1 L20 M3
45-84,L11 M1 L21 M0
45-85,L11 M1 L21 M1
45-86,L11 M1 L21 M2
45-87,L11 M1 L21 M3
45-88,L11 M1 L22 M0
45-89,L11 M1 L22 M1
45-90,L11 M1 L22 M2
45-91,L11 M1 L22 M3
45-92,L11 M1 L23 M0
45-93,L11 M1 L23 M1
45-94,L11 M1 L23 M2
45-95,L11 M1 L23 M3
45-96,L11 M1 L24 M0
45-97,L11 M1 L24 M1
45-98,L11 M1 L24 M2
45-99,L11 M1 L24 M3
45-100,L11 M1 L25 M0
45-101,L11 M1 L25 M1
45-102,L11 M1 L25 M2
45-103,L11 T1
45-104,L11 M1 L26 M0
45-105,L11 M1 L26 M1
45-106,L11 M1 L26 M2
45-107,L11 M1 L26 M3
45-108,L11 M1 L27 M0
45-109,L11 M1 L27 M1
45-110,L11 M1 L27 M2
45-111,L11 M1 L27 M3
45-112,L11 M1 L28 M0
45-113,L11 M1 L28 M1
45-114,L11 M1 L28 M2
45-115,L11 M1 L28
46-0,L11 M2 H0
46-1,L11 M2 H1
46-2,L11 M2 H2
46-3,L11 M2 H3
46-4,L11 M2 L1 M0
46-5,L11 M2 L1 M1
46-6,L11 M2 L1 M2
46-7,L11 M2 L1 M3
46-8,L11 M2 L2 M0
46-9,L11 M2 L2 M1
46-10,L11 M2 L2 M2
46-11,L11 M2 L2 M3
46-12,L11 M2 L3 M0
46-13,L11 M2 L3 M1
46-14,L11 M2 L3 M2
46-15,L11 M2 L3 M3
46-16,L11 M2 L4 M0
46-17,L11 M2 L4 M1
46-18,L11 M2 L4 M2
46-19,L11 M2 L4 M3
46-20,L11 M2 L5 M0
46-21,L11 M2 L5 M1
46-22,L11 M2 L5 M2
46-23,L11 M2 L5 M3
46-24,L11 M2 L6 M0
46-25,L11 M2 L6 M1
46-26,L11 M2 L6 M2
46-27,L11 M2 L6 M3
46-28,L11 M2 L7 M0
46-29,L11 M2 L7 M1
46-30,L11 M2 L7 M2
46-31,L11 M2 L7 M3
46-32,L11 M2 L8 M0
46-33,L11 M2 L8 M1
46-34,L11 M2 L8 M2
46-35,L11 M2 L8 M3
46-36,L11 M2 L9 M0
46-37,L11 M2 L9 M1
46-38,L11 M2 L9 M2
46-39,L11 M2 L9 M3
46-40,L11 M2 L10 M0
46-41,L11 M2 L10 M1
46-42,L11 M2 L10 M2
46-43,L11 M2 L10 M3
46-44,L11 M2 L11 M0
46-45,L11 M2 L11 M1
46-46,L11 M2 L11 M2
46-47,L11 M2 L11 M3
46-48,L11 M2 L12 M0
46-49,L11 M2 L12 M1
46-50,L11 M2 L12 M2
46-51,L11 M2 L12 M3
46-52,L11 M2 L13 M0
46-53,L11 M2 L13 M1
46-54,L11 M2 L13 M2
46-55,L11 M2 L13 M3
46-56,L11 M2 L14 M0
46-57,L11 M2 L14 M1
46-58,L11 M2 L14 M2
46-59,L11 M2 L14 M3
46-60,L11 M2 L15 M0
46-61,L11 M2 L15 M1
46-62,L11 M2 L15 M2
46-63,L11 M2 L15 M3
46-64,L11 M2 L16 M0
46-65,L11 M2 L16 M1
46-66,L11 M2 L16 M2
46-67,L11 M2 L16 M3
46-68,L11 M2 L17 M0
46-69,L11 M2 L17 M1
46-70,L11 M2 L17 M2
46-71,L11 M2 L17 M3
46-72,L11 M2 L18 M0
46-73,L11 M2 L18 M1
46-74,L11 M2 L18 M2
46-75,L11 M2 L18 M3
46-76,L11 M2 L19 M0
46-77,L11 M2 L19 M1
46-78,L11 M2 L19 M2
46-79,L11 M2 L19 M3
46-80,L11 M2 L20 M0
46-81,L11 M2 L20 M1
46-82,L11 M2 L20 M2
46-83,L11 M2 L20 M3
46-84,L11 M2 L21 M0
46-85,L11 M2 L21 M1
46-86,L11 M2 L21 M2
46-87,L11 M2 L21 M3
46-88,L11 M2 L22 M0
46-89,L11 M2 L22 M1
46-90,L11 M2 L22 M2
46-91,L11 M2 L22 M3
46-92,L11 M2 L23 M0
46-93,L11 M2 L23 M1
46-94,L11 M2 L23 M2
46-95,L11 M2 L23 M3
46-96,L11 M2 L24 M0
46-97,L11 M2 L24 M1
46-98,L11 M2 L24 M2
46-99,L11 M2 L24 M3
46-100,L11 M2 L25 M0
46-101,L11 M2 L25 M1
46-102,L11 M2 L25 M2
46-103,L11 T2
46-104,L11 M2 L26 M0
46-105,L11 M2 L26 M1
46-106,L11 M2 L26 M2
46-107,L11 M2 L26 M3
46-108,L11 M2 L27 M0
46-109,L11 M2 L27 M1
46-110,L11 M2 L27 M2
46-111,L11 M2 L27
46-112,L11 M2 L28 M0
46-113,L11 M2 L28 M1
46-114,L11 M2 L28 M2
46-115,L11 M2 L28 M3
47-0,L11 M3 H0
47-1,L11 M3 H1
47-2,L11 M3 H2
47-3,L11 M3 H3
47-4,L11 M3 L1 M0
47-5,L11 M3 L1 M1
47-6,L11 M3 L1 M2
47-7,L11 M3 L1 M3
47-8,L11 M3 L2 M0
47-9,L11 M3 L2 M1
47-10,L11 M3 L2 M2
47-11,L11 M3 L2 M3
47-12,L11 M3 L3 M0
47-13,L11 M3 L3 M1
47-14,L11 M3 L3 M2
47-15,L11 M3 L3 M3
47-16,L11 M3 L4 M0
47-17,L11 M3 L4 M1
47-18,L11 M3 L4 M2
47-19,L11 M3 L4 M3
47-20,L11 M3 L5 M0
47-21,L11 M3 L5 M1
47-22,L11 M3 L5 M2
47-23,L11 M3 L5 M3
47-24,L11 M3 L6 M0
47-25,L11 M3 L6 M1
47-26,L11 M3 L6 M2
47-27,L11 M3 L6 M3
47-28,L11 M3 L7 M0
47-29,L11 M3 L7 M1
47-30,L11 M3 L7 M2
47-31,L11 M3 L7 M3
47-32,L11 M3 L8 M0
47-33,L11 M3 L8 M1
47-34,L11 M3 L8 M2
47-35,L11 M3 L8 M3
47-36,L11 M3 L9 M0
47-37,L11 M3 L9 M1
47-38,L11 M3 L9 M2
47-39,L11 M3 L9 M3
47-40,L11 M3 L10 M0
47-41,L11 M3 L10 M1
47-42,L11 M3 L10 M2
47-43,L11 M3 L10 M3
47-44,L11 M3 L11 M0
47-45,L11 M3 L11 M1
47-46,L11 M3 L11 M2
47-47,L11 M3 L11 M3
47-48,L11 M3 L12 M0
47-49,L11 M3 L12 M1
47-50,L11 M3 L12 M2
47-51,L11 M3 L12 M3
47-52,L11 M3 L13 M0
47-53,L11 M3 L13 M1
47-54,L11 M3 L13 M2
47-55,L11 M3 L13 M3
47-56,L11 M3 L14 M0
47-57,L11 M3 L14 M1
47-58,L11 M3 L14 M2
47-59,L11 M3 L14 M3
47-60,L11 M3 L15 M0
47-61,L11 M3 L15 M1
47-62,L11 M3 L15 M2
47-63,L11 M3 L15 M3
47-64,L11 M3 L16 M0
47-65,L11 M3 L16 M1
47-66,L11 M3 L16 M2
47-67,L11 M3 L16 M3
47-68,L11 M3 L17 M0
47-69,L11 M3 L17 M1
47-70,L11 M3 L17 M2
47-71,L11 M3 L17 M3
47-72,L11 M3 L18 M0
47-73,L11 M3 L18 M1
47-74,L11 M3 L18 M2
47-75,L11 M3 L18 M3
47-76,L11 M3 L19 M0
47-77,L11 M3 L19 M1
47-78,L11 M3 L19 M2
47-79,L11 M3 L19 M3
47-80,L11 M3 L20 M0
47-81,L11 M3 L20 M1
47-82,L11 M3 L20 M2
47-83,L11 M3 L20 M3
47-84,L11 M3 L21 M0
47-85,L11 M3 L21 M1
47-86,L11 M3 L21 M2
47-87,L11 M3 L21 M3
47-88,L11 M3 L22 M0
47-89,L11 M3 L22 M1
47-90,L11 M3 L22 M2
47-91,L11 M3 L22 M3
47-92,L11 M3 L23 M0
47-93,L11 M3 L23 M1
47-94,L11 M3 L23 M2
47-95,L11 M3 L23 M3
47-96,L11 M3 L24 M0
47-97,L11 M3 L24 M1
47-98,L11 M3 L24 M2
47-99,L11 M3 L24 M3
47-100,L11 M3 L25 M0
47-101,L11 M3 L25 M1
47-102,L11 M3 L25 M2
47-103,L11 M3 L25 M3
47-104,L11 M3 L26 M0
47-105,L11 M3 L26 M1
47-106,L11 M3 L26 M2
47-107,L11 M3 L26 M3
47-108,L11 M3 L27 M0
47-109,L11 M3 L27 M1
47-110,L11 M3 L27 M2
47-111,L11 M3 L27 M3
47-112,L11 M3 L28 M0
47-113,L11 M3 L28 M1
47-114,L11 M3 L28 M2
47-115,L11 M3 L28 M3
48-0,L12 M0 H0
48-1,L12 M0 H1
48-2,L12 M0 H2
48-3,L12 M0 H3
48-4,L12 M0 L1 M0
48-5,L12 M0 L1 M1
48-6,L12 M0 L1 M2
48-7,L12 M0 L1 M3
48-8,L12 M0 L2 M0
48-9,L12 M0 L2 M1
48-10,L12 M0 L2 M2
48-11,L12 M0 L2 M3
48-12,L12 M0 L3 M0
48-13,L12 M0 L3 M1
48-14,L12 M0 L3 M2
48-15,L12 M0 L3 M3
48-16,L12 M0 L4 M0
48-17,L12 M0 L4 M1
48-18,L12 M0 L4 M2
48-19,L12 M0 L4 M3
48-20,L12 M0 L5 M0
48-21,L12 M0 L5 M1
48-22,L12 M0 L5 M2
48-23,L12 M0 L5 M3
48-24,L12 M0 L6 M0
48-25,L12 M0 L6 M1
48-26,L12 M0 L6 M2
48-27,L12 M0 L6 M3
48-28,L12 M0 L7 M0
48-29,L12 M0 L7 M1
48-30,L12 M0 L7 M2
48-31,L12 M0 L7 M3
48-32,L12 M0 L8 M0
48-33,L12 M0 L8 M1
48-34,L12 M0 L8 M2
48-35,L12 M0 L8 M3
48-36,L12 M0 L9 M0
48-37,L12 M0 L9 M1
48-38,L12 M0 L9 M2
48-39,L12 M0 L9 M3
48-40,L12 M0 L10 M0
48-41,L12 M0 L10 M1
48-42,L12 M0 L10 M2
48-43,L12 M0 L10 M3
48-44,L12 M0 L11 M0
48-45,L12 M0 L11 M1
48-46,L12 M0 L11 M2
48-47,L12 M0 L11 M3
48-48,L12 M0 L12 M0
48-49,L12 M0 L12 M1
48-50,L12 M0 L12 M2
48-51,L12 M0 L12 M3
48-52,L12 M0 L13 M0
48-53,L12 M0 L13 M1
48-54,L12 M0 L13 M2
48-55,L12 M0 L13 M3
48-56,L12 M0 L14 M0
48-57,L12 M0 L14 M1
48-58,L12 M0 L14 M2
48-59,L12 M0 L14 M3
48-60,L12 M0 L15 M0
48-61,L12 M0 L15 M1
48-62,L12 M0 L15 M2
48-63,L12 M0 L15 M3
48-64,L12 M0 L16 M0
48-65,L12 M0 L16 M1
48-66,L12 M0 L16 M2
48-67,L12 M0 L16 M3
48-68,L12 M0 L17 M0
48-69,L12 M0 L17 M1
48-70,L12 M0 L17 M2
48-71,L12 M0 L17 M3
48-72,L12 M0 L18 M0
48-73,L12 M0 L18 M1
48-74,L12 M0 L18 M2
48-75,L12 M0 L18 M3
48-76,L12 M0 L19 M0
48-77,L12 M0 L19 M1
48-78,L12 M0 L19 M2
48-79,L12 M0 L19 M3
48-80,L12 M0 L20 M0
48-81,L12 M0 L20 M1
48-82,L12 M0 L20 M2
48-83,L12 M0 L20 M3
48-84,L12 M0 L21 M0
48-85,L12 M0 L21 M1
48-86,L12 M0 L21 M2
48-87,L12 M0 L21 M3
48-88,L12 M0 L22 M0
48-89,L12 M0 L22 M1
48-90,L12 M0 L22 M2
48-91,L12 M0 L22 M3
48-92,L12 M0 L23 M0
48-93,L12 M0 L23 M1
48-94,L12 M0 L23 M2
48-95,L12 M0 L23 M3
48-96,L12 M0 L24 M0
48-97,L12 M0 L24 M1
48-98,L12 M0 L24 M2
48-99,L12 M0 L24 M3
48-100,L12 M0 L25 M0
48-101,L12 M0 L25 M1
48-102,L12 M0 L25 M2
48-103,L12 T0
48-104,L12 M0 L26 M0
48-105,L12 M0 L26 M1
48-106,L12 M0 L26 M2
48-107,L12 M0 L26 M3
48-108,L12 M0 L27 M0
48-109,L12 M0 L27 M1
48-110,L12 M0 L27 M2
48-111,L12 M0 L27 M3
48-112,L12 M0 L28 M0
48-113,L12 M0 L28 M1
48-114,L12 M0 L28 M2
48-115,L12 M0 L28 M3
49-0,L12 M1 H0
49-1,L12 M1 H1
49-2,L12 M1 H2
49-3,L12 M1 H3
49-4,L12 M1 L1 M0
49-5,L12 M1 L1 M1
49-6,L12 M1 L1 M2
49-7,L12 M1 L1 M3
49-8,L12 M1 L2 M0
49-9,L12 M1 L2 M1
49-10,L12 M1 L2 M2
49-11,L12 M1 L2 M3
49-12,L12 M1 L3 M0
49-13,L12 M1 L3 M1
49-14,L12 M1 L3 M2
49-15,L12 M1 L3 M3
49-16,L12 M1 L4 M0
49-17,L12 M1 L4 M1
49-18,L12 M1 L4 M2
49-19,L12 M1 L4 M3
49-20,L12 M1 L5 M0
49-21,L12 M1 L5 M1
49-22,L12 M1 L5 M2
49-23,L12 M1 L5 M3
49-24,L12 M1 L6 M0
49-25,L12 M1 L6 M1
49-26,L12 M1 L6 M2
49-27,L12 M1 L6 M3
49-28,L12 M1 L7 M0
49-29,L12 M1 L7 M1
49-30,L12 M1 L7 M2
49-31,L12 M1 L7 M3
49-32,L12 M1 L8 M0
49-33,L12 M1 L8 M1
49-34,L12 M1 L8 M2
49-35,L12 M1 L8 M3
49-36,L12 M1 L9 M0
49-37,L12 M1 L9 M1
49-38,L12 M1 L9 M2
49-39,L12 M1 L9 M3
49-40,L12 M1 L10 M0
49-41,L12 M1 L10 M1
49-42,L12 M1 L10 M2
49-43,L12 M1 L10 M3
49-44,L12 M1 L11 M0
49-45,L12 M1 L11 M1
49-46,L12 M1 L11 M2
49-47,L12 M1 L11 M3
49-48,L12 M1 L12 M0
49-49,L12 M1 L12 M1
49-50,L12 M1 L12 M2
49-51,L12 M1 L12 M3
49-52,L12 M1 L13 M0
49-53,L12 M1 L13 M1
49-54,L12 M1 L13 M2
49-55,L12 M1 L13 M3
49-56,L12 M1 L14 M0
49-57,L12 M1 L14 M1
49-58,L12 M1 L14 M2
49-59,L12 M1 L14 M3
49-60,L12 M1 L15 M0
49-61,L12 M1 L15 M1
49-62,L12 M1 L15 M2
49-63,L12 M1 L15 M3
49-64,L12 M1 L16 M0
49-65,L12 M1 L16 M1
49-66,L12 M1 L16 M2
49-67,L12 M1 L16 M3
49-68,L12 M1 L17 M0
49-69,L12 M1 L17 M1
49-70,L12 M1 L17 M2
49-71,L12 M1 L17 M3
49-72,L12 M1 L18 M0
49-73,L12 M1 L18 M1
49-74,L12 M1 L18 M2
49-75,L12 M1 L18 M3
49-76,L12 M1 L19 M0
49-77,L12 M1 L19 M1
49-78,L12 M1 L19 M2
49-79,L12 M1 L19 M3
49-80,L12 M1 L20 M0
49-81,L12 M1 L20 M1
49-82,L12 M1 L20 M2
49-83,L12 M1 L20 M3
49-84,L12 M1 L21 M0
49-85,L12 M1 L21 M1
49-86,L12 M1 L21 M2
49-87,L12 M1 L21 M3
49-88,L12 M1 L22 M0
49-89,L12 M1 L22 M1
49-90,L12 M1 L22 M2
49-91,L12 M1 L22 M3
49-92,L12 M1 L23 M0
49-93,L12 M1 L23 M1
49-94,L12 M1 L23 M2
49-95,L12 M1 L23 M3
49-96,L12 M1 L24 M0
49-97,L12 M1 L24 M1
49-98,L12 M1 L24 M2
49-99,L12 M1 L24 M3
49-100,L12 M1 L25 M0
49-101,L12 M1 L25 M1
49-102,L12 M1 L25 M2
49-103,L12 T1
49-104,L12 M1 L26 M0
49-105,L12 M1 L26 M1
49-106,L12 M1 L26 M2
49-107,L12 M1 L26 M3
49-108,L12 M1 L27 M0
49-109,L12 M1 L27 M1
49-110,L12 M1 L27 M2
49-111,L12 M1 L27 M3
49-112,L12 M1 L28 M0
49-113,L12 M1 L28 M1
49-114,L12 M1 L28 M2
49-115,L12 M1 L28
50-0,L12 M2 H0
50-1,L12 M2 H1
50-2,L12 M2 H2
50-3,L12 M2 H3
50-4,L12 M2 L1 M0
50-5,L12 M2 L1 M1
50-6,L12 M2 L1 M2
50-7,L12 M2 L1 M3
50-8,L12 M2 L2 M0
50-9,L12 M2 L2 M1
50-10,L12 M2 L2 M2
50-11,L12 M2 L2 M3
50-12,L12 M2 L3 M0
50-13,L12 M2 L3 M1
50-14,L12 M2 L3 M2
50-15,L12 M2 L3 M3
50-16,L12 M2 L4 M0
50-17,L12 M2 L4 M1
50-18,L12 M2 L4 M2
50-19,L12 M2 L4 M3
50-20,L12 M2 L5 M0
50-21,L12 M2 L5 M1
50-22,L12 M2 L5 M2
50-23,L12 M2 L5 M3
50-24,L12 M2 L6 M0
50-25,L12 M2 L6 M1
50-26,L12 M2 L6 M2
50-27,L12 M2 L6 M3
50-28,L12 M2 L7 M0
50-29,L12 M2 L7 M1
50-30,L12 M2 L7 M2
50-31,L12 M2 L7 M3
50-32,L12 M2 L8 M0
50-33,L12 M2 L8 M1
50-34,L12 M2 L8 M2
50-35,L12 M2 L8 M3
50-36,L12 M2 L9 M0
50-37,L12 M2 L9 M1
50-38,L12 M2 L9 M2
50-39,L12 M2 L9 M3
50-40,L12 M2 L10 M0
50-41,L12 M2 L10 M1
50-42,L12 M2 L10 M2
50-43,L12 M2 L10 M3
50-44,L12 M2 L11 M0
50-45,L12 M2 L11 M1
50-46,L12 M2 L11 M2
50-47,L12 M2 L11 M3
50-48,L12 M2 L12 M0
50-49,L12 M2 L12 M1
50-50,L12 M2 L12 M2
50-51,L12 M2 L12 M3
50-52,L12 M2 L13 M0
50-53,L12 M2 L13 M1
50-54,L12 M2 L13 M2
50-55,L12 M2 L13 M3
50-56,L12 M2 L14 M0
50-57,L12 M2 L14 M1
50-58,L12 M2 L14 M2
50-59,L12 M2 L14 M3
50-60,L12 M2 L15 M0
50-61,L12 M2 L15 M1
50-62,L12 M2 L15 M2
50-63,L12 M2 L15 M3
50-64,L12 M2 L16 M0
50-65,L12 M2 L16 M1
50-66,L12 M2 L16 M2
50-67,L12 M2 L16 M3
50-68,L12 M2 L17 M0
50-69,L12 M2 L17 M1
50-70,L12 M2 L17 M2
50-71,L12 M2 L17 M3
50-72,L12 M2 L18 M0
50-73,L12 M2 L18 M1
50-74,L12 M2 L18 M2
50-75,L12 M2 L18 M3
50-76,L12 M2 L19 M0
50-77,L12 M2 L19 M1
50-78,L12 M2 L19 M2
50-79,L12 M2 L19 M3
50-80,L12 M2 L20 M0
50-81,L12 M2 L20 M1
50-82,L12 M2 L20 M2
50-83,L12 M2 L20 M3
50-84,L12 M2 L21 M0
50-85,L12 M2 L21 M1
50-86,L12 M2 L21 M2
50-87,L12 M2 L21 M3
50-88,L12 M2 L22 M0
50-89,L12 M2 L22 M1
50-90,L12 M2 L22 M2
50-91,L12 M2 L22 M3
50-92,L12 M2 L23 M0
50-93,L12 M2 L23 M1
50-94,L12 M2 L23 M2
50-95,L12 M2 L23 M3
50-96,L12 M2 L24 M0
50-97,L12 M2 L24 M1
50-98,L12 M2 L24 M2
50-99,L12 M2 L24 M3
50-100,L12 M2 L25 M0
50-101,L12 M2 L25 M1
50-102,L12 M2 L25 M2
50-103,L12 T2
50-104,L12 M2 L26 M0
50-105,L12 M2 L26 M1
50-106,L12 M2 L26 M2
50-107,L12 M2 L26 M3
50-108,L12 M2 L27 M0
50-109,L12 M2 L27 M1
50-110,L12 M2 L27 M2
50-111,L12 M2 L27
50-112,L12 M2 L28 M0
50-113,L12 M2 L28 M1
50-114,L12 M2 L28 M2
50-115,L12 M2 L28 M3
51-0,L12 M3 H0
51-1,L12 M3 H1
51-2,L12 M3 H2
51-3,L12 M3 H3
51-4,L12 M3 L1 M0
51-5,L12 M3 L1 M1
51-6,L12 M3 L1 M2
51-7,L12 M3 L1 M3
51-8,L12 M3 L2 M0
51-9,L12 M3 L2 M1
51-10,L12 M3 L2 M2
51-11,L12 M3 L2 M3
51-12,L12 M3 L3 M0
51-13,L12 M3 L3 M1
51-14,L12 M3 L3 M2
51-15,L12 M3 L3 M3
51-16,L12 M3 L4 M0
51-17,L12 M3 L4 M1
51-18,L12 M3 L4 M2
51-19,L12 M3 L4 M3
51-20,L12 M3 L5 M0
51-21,L12 M3 L5 M1
51-22,L12 M3 L5 M2
51-23,L12 M3 L5 M3
51-24,L12 M3 L6 M0
51-25,L12 M3 L6 M1
51-26,L12 M3 L6 M2
51-27,L12 M3 L6 M3
51-28,L12 M3 L7 M0
51-29,L12 M3 L7 M1
51-30,L12 M3 L7 M2
51-31,L12 M3 L7 M3
51-32,L12 M3 L8 M0
51-33,L12 M3 L8 M1
51-34,L12 M3 L8 M2
51-35,L12 M3 L8 M3
51-36,L12 M3 L9 M0
51-37,L12 M3 L9 M1
51-38,L12 M3 L9 M2
51-39,L12 M3 L9 M3
51-40,L12 M3 L10 M0
51-41,L12 M3 L10 M1
51-42,L12 M3 L10 M2
51-43,L12 M3 L10 M3
51-44,L12 M3 L11 M0
51-45,L12 M3 L11 M1
51-46,L12 M3 L11 M2
51-47,L12 M3 L11 M3
51-48,L12 M3 L12 M0
51-49,L12 M3 L12 M1
51-50,L12 M3 L12 M2
51-51,L12 M3 L12 M3
51-52,L12 M3 L13 M0
51-53,L12 M3 L13 M1
51-54,L12 M3 L13 M2
51-55,L12 M3 L13 M3
51-56,L12 M3 L14 M0
51-57,L12 M3 L14 M1
51-58,L12 M3 L14 M2
51-59,L12 M3 L14 M3
51-60,L12 M3 L15 M0
51-61,L12 M3 L15 M1
51-62,L12 M3 L15 M2
51-63,L12 M3 L15 M3
51-64,L12 M3 L16 M0
51-65,L12 M3 L16 M1
51-66,L12 M3 L16 M2
51-67,L12 M3 L16 M3
51-68,L12 M3 L17 M0
51-69,L12 M3 L17 M1
51-70,L12 M3 L17 M2
51-71,L12 M3 L17 M3
51-72,L12 M3 L18 M0
51-73,L12 M3 L18 M1
51-74,L12 M3 L18 M2
51-75,L12 M3 L18 M3
51-76,L12 M3 L19 M0
51-77,L12 M3 L19 M1
51-78,L12 M3 L19 M2
51-79,L12 M3 L19 M3
51-80,L12 M3 L20 M0
51-81,L12 M3 L20 M1
51-82,L12 M3 L20 M2
51-83,L12 M3 L20 M3
51-84,L12 M3 L21 M0
51-85,L12 M3 L21 M1
51-86,L12 M3 L21 M2
51-87,L12 M3 L21 M3
51-88,L12 M3 L22 M0
51-89,L12 M3 L22 M1
51-90,L12 M3 L22 M2
51-91,L12 M3 L22 M3
51-92,L12 M3 L23 M0
51-93,L12 M3 L23 M1
51-94,L12 M3 L23 M2
51-95,L12 M3 L23 M3
51-96,L12 M3 L24 M0
51-97,L12 M3 L24 M1
51-98,L12 M3 L24 M2
51-99,L12 M3 L24 M3
51-100,L12 M3 L25 M0
51-101,L12 M3 L25 M1
51-102,L12 M3 L25 M2
51-103,L12 M3 L25 M3
51-104,L12 M3 L26 M0
51-105,L12 M3 L26 M1
51-106,L12 M3 L26 M2
51-107,L12 M3 L26 M3
51-108,L12 M3 L27 M0
51-109,L12 M3 L27 M1
51-110,L12 M3 L27 M2
51-111,L12 M3 L27 M3
51-112,L12 M3 L28 M0
51-113,L12 M3 L28 M1
51-114,L12 M3 L28 M2
51-115,L12 M3 L28 M3
52-0,L13 M0 H0
52-1,L13 M0 H1
52-2,L13 M0 H2
52-3,L13 M0 H3
52-4,L13 M0 L1 M0
52-5,L13 M0 L1 M1
52-6,L13 M0 L1 M2
52-7,L13 M0 L1 M3
52-8,L13 M0 L2 M0
52-9,L13 M0 L2 M1
52-10,L13 M0 L2 M2
52-11,L13 M0 L2 M3
52-12,L13 M0 L3 M0
52-13,L13 M0 L3 M1
52-14,L13 M0 L3 M2
52-15,L13 M0 L3 M3
52-16,L13 M0 L4 M0
52-17,L13 M0 L4 M1
52-18,L13 M0 L4 M2
52-19,L13 M0 L4 M3
52-20,L13 M0 L5 M0
52-21,L13 M0 L5 M1
52-22,L13 M0 L5 M2
52-23,L13 M0 L5 M3
52-24,L13 M0 L6 M0
52-25,L13 M0 L6 M1
52-26,L13 M0 L6 M2
52-27,L13 M0 L6 M3
52-28,L13 M0 L7 M0
52-29,L13 M0 L7 M1
52-30,L13 M0 L7 M2
52-31,L13 M0 L7 M3
52-32,L13 M0 L8 M0
52-33,L13 M0 L8 M1
52-34,L13 M0 L8 M2
52-35,L13 M0 L8 M3
52-36,L13 M0 L9 M0
52-37,L13 M0 L9 M1
52-38,L13 M0 L9 M2
52-39,L13 M0 L9 M3
52-40,L13 M0 L10 M0
52-41,L13 M0 L10 M1
52-42,L13 M0 L10 M2
52-43,L13 M0 L10 M3
52-44,L13 M0 L11 M0
52-45,L13 M0 L11 M1
52-46,L13 M0 L11 M2
52-47,L13 M0 L11 M3
52-48,L13 M0 L12 M0
52-49,L13 M0 L12 M1
52-50,L13 M0 L12 M2
52-51,L13 M0 L12 M3
52-52,L13 M0 L13 M0
52-53,L13 M0 L13 M1
52-54,L13 M0 L13 M2
52-55,L13 M0 L13 M3
52-56,L13 M0 L14 M0
52-57,L13 M0 L14 M1
52-58,L13 M0 L14 M2
52-59,L13 M0 L14 M3
52-60,L13 M0 L15 M0
52-61,L13 M0 L15 M1
52-62,L13 M0 L15 M2
52-63,L13 M0 L15 M3
52-64,L13 M0 L16 M0
52-65,L13 M0 L16 M1
52-66,L13 M0 L16 M2
52-67,L13 M0 L16 M3
52-68,L13 M0 L17 M0
52-69,L13 M0 L17 M1
52-70,L13 M0 L17 M2
52-71,L13 M0 L17 M3
52-72,L13 M0 L18 M0
52-73,L13 M0 L18 M1
52-74,L13 M0 L18 M2
52-75,L13 M0 L18 M3
52-76,L13 M0 L19 M0
52-77,L13 M0 L19 M1
52-78,L13 M0 L19 M2
52-79,L13 M0 L19 M3
52-80,L13 M0 L20 M0
52-81,L13 M0 L20 M1
52-82,L13 M0 L20 M2
52-83,L13 M0 L20 M3
52-84,L13 M0 L21 M0
52-85,L13 M0 L21 M1
52-86,L13 M0 L21 M2
52-87,L13 M0 L21 M3
52-88,L13 M0 L22 M0
52-89,L13 M0 L22 M1
52-90,L13 M0 L22 M2
52-91,L13 M0 L22 M3
52-92,L13 M0 L23 M0
52-93,L13 M0 L23 M1
52-94,L13 M0 L23 M2
52-95,L13 M0 L23 M3
52-96,L13 M0 L24 M0
52-97,L13 M0 L24 M1
52-98,L13 M0 L24 M2
52-99,L13 M0 L24 M3
52-100,L13 M0 L25 M0
52-101,L13 M0 L25 M1
52-102,L13 M0 L25 M2
52-103,L13 T0
52-104,L13 M0 L26 M0
52-105,L13 M0 L26 M1
52-106,L13 M0 L26 M2
52-107,L13 M0 L26 M3
52-108,L13 M0 L27 M0
52-109,L13 M0 L27 M1
52-110,L13 M0 L27 M2
52-111,L13 M0 L27 M3
52-112,L13 M0 L28 M0
52-113,L13 M0 L28 M1
52-114,L13 M0 L28 M2
52-115,L13 M0 L28 M3
53-0,L13 M1 H0
53-1,L13 M1 H1
53-2,L13 M1 H2
53-3,L13 M1 H3
53-4,L13 M1 L1 M0
53-5,L13 M1 L1 M1
53-6,L13 M1 L1 M2
53-7,L13 M1 L1 M3
53-8,L13 M1 L2 M0
53-9,L13 M1 L2 M1
53-10,L13 M1 L2 M2
53-11,L13 M1 L2 M3
53-12,L13 M1 L3 M0
53-13,L13 M1 L3 M1
53-14,L13 M1 L3 M2
53-15,L13 M1 L3 M3
53-16,L13 M1 L4 M0
53-17,L13 M1 L4 M1
53-18,L13 M1 L4 M2
53-19,L13 M1 L4 M3
53-20,L13 M1 L5 M0
53-21,L13 M1 L5 M1
53-22,L13 M1 L5 M2
53-23,L13 M1 L5 M3
53-24,L13 M1 L6 M0
53-25,L13 M1 L6 M1
53-26,L13 M1 L6 M2
53-27,L13 M1 L6 M3
53-28,L13 M1 L7 M0
53-29,L13 M1 L7 M1
53-30,L13 M1 L7 M2
53-31,L13 M1 L7 M3
53-32,L13 M1 L8 M0
53-33,L13 M1 L8 M1
53-34,L13 M1 L8 M2
53-35,L13 M1 L8 M3
53-36,L13 M1 L9 M0
53-37,L13 M1 L9 M1
53-38,L13 M1 L9 M2
53-39,L13 M1 L9 M3
53-40,L13 M1 L10 M0
53-41,L13 M1 L10 M1
53-42,L13 M1 L10 M2
53-43,L13 M1 L10 M3
53-44,L13 M1 L11 M0
53-45,L13 M1 L11 M1
53-46,L13 M1 L11 M2
53-47,L13 M1 L11 M3
53-48,L13 M1 L12 M0
53-49,L13 M1 L12 M1
53-50,L13 M1 L12 M2
53-51,L13 M1 L12 M3
53-52,L13 M1 L13 M0
53-53,L13 M1 L13 M1
53-54,L13 M1 L13 M2
53-55,L13 M1 L13 M3
53-56,L13 M1 L14 M0
53-57,L13 M1 L14 M1
53-58,L13 M1 L14 M2
53-59,L13 M1 L14 M3
53-60,L13 M1 L15 M0
53-61,L13 M1 L15 M1
53-62,L13 M1 L15 M2
53-63,L13 M1 L15 M3
53-64,L13 M1 L16 M0
53-65,L13 M1 L16 M1
53-66,L13 M1 L16 M2
53-67,L13 M1 L16 M3
53-68,L13 M1 L17 M0
53-69,L13 M1 L17 M1
53-70,L13 M1 L17 M2
53-71,L13 M1 L17 M3
53-72,L13 M1 L18 M0
53-73,L13 M1 L18 M1
53-74,L13 M1 L18 M2
53-75,L13 M1 L18 M3
53-76,L13 M1 L19 M0
53-77,L13 M1 L19 M1
53-78,L13 M1 L19 M2
53-79,L13 M1 L19 M3
53-80,L13 M1 L20 M0
53-81,L13 M1 L20 M1
53-82,L13 M1 L20 M2
53-83,L13 M1 L20 M3
53-84,L13 M1 L21 M0
53-85,L13 M1 L21 M1
53-86,L13 M1 L21 M2
53-87,L13 M1 L21 M3
53-88,L13 M1 L22 M0
53-89,L13 M1 L22 M1
53-90,L13 M1 L22 M2
53-91,L13 M1 L22 M3
53-92,L13 M1 L23 M0
53-93,L13 M1 L23 M1
53-94,L13 M1 L23 M2
53-95,L13 M1 L23 M3
53-96,L13 M1 L24 M0
53-97,L13 M1 L24 M1
53-98,L13 M1 L24 M2
53-99,L13 M1 L24 M3
53-100,L13 M1 L25 M0
53-101,L13 M1 L25 M1
53-102,L13 M1 L25 M2
53-103,L13 T1
53-104,L13 M1 L26 M0
53-105,L13 M1 L26 M1
53-106,L13 M1 L26 M2
53-107,L13 M1 L26 M3
53-108,L13 M1 L27 M0
53-109,L13 M1 L27 M1
53-110,L13 M1 L27 M2
53-111,L13 M1 L27 M3
53-112,L13 M1 L28 M0
53-113,L13 M1 L28 M1
53-114,L13 M1 L28 M2
53-115,L13 M1 L28
54-0,L13 M2 H0
54-1,L13 M2 H1
54-2,L13 M2 H2
54-3,L13 M2 H3
54-4,L13 M2 L1 M0
54-5,L13 M2 L1 M1
54-6,L13 M2 L1 M2
54-7,L13 M2 L1 M3
54-8,L13 M2 L2 M0
54-9,L13 M2 L2 M1
54-10,L13 M2 L2 M2
54-11,L13 M2 L2 M3
54-12,L13 M2 L3 M0
54-13,L13 M2 L3 M1
54-14,L13 M2 L3 M2
54-15,L13 M2 L3 M3
54-16,L13 M2 L4 M0
54-17,L13 M2 L4 M1
54-18,L13 M2 L4 M2
54-19,L13 M2 L4 M3
54-20,L13 M2 L5 M0
54-21,L13 M2 L5 M1
54-22,L13 M2 L5 M2
54-23,L13 M2 L5 M3
54-24,L13 M2 L6 M0
54-25,L13 M2 L6 M1
54-26,L13 M2 L6 M2
54-27,L13 M2 L6 M3
54-28,L13 M2 L7 M0
54-29,L13 M2 L7 M1
54-30,L13 M2 L7 M2
54-31,L13 M2 L7 M3
54-32,L13 M2 L8 M0
54-33,L13 M2 L8 M1
54-34,L13 M2 L8 M2
54-35,L13 M2 L8 M3
54-36,L13 M2 L9 M0
54-37,L13 M2 L9 M1
54-38,L13 M2 L9 M2
54-39,L13 M2 L9 M3
54-40,L13 M2 L10 M0
54-41,L13 M2 L10 M1
54-42,L13 M2 L10 M2
54-43,L13 M2 L10 M3
54-44,L13 M2 L11 M0
54-45,L13 M2 L11 M1
54-46,L13 M2 L11 M2
54-47,L13 M2 L11 M3
54-48,L13 M2 L12 M0
54-49,L13 M2 L12 M1
54-50,L13 M2 L12 M2
54-51,L13 M2 L12 M3
54-52,L13 M2 L13 M0
54-53,L13 M2 L13 M1
54-54,L13 M2 L13 M2
54-55,L13 M2 L13 M3
54-56,L13 M2 L14 M0
54-57,L13 M2 L14 M1
54-58,L13 M2 L14 M2
54-59,L13 M2 L14 M3
54-60,L13 M2 L15 M0
54-61,L13 M2 L15 M1
54-62,L13 M2 L15 M2
54-63,L13 M2 L15 M3
54-64,L13 M2 L16 M0
54-65,L13 M2 L16 M1
54-66,L13 M2 L16 M2
54-67,L13 M2 L16 M3
54-68,L13 M2 L17 M0
54-69,L13 M2 L17 M1
54-70,L13 M2 L17 M2
54-71,L13 M2 L17 M3
54-72,L13 M2 L18 M0
54-73,L13 M2 L18 M1
54-74,L13 M2 L18 M2
54-75,L13 M2 L18 M3
54-76,L13 M2 L19 M0
54-77,L13 M2 L19 M1
54-78,L13 M2 L19 M2
54-79,L13 M2 L19 M3
54-80,L13 M2 L20 M0
54-81,L13 M2 L20 M1
54-82,L13 M2 L20 M2
54-83,L13 M2 L20 M3
54-84,L13 M2 L21 M0
54-85,L13 M2 L21 M1
54-86,L13 M2 L21 M2
54-87,L13 M2 L21 M3
54-88,L13 M2 L22 M0
54-89,L13 M2 L22 M1
54-90,L13 M2 L22 M2
54-91,L13 M2 L22 M3
54-92,L13 M2 L23 M0
54-93,L13 M2 L23 M1
54-94,L13 M2 L23 M2
54-95,L13 M2 L23 M3
54-96,L13 M2 L24 M0
54-97,L13 M2 L24 M1
54-98,L13 M2 L24 M2
54-99,L13 M2 L24 M3
54-100,L13 M2 L25 M0
54-101,L13 M2 L25 M1
54-102,L13 M2 L25 M2
54-103,L13 T2
54-104,L13 M2 L26 M0
54-105,L13 M2 L26 M1
54-106,L13 M2 L26 M2
54-107,L13 M2 L26 M3
54-108,L13 M2 L27 M0
54-109,L13 M2 L27 M1
54-110,L13 M2 L27 M2
54-111,L13 M2 L27
54-112,L13 M2 L28 M0
54-113,L13 M2 L28 M1
54-114,L13 M2 L28 M2
54-115,L13 M2 L28 M3
55-0,L13 M3 H0
55-1,L13 M3 H1
55-2,L13 M3 H2
55-3,L13 M3 H3
55-4,L13 M3 L1 M0
55-5,L13 M3 L1 M1
55-6,L13 M3 L1 M2
55-7,L13 M3 L1 M3
55-8,L13 M3 L2 M0
55-9,L13 M3 L2 M1
55-10,L13 M3 L2 M2
55-11,L13 M3 L2 M3
55-12,L13 M3 L3 M0
55-13,L13 M3 L3 M1
55-14,L13 M3 L3 M2
55-15,L13 M3 L3 M3
55-16,L13 M3 L4 M0
55-17,L13 M3 L4 M1
55-18,L13 M3 L4 M2
55-19,L13 M3 L4 M3
55-20,L13 M3 L5 M0
55-21,L13 M3 L5 M1
55-22,L13 M3 L5 M2
55-23,L13 M3 L5 M3
55-24,L13 M3 L6 M0
55-25,L13 M3 L6 M1
55-26,L13 M3 L6 M2
55-27,L13 M3 L6 M3
55-28,L13 M3 L7 M0
55-29,L13 M3 L7 M1
55-30,L13 M3 L7 M2
55-31,L13 M3 L7 M3
55-32,L13 M3 L8 M0
55-33,L13 M3 L8 M1
55-34,L13 M3 L8 M2
55-35,L13 M3 L8 M3
55-36,L13 M3 L9 M0
55-37,L13 M3 L9 M1
55-38,L13 M3 L9 M2
55-39,L13 M3 L9 M3
55-40,L13 M3 L10 M0
55-41,L13 M3 L10 M1
55-42,L13 M3 L10 M2
55-43,L13 M3 L10 M3
55-44,L13 M3 L11 M0
55-45,L13 M3 L11 M1
55-46,L13 M3 L11 M2
55-47,L13 M3 L11 M3
55-48,L13 M3 L12 M0
55-49,L13 M3 L12 M1
55-50,L13 M3 L12 M2
55-51,L13 M3 L12 M3
55-52,L13 M3 L13 M0
55-53,L13 M3 L13 M1
55-54,L13 M3 L13 M2
55-55,L13 M3 L13 M3
55-56,L13 M3 L14 M0
55-57,L13 M3 L14 M1
55-58,L13 M3 L14 M2
55-59,L13 M3 L14 M3
55-60,L13 M3 L15 M0
55-61,L13 M3 L15 M1
55-62,L13 M3 L15 M2
55-63,L13 M3 L15 M3
55-64,L13 M3 L16 M0
55-65,L13 M3 L16 M1
55-66,L13 M3 L16 M2
55-67,L13 M3 L16 M3
55-68,L13 M3 L17 M0
55-69,L13 M3 L17 M1
55-70,L13 M3 L17 M2
55-71,L13 M3 L17 M3
55-72,L13 M3 L18 M0
55-73,L13 M3 L18 M1
55-74,L13 M3 L18 M2
55-75,L13 M3 L18 M3
55-76,L13 M3 L19 M0
55-77,L13 M3 L19 M1
55-78,L13 M3 L19 M2
55-79,L13 M3 L19 M3
55-80,L13 M3 L20 M0
55-81,L13 M3 L20 M1
55-82,L13 M3 L20 M2
55-83,L13 M3 L20 M3
55-84,L13 M3 L21 M0
55-85,L13 M3 L21 M1
55-86,L13 M3 L21 M2
55-87,L13 M3 L21 M3
55-88,L13 M3 L22 M0
55-89,L13 M3 L22 M1
55-90,L13 M3 L22 M2
55-91,L13 M3 L22 M3
55-92,L13 M3 L23 M0
55-93,L13 M3 L23 M1
55-94,L13 M3 L23 M2
55-95,L13 M3 L23 M3
55-96,L13 M3 L24 M0
55-97,L13 M3 L24 M1
55-98,L13 M3 L24 M2
55-99,L13 M3 L24 M3
55-100,L13 M3 L25 M0
55-101,L13 M3 L25 M1
55-102,L13 M3 L25 M2
55-103,L13 M3 L25 M3
55-104,L13 M3 L26 M0
55-105,L13 M3 L26 M1
55-106,L13 M3 L26 M2
55-107,L13 M3 L26 M3
55-108,L13 M3 L27 M0
55-109,L13 M3 L27 M1
55-110,L13 M3 L27 M2
55-111,L13 M3 L27 M3
55-112,L13 M3 L28 M0
55-113,L13 M3 L28 M1
55-114,L13 M3 L28 M2
55-115,L13 M3 L28 M3
56-0,L14 M0 H0
56-1,L14 M0 H1
56-2,L14 M0 H2
56-3,L14 M0 H3
56-4,L14 M0 L1 M0
56-5,L14 M0 L1 M1
56-6,L14 M0 L1 M2
56-7,L14 M0 L1 M3
56-8,L14 M0 L2 M0
56-9,L14 M0 L2 M1
56-10,L14 M0 L2 M2
56-11,L14 M0 L2 M3
56-12,L14 M0 L3 M0
56-13,L14 M0 L3 M1
56-14,L14 M0 L3 M2
56-15,L14 M0 L3 M3
56-16,L14 M0 L4 M0
56-17,L14 M0 L4 M1
56-18,L14 M0 L4 M2
56-19,L14 M0 L4 M3
56-20,L14 M0 L5 M0
56-21,L14 M0 L5 M1
56-22,L14 M0 L5 M2
56-23,L14 M0 L5 M3
56-24,L14 M0 L6 M0
56-25,L14 M0 L6 M1
56-26,L14 M0 L6 M2
56-27,L14 M0 L6 M3
56-28,L14 M0 L7 M0
56-29,L14 M0 L7 M1
56-30,L14 M0 L7 M2
56-31,L14 M0 L7 M3
56-32,L14 M0 L8 M0
56-33,L14 M0 L8 M1
56-34,L14 M0 L8 M2
56-35,L14 M0 L8 M3
56-36,L14 M0 L9 M0
56-37,L14 M0 L9 M1
56-38,L14 M0 L9 M2
56-39,L14 M0 L9 M3
56-40,L14 M0 L10 M0
56-41,L14 M0 L10 M1
56-42,L14 M0 L10 M2
56-43,L14 M0 L10 M3
56-44,L14 M0 L11 M0
56-45,L14 M0 L11 M1
56-46,L14 M0 L11 M2
56-47,L14 M0 L11 M3
56-48,L14 M0 L12 M0
56-49,L14 M0 L12 M1
56-50,L14 M0 L12 M2
56-51,L14 M0 L12 M3
56-52,L14 M0 L13 M0
56-53,L14 M0 L13 M1
56-54,L14 M0 L13 M2
56-55,L14 M0 L13 M3
56-56,L14 M0 L14 M0
56-57,L14 M0 L14 M1
56-58,L14 M0 L14 M2
56-59,L14 M0 L14 M3
56-60,L14 M0 L15 M0
56-61,L14 M0 L15 M1
56-62,L14 M0 L15 M2
56-63,L14 M0 L15 M3
56-64,L14 M0 L16 M0
56-65,L14 M0 L16 M1
56-66,L14 M0 L16 M2
56-67,L14 M0 L16 M3
56-68,L14 M0 L17 M0
56-69,L14 M0 L17 M1
56-70,L14 M0 L17 M2
56-71,L14 M0 L17 M3
56-72,L14 M0 L18 M0
56-73,L14 M0 L18 M1
56-74,L14 M0 L18 M2
56-75,L14 M0 L18 M3
56-76,L14 M0 L19 M0
56-77,L14 M0 L19 M1
56-78,L14 M0 L19 M2
56-79,L14 M0 L19 M3
56-80,L14 M0 L20 M0
56-81,L14 M0 L20 M1
56-82,L14 M0 L20 M2
56-83,L14 M0 L20 M3
56-84,L14 M0 L21 M0
56-85,L14 M0 L21 M1
56-86,L14 M0 L21 M2
56-87,L14 M0 L21 M3
56-88,L14 M0 L22 M0
56-89,L14 M0 L22 M1
56-90,L14 M0 L22 M2
56-91,L14 M0 L22 M3
56-92,L14 M0 L23 M0
56-93,L14 M0 L23 M1
56-94,L14 M0 L23 M2
56-95,L14 M0 L23 M3
56-96,L14 M0 L24 M0
56-97,L14 M0 L24 M1
56-98,L14 M0 L24 M2
56-99,L14 M0 L24 M3
56-100,L14 M0 L25 M0
56-101,L14 M0 L25 M1
56-102,L14 M0 L25 M2
56-103,L14 T0
56-104,L14 M0 L26 M0
56-105,L14 M0 L26 M1
56-106,L14 M0 L26 M2
56-107,L14 M0 L26 M3
56-108,L14 M0 L27 M0
56-109,L14 M0 L27 M1
56-110,L14 M0 L27 M2
56-111,L14 M0 L27 M3
56-112,L14 M0 L28 M0
56-113,L14 M0 L28 M1
56-114,L14 M0 L28 M2
56-115,L14 M0 L28 M3
57-0,L14 M1 H0
57-1,L14 M1 H1
57-2,L14 M1 H2
57-3,L14 M1 H3
57-4,L14 M1 L1 M0
57-5,L14 M1 L1 M1
57-6,L14 M1 L1 M2
57-7,L14 M1 L1 M3
57-8,L14 M1 L2 M0
57-9,L14 M1 L2 M1
57-10,L14 M1 L2 M2
57-11,L14 M1 L2 M3
57-12,L14 M1 L3 M0
57-13,L14 M1 L3 M1
57-14,L14 M1 L3 M2
57-15,L14 M1 L3 M3
57-16,L14 M1 L4 M0
57-17,L14 M1 L4 M1
57-18,L14 M1 L4 M2
57-19,L14 M1 L4 M3
57-20,L14 M1 L5 M0
57-21,L14 M1 L5 M1
57-22,L14 M1 L5 M2
57-23,L14 M1 L5 M3
57-24,L14 M1 L6 M0
57-25,L14 M1 L6 M1
57-26,L14 M1 L6 M2
57-27,L14 M1 L6 M3
57-28,L14 M1 L7 M0
57-29,L14 M1 L7 M1
57-30,L14 M1 L7 M2
57-31,L14 M1 L7 M3
57-32,L14 M1 L8 M0
57-33,L14 M1 L8 M1
57-34,L14 M1 L8 M2
57-35,L14 M1 L8 M3
57-36,L14 M1 L9 M0
57-37,L14 M1 L9 M1
57-38,L14 M1 L9 M2
57-39,L14 M1 L9 M3
57-40,L14 M1 L10 M0
57-41,L14 M1 L10 M1
57-42,L14 M1 L10 M2
57-43,L14 M1 L10 M3
57-44,L14 M1 L11 M0
57-45,L14 M1 L11 M1
57-46,L14 M1 L11 M2
57-47,L14 M1 L11 M3
57-48,L14 M1 L12 M0
57-49,L14 M1 L12 M1
57-50,L14 M1 L12 M2
57-51,L14 M1 L12 M3
57-52,L14 M1 L13 M0
57-53,L14 M1 L13 M1
57-54,L14 M1 L13 M2
57-55,L14 M1 L13 M3
57-56,L14 M1 L14 M0
57-57,L14 M1 L14 M1
57-58,L14 M1 L14 M2
57-59,L14 M1 L14 M3
57-60,L14 M1 L15 M0
57-61,L14 M1 L15 M1
57-62,L14 M1 L15 M2
57-63,L14 M1 L15 M3
57-64,L14 M1 L16 M0
57-65,L14 M1 L16 M1
57-66,L14 M1 L16 M2
57-67,L14 M1 L16 M3
57-68,L14 M1 L17 M0
57-69,L14 M1 L17 M1
57-70,L14 M1 L17 M2
57-71,L14 M1 L17 M3
57-72,L14 M1 L18 M0
57-73,L14 M1 L18 M1
57-74,L14 M1 L18 M2
57-75,L14 M1 L18 M3
57-76,L14 M1 L19 M0
57-77,L14 M1 L19 M1
57-78,L14 M1 L19 M2
57-79,L14 M1 L19 M3
57-80,L14 M1 L20 M0
57-81,L14 M1 L20 M1
57-82,L14 M1 L20 M2
57-83,L14 M1 L20 M3
57-84,L14 M1 L21 M0
57-85,L14 M1 L21 M1
57-86,L14 M1 L21 M2
57-87,L14 M1 L21 M3
57-88,L14 M1 L22 M0
57-89,L14 M1 L22 M1
57-90,L14 M1 L22 M2
57-91,L14 M1 L22 M3
57-92,L14 M1 L23 M0
57-93,L14 M1 L23 M1
57-94,L14 M1 L23 M2
57-95,L14 M1 L23 M3
57-96,L14 M1 L24 M0
57-97,L14 M1 L24 M1
57-98,L14 M1 L24 M2
57-99,L14 M1 L24 M3
57-100,L14 M1 L25 M0
57-101,L14 M1 L25 M1
57-102,L14 M1 L25 M2
57-103,L14 T1
57-104,L14 M1 L26 M0
57-105,L14 M1 L26 M1
57-106,L14 M1 L26 M2
57-107,L14 M1 L26 M3
57-108,L14 M1 L27 M0
57-109,L14 M1 L27 M1
57-110,L14 M1 L27 M2
57-111,L14 M1 L27 M3
57-112,L14 M1 L28 M0
57-113,L14 M1 L28 M1
57-114,L14 M1 L28 M2
57-115,L14 M1 L28
58-0,L14 M2 H0
58-1,L14 M2 H1
58-2,L14 M2 H2
58-3,L14 M2 H3
58-4,L14 M2 L1 M0
58-5,L14 M2 L1 M1
58-6,L14 M2 L1 M2
58-7,L14 M2 L1 M3
58-8,L14 M2 L2 M0
58-9,L14 M2 L2 M1
58-10,L14 M2 L2 M2
58-11,L14 M2 L2 M3
58-12,L14 M2 L3 M0
58-13,L14 M2 L3 M1
58-14,L14 M2 L3 M2
58-15,L14 M2 L3 M3
58-16,L14 M2 L4 M0
58-17,L14 M2 L4 M1
58-18,L14 M2 L4 M2
58-19,L14 M2 L4 M3
58-20,L14 M2 L5 M0
58-21,L14 M2 L5 M1
58-22,L14 M2 L5 M2
58-23,L14 M2 L5 M3
58-24,L14 M2 L6 M0
58-25,L14 M2 L6 M1
58-26,L14 M2 L6 M2
58-27,L14 M2 L6 M3
58-28,L14 M2 L7 M0
58-29,L14 M2 L7 M1
58-30,L14 M2 L7 M2
58-31,L14 M2 L7 M3
58-32,L14 M2 L8 M0
58-33,L14 M2 L8 M1
58-34,L14 M2 L8 M2
58-35,L14 M2 L8 M3
58-36,L14 M2 L9 M0
58-37,L14 M2 L9 M1
58-38,L14 M2 L9 M2
58-39,L14 M2 L9 M3
58-40,L14 M2 L10 M0
58-41,L14 M2 L10 M1
58-42,L14 M2 L10 M2
58-43,L14 M2 L10 M3
58-44,L14 M2 L11 M0
58-45,L14 M2 L11 M1
58-46,L14 M2 L11 M2
58-47,L14 M2 L11 M3
58-48,L14 M2 L12 M0
58-49,L14 M2 L12 M1
58-50,L14 M2 L12 M2
58-51,L14 M2 L12 M3
58-52,L14 M2 L13 M0
58-53,L14 M2 L13 M1
58-54,L14 M2 L13 M2
58-55,L14 M2 L13 M3
58-56,L14 M2 L14 M0
58-57,L14 M2 L14 M1
58-58,L14 M2 L14 M2
58-59,L14 M2 L14 M3
58-60,L14 M2 L15 M0
58-61,L14 M2 L15 M1
58-62,L14 M2 L15 M2
58-63,L14 M2 L15 M3
58-64,L14 M2 L16 M0
58-65,L14 M2 L16 M1
58-66,L14 M2 L16 M2
58-67,L14 M2 L16 M3
58-68,L14 M2 L17 M0
58-69,L14 M2 L17 M1
58-70,L14 M2 L17 M2
58-71,L14 M2 L17 M3
58-72,L14 M2 L18 M0
58-73,L14 M2 L18 M1
58-74,L14 M2 L18 M2
58-75,L14 M2 L18 M3
58-76,L14 M2 L19 M0
58-77,L14 M2 L19 M1
58-78,L14 M2 L19 M2
58-79,L14 M2 L19 M3
58-80,L14 M2 L20 M0
58-81,L14 M2 L20 M1
58-82,L14 M2 L20 M2
58-83,L14 M2 L20 M3
58-84,L14 M2 L21 M0
58-85,L14 M2 L21 M1
58-86,L14 M2 L21 M2
58-87,L14 M2 L21 M3
58-88,L14 M2 L22 M0
58-89,L14 M2 L22 M1
58-90,L14 M2 L22 M2
58-91,L14 M2 L22 M3
58-92,L14 M2 L23 M0
58-93,L14 M2 L23 M1
58-94,L14 M2 L23 M2
58-95,L14 M2 L23 M3
58-96,L14 M2 L24 M0
58-97,L14 M2 L24 M1
58-98,L14 M2 L24 M2
58-99,L14 M2 L24 M3
58-100,L14 M2 L25 M0
58-101,L14 M2 L25 M1
58-102,L14 M2 L25 M2
58-103,L14 T2
58-104,L14 M2 L26 M0
58-105,L14 M2 L26 M1
58-106,L14 M2 L26 M2
58-107,L14 M2 L26 M3
58-108,L14 M2 L27 M0
58-109,L14 M2 L27 M1
58-110,L14 M2 L27 M2
58-111,L14 M2 L27
58-112,L14 M2 L28 M0
58-113,L14 M2 L28 M1
58-114,L14 M2 L28 M2
58-115,L14 M2 L28 M3
59-0,L14 M3 H0
59-1,L14 M3 H1
59-2,L14 M3 H2
59-3,L14 M3 H3
59-4,L14 M3 L1 M0
59-5,L14 M3 L1 M1
59-6,L14 M3 L1 M2
59-7,L14 M3 L1 M3
59-8,L14 M3 L2 M0
59-9,L14 M3 L2 M1
59-10,L14 M3 L2 M2
59-11,L14 M3 L2 M3
59-12,L14 M3 L3 M0
59-13,L14 M3 L3 M1
59-14,L14 M3 L3 M2
59-15,L14 M3 L3 M3
59-16,L14 M3 L4 M0
59-17,L14 M3 L4 M1
59-18,L14 M3 L4 M2
59-19,L14 M3 L4 M3
59-20,L14 M3 L5 M0
59-21,L14 M3 L5 M1
59-22,L14 M3 L5 M2
59-23,L14 M3 L5 M3
59-24,L14 M3 L6 M0
59-25,L14 M3 L6 M1
59-26,L14 M3 L6 M2
59-27,L14 M3 L6 M3
59-28,L14 M3 L7 M0
59-29,L14 M3 L7 M1
59-30,L14 M3 L7 M2
59-31,L14 M3 L7 M3
59-32,L14 M3 L8 M0
59-33,L14 M3 L8 M1
59-34,L14 M3 L8 M2
59-35,L14 M3 L8 M3
59-36,L14 M3 L9 M0
59-37,L14 M3 L9 M1
59-38,L14 M3 L9 M2
59-39,L14 M3 L9 M3
59-40,L14 M3 L10 M0
59-41,L14 M3 L10 M1
59-42,L14 M3 L10 M2
59-43,L14 M3 L10 M3
59-44,L14 M3 L11 M0
59-45,L14 M3 L11 M1
59-46,L14 M3 L11 M2
59-47,L14 M3 L11 M3
59-48,L14 M3 L12 M0
59-49,L14 M3 L12 M1
59-50,L14 M3 L12 M2
59-51,L14 M3 L12 M3
59-52,L14 M3 L13 M0
59-53,L14 M3 L13 M1
59-54,L14 M3 L13 M2
59-55,L14 M3 L13 M3
59-56,L14 M3 L14 M0
59-57,L14 M3 L14 M1
59-58,L14 M3 L14 M2
59-59,L14 M3 L14 M3
59-60,L14 M3 L15 M0
59-61,L14 M3 L15 M1
59-62,L14 M3 L15 M2
59-63,L14 M3 L15 M3
59-64,L14 M3 L16 M0
59-65,L14 M3 L16 M1
59-66,L14 M3 L16 M2
59-67,L14 M3 L16 M3
59-68,L14 M3 L17 M0
59-69,L14 M3 L17 M1
59-70,L14 M3 L17 M2
59-71,L14 M3 L17 M3
59-72,L14 M3 L18 M0
59-73,L14 M3 L18 M1
59-74,L14 M3 L18 M2
59-75,L14 M3 L18 M3
59-76,L14 M3 L19 M0
59-77,L14 M3 L19 M1
59-78,L14 M3 L19 M2
59-79,L14 M3 L19 M3
59-80,L14 M3 L20 M0
59-81,L14 M3 L20 M1
59-82,L14 M3 L20 M2
59-83,L14 M3 L20 M3
59-84,L14 M3 L21 M0
59-85,L14 M3 L21 M1
59-86,L14 M3 L21 M2
59-87,L14 M3 L21 M3
59-88,L14 M3 L22 M0
59-89,L14 M3 L22 M1
59-90,L14 M3 L22 M2
59-91,L14 M3 L22 M3
59-92,L14 M3 L23 M0
59-93,L14 M3 L23 M1
59-94,L14 M3 L23 M2
59-95,L14 M3 L23 M3
59-96,L14 M3 L24 M0
59-97,L14 M3 L24 M1
59-98,L14 M3 L24 M2
59-99,L14 M3 L24 M3
59-100,L14 M3 L25 M0
59-101,L14 M3 L25 M1
59-102,L14 M3 L25 M2
59-103,L14 M3 L25 M3
59-104,L14 M3 L26 M0
59-105,L14 M3 L26 M1
59-106,L14 M3 L26 M2
59-107,L14 M3 L26 M3
59-108,L14 M3 L27 M0
59-109,L14 M3 L27 M1
59-110,L14 M3 L27 M2
59-111,L14 M3 L27 M3
59-112,L14 M3 L28 M0
59-113,L14 M3 L28 M1
59-114,L14 M3 L28 M2
59-115,L14 M3 L28 M3
60-0,L15 M0 H0
60-1,L15 M0 H1
60-2,L15 M0 H2
60-3,L15 M0 H3
60-4,L15 M0 L1 M0
60-5,L15 M0 L1 M1
60-6,L15 M0 L1 M2
60-7,L15 M0 L1 M3
60-8,L15 M0 L2 M0
60-9,L15 M0 L2 M1
60-10,L15 M0 L2 M2
60-11,L15 M0 L2 M3
60-12,L15 M0 L3 M0
60-13,L15 M0 L3 M1
60-14,L15 M0 L3 M2
60-15,L15 M0 L3 M3
60-16,L15 M0 L4 M0
60-17,L15 M0 L4 M1
60-18,L15 M0 L4 M2
60-19,L15 M0 L4 M3
60-20,L15 M0 L5 M0
60-21,L15 M0 L5 M1
60-22,L15 M0 L5 M2
60-23,L15 M0 L5 M3
60-24,L15 M0 L6 M0
60-25,L15 M0 L6 M1
60-26,L15 M0 L6 M2
60-27,L15 M0 L6 M3
60-28,L15 M0 L7 M0
60-29,L15 M0 L7 M1
60-30,L15 M0 L7 M2
60-31,L15 M0 L7 M3
60-32,L15 M0 L8 M0
60-33,L15 M0 L8 M1
60-34,L15 M0 L8 M2
60-35,L15 M0 L8 M3
60-36,L15 M0 L9 M0
60-37,L15 M0 L9 M1
60-38,L15 M0 L9 M2
60-39,L15 M0 L9 M3
60-40,L15 M0 L10 M0
60-41,L15 M0 L10 M1
60-42,L15 M0 L10 M2
60-43,L15 M0 L10 M3
60-44,L15 M0 L11 M0
60-45,L15 M0 L11 M1
60-46,L15 M0 L11 M2
60-47,L15 M0 L11 M3
60-48,L15 M0 L12 M0
60-49,L15 M0 L12 M1
60-50,L15 M0 L12 M2
60-51,L15 M0 L12 M3
60-52,L15 M0 L13 M0
60-53,L15 M0 L13 M1
60-54,L15 M0 L13 M2
60-55,L15 M0 L13 M3
60-56,L15 M0 L14 M0
60-57,L15 M0 L14 M1
60-58,L15 M0 L14 M2
60-59,L15 M0 L14 M3
60-60,L15 M0 L15 M0
60-61,L15 M0 L15 M1
60-62,L15 M0 L15 M2
60-63,L15 M0 L15 M3
60-64,L15 M0 L16 M0
60-65,L15 M0 L16 M1
60-66,L15 M0 L16 M2
60-67,L15 M0 L16 M3
60-68,L15 M0 L17 M0
60-69,L15 M0 L17 M1
60-70,L15 M0 L17 M2
60-71,L15 M0 L17 M3
60-72,L15 M0 L18 M0
60-73,L15 M0 L18 M1
60-74,L15 M0 L18 M2
60-75,L15 M0 L18 M3
60-76,L15 M0 L19 M0
60-77,L15 M0 L19 M1
60-78,L15 M0 L19 M2
60-79,L15 M0 L19 M3
60-80,L15 M0 L20 M0
60-81,L15 M0 L20 M1
60-82,L15 M0 L20 M2
60-83,L15 M0 L20 M3
60-84,L15 M0 L21 M0
60-85,L15 M0 L21 M1
60-86,L15 M0 L21 M2
60-87,L15 M0 L21 M3
60-88,L15 M0 L22 M0
60-89,L15 M0 L22 M1
60-90,L15 M0 L22 M2
60-91,L15 M0 L22 M3
60-92,L15 M0 L23 M0
60-93,L15 M0 L23 M1
60-94,L15 M0 L23 M2
60-95,L15 M0 L23 M3
60-96,L15 M0 L24 M0
60-97,L15 M0 L24 M1
60-98,L15 M0 L24 M2
60-99,L15 M0 L24 M3
60-100,L15 M0 L25 M0
60-101,L15 M0 L25 M1
60-102,L15 M0 L25 M2
60-103,L15 T0
60-104,L15 M0 L26 M0
60-105,L15 M0 L26 M1
60-106,L15 M0 L26 M2
60-107,L15 M0 L26 M3
60-108,L15 M0 L27 M0
60-109,L15 M0 L27 M1
60-110,L15 M0 L27 M2
60-111,L15 M0 L27 M3
60-112,L15 M0 L28 M0
60-113,L15 M0 L28 M1
60-114,L15 M0 L28 M2
60-115,L15 M0 L28 M3
61-0,L15 M1 H0
61-1,L15 M1 H1
61-2,L15 M1 H2
61-3,L15 M1 H3
61-4,L15 M1 L1 M0
61-5,L15 M1 L1 M1
61-6,L15 M1 L1 M2
61-7,L15 M1 L1 M3
61-8,L15 M1 L2 M0
61-9,L15 M1 L2 M1
61-10,L15 M1 L2 M2
61-11,L15 M1 L2 M3
61-12,L15 M1 L3 M0
61-13,L15 M1 L3 M1
61-14,L15 M1 L3 M2
61-15,L15 M1 L3 M3
61-16,L15 M1 L4 M0
61-17,L15 M1 L4 M1
61-18,L15 M1 L4 M2
61-19,L15 M1 L4 M3
61-20,L15 M1 L5 M0
61-21,L15 M1 L5 M1
61-22,L15 M1 L5 M2
61-23,L15 M1 L5 M3
61-24,L15 M1 L6 M0
61-25,L15 M1 L6 M1
61-26,L15 M1 L6 M2
61-27,L15 M1 L6 M3
61-28,L15 M1 L7 M0
61-29,L15 M1 L7 M1
61-30,L15 M1 L7 M2
61-31,L15 M1 L7 M3
61-32,L15 M1 L8 M0
61-33,L15 M1 L8 M1
61-34,L15 M1 L8 M2
61-35,L15 M1 L8 M3
61-36,L15 M1 L9 M0
61-37,L15 M1 L9 M1
61-38,L15 M1 L9 M2
61-39,L15 M1 L9 M3
61-40,L15 M1 L10 M0
61-41,L15 M1 L10 M1
61-42,L15 M1 L10 M2
61-43,L15 M1 L10 M3
61-44,L15 M1 L11 M0
61-45,L15 M1 L11 M1
61-46,L15 M1 L11 M2
61-47,L15 M1 L11 M3
61-48,L15 M1 L12 M0
61-49,L15 M1 L12 M1
61-50,L15 M1 L12 M2
61-51,L15 M1 L12 M3
61-52,L15 M1 L13 M0
61-53,L15 M1 L13 M1
61-54,L15 M1 L13 M2
61-55,L15 M1 L13 M3
61-56,L15 M1 L14 M0
61-57,L15 M1 L14 M1
61-58,L15 M1 L14 M2
61-59,L15 M1 L14 M3
61-60,L15 M1 L15 M0
61-61,L15 M1 L15 M1
61-62,L15 M1 L15 M2
61-63,L15 M1 L15 M3
61-64,L15 M1 L16 M0
61-65,L15 M1 L16 M1
61-66,L15 M1 L16 M2
61-67,L15 M1 L16 M3
61-68,L15 M1 L17 M0
61-69,L15 M1 L17 M1
61-70,L15 M1 L17 M2
61-71,L15 M1 L17 M3
61-72,L15 M1 L18 M0
61-73,L15 M1 L18 M1
61-74,L15 M1 L18 M2
61-75,L15 M1 L18 M3
61-76,L15 M1 L19 M0
61-77,L15 M1 L19 M1
61-78,L15 M1 L19 M2
61-79,L15 M1 L19 M3
61-80,L15 M1 L20 M0
61-81,L15 M1 L20 M1
61-82,L15 M1 L20 M2
61-83,L15 M1 L20 M3
61-84,L15 M1 L21 M0
61-85,L15 M1 L21 M1
61-86,L15 M1 L21 M2
61-87,L15 M1 L21 M3
61-88,L15 M1 L22 M0
61-89,L15 M1 L22 M1
61-90,L15 M1 L22 M2
61-91,L15 M1 L22 M3
61-92,L15 M1 L23 M0
61-93,L15 M1 L23 M1
61-94,L15 M1 L23 M2
61-95,L15 M1 L23 M3
61-96,L15 M1 L24 M0
61-97,L15 M1 L24 M1
61-98,L15 M1 L24 M2
61-99,L15 M1 L24 M3
61-100,L15 M1 L25 M0
61-101,L15 M1 L25 M1
61-102,L15 M1 L25 M2
61-103,L15 T1
61-104,L15 M1 L26 M0
61-105,L15 M1 L26 M1
61-106,L15 M1 L26 M2
61-107,L15 M1 L26 M3
61-108,L15 M1 L27 M0
61-109,L15 M1 L27 M1
61-110,L15 M1 L27 M2
61-111,L15 M1 L27 M3
61-112,L15 M1 L28 M0
61-113,L15 M1 L28 M1
61-114,L15 M1 L28 M2
61-115,L15 M1 L28
62-0,L15 M2 H0
62-1,L15 M2 H1
62-2,L15 M2 H2
62-3,L15 M2 H3
62-4,L15 M2 L1 M0
62-5,L15 M2 L1 M1
62-6,L15 M2 L1 M2
62-7,L15 M2 L1 M3
62-8,L15 M2 L2 M0
62-9,L15 M2 L2 M1
62-10,L15 M2 L2 M2
62-11,L15 M2 L2 M3
62-12,L15 M2 L3 M0
62-13,L15 M2 L3 M1
62-14,L15 M2 L3 M2
62-15,L15 M2 L3 M3
62-16,L15 M2 L4 M0
62-17,L15 M2 L4 M1
62-18,L15 M2 L4 M2
62-19,L15 M2 L4 M3
62-20,L15 M2 L5 M0
62-21,L15 M2 L5 M1
62-22,L15 M2 L5 M2
62-23,L15 M2 L5 M3
62-24,L15 M2 L6 M0
62-25,L15 M2 L6 M1
62-26,L15 M2 L6 M2
62-27,L15 M2 L6 M3
62-28,L15 M2 L7 M0
62-29,L15 M2 L7 M1
62-30,L15 M2 L7 M2
62-31,L15 M2 L7 M3
62-32,L15 M2 L8 M0
62-33,L15 M2 L8 M1
62-34,L15 M2 L8 M2
62-35,L15 M2 L8 M3
62-36,L15 M2 L9 M0
62-37,L15 M2 L9 M1
62-38,L15 M2 L9 M2
62-39,L15 M2 L9 M3
62-40,L15 M2 L10 M0
62-41,L15 M2 L10 M1
62-42,L15 M2 L10 M2
62-43,L15 M2 L10 M3
62-44,L15 M2 L11 M0
62-45,L15 M2 L11 M1
62-46,L15 M2 L11 M2
62-47,L15 M2 L11 M3
62-48,L15 M2 L12 M0
62-49,L15 M2 L12 M1
62-50,L15 M2 L12 M2
62-51,L15 M2 L12 M3
62-52,L15 M2 L13 M0
62-53,L15 M2 L13 M1
62-54,L15 M2 L13 M2
62-55,L15 M2 L13 M3
62-56,L15 M2 L14 M0
62-57,L15 M2 L14 M1
62-58,L15 M2 L14 M2
62-59,L15 M2 L14 M3
62-60,L15 M2 L15 M0
62-61,L15 M2 L15 M1
62-62,L15 M2 L15 M2
62-63,L15 M2 L15 M3
62-64,L15 M2 L16 M0
62-65,L15 M2 L16 M1
62-66,L15 M2 L16 M2
62-67,L15 M2 L16 M3
62-68,L15 M2 L17 M0
62-69,L15 M2 L17 M1
62-70,L15 M2 L17 M2
62-71,L15 M2 L17 M3
62-72,L15 M2 L18 M0
62-73,L15 M2 L18 M1
62-74,L15 M2 L18 M2
62-75,L15 M2 L18 M3
62-76,L15 M2 L19 M0
62-77,L15 M2 L19 M1
62-78,L15 M2 L19 M2
62-79,L15 M2 L19 M3
62-80,L15 M2 L20 M0
62-81,L15 M2 L20 M1
62-82,L15 M2 L20 M2
62-83,L15 M2 L20 M3
62-84,L15 M2 L21 M0
62-85,L15 M2 L21 M1
62-86,L15 M2 L21 M2
62-87,L15 M2 L21 M3
62-88,L15 M2 L22 M0
62-89,L15 M2 L22 M1
62-90,L15 M2 L22 M2
62-91,L15 M2 L22 M3
62-92,L15 M2 L23 M0
62-93,L15 M2 L23 M1
62-94,L15 M2 L23 M2
62-95,L15 M2 L23 M3
62-96,L15 M2 L24 M0
62-97,L15 M2 L24 M1
62-98,L15 M2 L24 M2
62-99,L15 M2 L24 M3
62-100,L15 M2 L25 M0
62-101,L15 M2 L25 M1
62-102,L15 M2 L25 M2
62-103,L15 T2
62-104,L15 M2 L26 M0
62-105,L15 M2 L26 M1
62-106,L15 M2 L26 M2
62-107,L15 M2 L26 M3
62-108,L15 M2 L27 M0
62-109,L15 M2 L27 M1
62-110,L15 M2 L27 M2
62-111,L15 M2 L27
62-112,L15 M2 L28 M0
62-113,L15 M2 L28 M1
62-114,L15 M2 L28 M2
62-115,L15 M2 L28 M3
63-0,L15 M3 H0
63-1,L15 M3 H1
63-2,L15 M3 H2
63-3,L15 M3 H3
63-4,L15 M3 L1 M0
63-5,L15 M3 L1 M1
63-6,L15 M3 L1 M2
63-7,L15 M3 L1 M3
63-8,L15 M3 L2 M0
63-9,L15 M3 L2 M1
63-10,L15 M3 L2 M2
63-11,L15 M3 L2 M3
63-12,L15 M3 L3 M0
63-13,L15 M3 L3 M1
63-14,L15 M3 L3 M2
63-15,L15 M3 L3 M3
63-16,L15 M3 L4 M0
63-17,L15 M3 L4 M1
63-18,L15 M3 L4 M2
63-19,L15 M3 L4 M3
63-20,L15 M3 L5 M0
63-21,L15 M3 L5 M1
63-22,L15 M3 L5 M2
63-23,L15 M3 L5 M3
63-24,L15 M3 L6 M0
63-25,L15 M3 L6 M1
63-26,L15 M3 L6 M2
63-27,L15 M3 L6 M3
63-28,L15 M3 L7 M0
63-29,L15 M3 L7 M1
63-30,L15 M3 L7 M2
63-31,L15 M3 L7 M3
63-32,L15 M3 L8 M0
63-33,L15 M3 L8 M1
63-34,L15 M3 L8 M2
63-35,L15 M3 L8 M3
63-36,L15 M3 L9 M0
63-37,L15 M3 L9 M1
63-38,L15 M3 L9 M2
63-39,L15 M3 L9 M3
63-40,L15 M3 L10 M0
63-41,L15 M3 L10 M1
63-42,L15 M3 L10 M2
63-43,L15 M3 L10 M3
63-44,L15 M3 L11 M0
63-45,L15 M3 L11 M1
63-46,L15 M3 L11 M2
63-47,L15 M3 L11 M3
63-48,L15 M3 L12 M0
63-49,L15 M3 L12 M1
63-50,L15 M3 L12 M2
63-51,L15 M3 L12 M3
63-52,L15 M3 L13 M0
63-53,L15 M3 L13 M1
63-54,L15 M3 L13 M2
63-55,L15 M3 L13 M3
63-56,L15 M3 L14 M0
63-57,L15 M3 L14 M1
63-58,L15 M3 L14 M2
63-59,L15 M3 L14 M3
63-60,L15 M3 L15 M0
63-61,L15 M3 L15 M1
63-62,L15 M3 L15 M2
63-63,L15 M3 L15 M3
63-64,L15 M3 L16 M0
63-65,L15 M3 L16 M1
63-66,L15 M3 L16 M2
63-67,L15 M3 L16 M3
63-68,L15 M3 L17 M0
63-69,L15 M3 L17 M1
63-70,L15 M3 L17 M2
63-71,L15 M3 L17 M3
63-72,L15 M3 L18 M0
63-73,L15 M3 L18 M1
63-74,L15 M3 L18 M2
63-75,L15 M3 L18 M3
63-76,L15 M3 L19 M0
63-77,L15 M3 L19 M1
63-78,L15 M3 L19 M2
63-79,L15 M3 L19 M3
63-80,L15 M3 L20 M0
63-81,L15 M3 L20 M1
63-82,L15 M3 L20 M2
63-83,L15 M3 L20 M3
63-84,L15 M3 L21 M0
63-85,L15 M3 L21 M1
63-86,L15 M3 L21 M2
63-87,L15 M3 L21 M3
63-88,L15 M3 L22 M0
63-89,L15 M3 L22 M1
63-90,L15 M3 L22 M2
63-91,L15 M3 L22 M3
63-92,L15 M3 L23 M0
63-93,L15 M3 L23 M1
63-94,L15 M3 L23 M2
63-95,L15 M3 L23 M3
63-96,L15 M3 L24 M0
63-97,L15 M3 L24 M1
63-98,L15 M3 L24 M2
63-99,L15 M3 L24 M3
63-100,L15 M3 L25 M0
63-101,L15 M3 L25 M1
63-102,L15 M3 L25 M2
63-103,L15 M3 L25 M3
63-104,L15 M3 L26 M0
63-105,L15 M3 L26 M1
63-106,L15 M3 L26 M2
63-107,L15 M3 L26 M3
63-108,L15 M3 L27 M0
63-109,L15 M3 L27 M1
63-110,L15 M3 L27 M2
63-111,L15 M3 L27 M3
63-112,L15 M3 L28 M0
63-113,L15 M3 L28 M1
63-114,L15 M3 L28 M2
63-115,L15 M3 L28 M3
64-0,L16 M0 H0
64-1,L16 M0 H1
64-2,L16 M0 H2
64-3,L16 M0 H3
64-4,L16 M0 L1 M0
64-5,L16 M0 L1 M1
64-6,L16 M0 L1 M2
64-7,L16 M0 L1 M3
64-8,L16 M0 L2 M0
64-9,L16 M0 L2 M1
64-10,L16 M0 L2 M2
64-11,L16 M0 L2 M3
64-12,L16 M0 L3 M0
64-13,L16 M0 L3 M1
64-14,L16 M0 L3 M2
64-15,L16 M0 L3 M3
64-16,L16 M0 L4 M0
64-17,L16 M0 L4 M1
64-18,L16 M0 L4 M2
64-19,L16 M0 L4 M3
64-20,L16 M0 L5 M0
64-21,L16 M0 L5 M1
64-22,L16 M0 L5 M2
64-23,L16 M0 L5 M3
64-24,L16 M0 L6 M0
64-25,L16 M0 L6 M1
64-26,L16 M0 L6 M2
64-27,L16 M0 L6 M3
64-28,L16 M0 L7 M0
64-29,L16 M0 L7 M1
64-30,L16 M0 L7 M2
64-31,L16 M0 L7 M3
64-32,L16 M0 L8 M0
64-33,L16 M0 L8 M1
64-34,L16 M0 L8 M2
64-35,L16 M0 L8 M3
64-36,L16 M0 L9 M0
64-37,L16 M0 L9 M1
64-38,L16 M0 L9 M2
64-39,L16 M0 L9 M3
64-40,L16 M0 L10 M0
64-41,L16 M0 L10 M1
64-42,L16 M0 L10 M2
64-43,L16 M0 L10 M3
64-44,L16 M0 L11 M0
64-45,L16 M0 L11 M1
64-46,L16 M0 L11 M2
64-47,L16 M0 L11 M3
64-48,L16 M0 L12 M0
64-49,L16 M0 L12 M1
64-50,L16 M0 L12 M2
64-51,L16 M0 L12 M3
64-52,L16 M0 L13 M0
64-53,L16 M0 L13 M1
64-54,L16 M0 L13 M2
64-55,L16 M0 L13 M3
64-56,L16 M0 L14 M0
64-57,L16 M0 L14 M1
64-58,L16 M0 L14 M2
64-59,L16 M0 L14 M3
64-60,L16 M0 L15 M0
64-61,L16 M0 L15 M1
64-62,L16 M0 L15 M2
64-63,L16 M0 L15 M3
64-64,L16 M0 L16 M0
64-65,L16 M0 L16 M1
64-66,L16 M0 L16 M2
64-67,L16 M0 L16 M3
64-68,L16 M0 L17 M0
64-69,L16 M0 L17 M1
64-70,L16 M0 L17 M2
64-71,L16 M0 L17 M3
64-72,L16 M0 L18 M0
64-73,L16 M0 L18 M1
64-74,L16 M0 L18 M2
64-75,L16 M0 L18 M3
64-76,L16 M0 L19 M0
64-77,L16 M0 L19 M1
64-78,L16 M0 L19 M2
64-79,L16 M0 L19 M3
64-80,L16 M0 L20 M0
64-81,L16 M0 L20 M1
64-82,L16 M0 L20 M2
64-83,L16 M0 L20 M3
64-84,L16 M0 L21 M0
64-85,L16 M0 L21 M1
64-86,L16 M0 L21 M2
64-87,L16 M0 L21 M3
64-88,L16 M0 L22 M0
64-89,L16 M0 L22 M1
64-90,L16 M0 L22 M2
64-91,L16 M0 L22 M3
64-92,L16 M0 L23 M0
64-93,L16 M0 L23 M1
64-94,L16 M0 L23 M2
64-95,L16 M0 L23 M3
64-96,L16 M0 L24 M0
64-97,L16 M0 L24 M1
64-98,L16 M0 L24 M2
64-99,L16 M0 L24 M3
64-100,L16 M0 L25 M0
64-101,L16 M0 L25 M1
64-102,L16 M0 L25 M2
64-103,L16 T0
64-104,L16 M0 L26 M0
64-105,L16 M0 L26 M1
64-106,L16 M0 L26 M2
64-107,L16 M0 L26 M3
64-108,L16 M0 L27 M0
64-109,L16 M0 L27 M1
64-110,L16 M0 L27 M2
64-111,L16 M0 L27 M3
64-112,L16 M0 L28 M0
64-113,L16 M0 L28 M1
64-114,L16 M0 L28 M2
64-115,L16 M0 L28 M3
65-0,L16 M1 H0
65-1,L16 M1 H1
65-2,L16 M1 H2
65-3,L16 M1 H3
65-4,L16 M1 L1 M0
65-5,L16 M1 L1 M1
65-6,L16 M1 L1 M2
65-7,L16 M1 L1 M3
65-8,L16 M1 L2 M0
65-9,L16 M1 L2 M1
65-10,L16 M1 L2 M2
65-11,L16 M1 L2 M3
65-12,L16 M1 L3 M0
65-13,L16 M1 L3 M1
65-14,L16 M1 L3 M2
65-15,L16 M1 L3 M3
65-16,L16 M1 L4 M0
65-17,L16 M1 L4 M1
65-18,L16 M1 L4 M2
65-19,L16 M1 L4 M3
65-20,L16 M1 L5 M0
65-21,L16 M1 L5 M1
65-22,L16 M1 L5 M2
65-23,L16 M1 L5 M3
65-24,L16 M1 L6 M0
65-25,L16 M1 L6 M1
65-26,L16 M1 L6 M2
65-27,L16 M1 L6 M3
65-28,L16 M1 L7 M0
65-29,L16 M1 L7 M1
65-30,L16 M1 L7 M2
65-31,L16 M1 L7 M3
65-32,L16 M1 L8 M0
65-33,L16 M1 L8 M1
65-34,L16 M1 L8 M2
65-35,L16 M1 L8 M3
65-36,L16 M1 L9 M0
65-37,L16 M1 L9 M1
65-38,L16 M1 L9 M2
65-39,L16 M1 L9 M3
65-40,L16 M1 L10 M0
65-41,L16 M1 L10 M1
65-42,L16 M1 L10 M2
65-43,L16 M1 L10 M3
65-44,L16 M1 L11 M0
65-45,L16 M1 L11 M1
65-46,L16 M1 L11 M2
65-47,L16 M1 L11 M3
65-48,L16 M1 L12 M0
65-49,L16 M1 L12 M1
65-50,L16 M1 L12 M2
65-51,L16 M1 L12 M3
65-52,L16 M1 L13 M0
65-53,L16 M1 L13 M1
65-54,L16 M1 L13 M2
65-55,L16 M1 L13 M3
65-56,L16 M1 L14 M0
65-57,L16 M1 L14 M1
65-58,L16 M1 L14 M2
65-59,L16 M1 L14 M3
65-60,L16 M1 L15 M0
65-61,L16 M1 L15 M1
65-62,L16 M1 L15 M2
65-63,L16 M1 L15 M3
65-64,L16 M1 L16 M0
65-65,L16 M1 L16 M1
65-66,L16 M1 L16 M2
65-67,L16 M1 L16 M3
65-68,L16 M1 L17 M0
65-69,L16 M1 L17 M1
65-70,L16 M1 L17 M2
65-71,L16 M1 L17 M3
65-72,L16 M1 L18 M0
65-73,L16 M1 L18 M1
65-74,L16 M1 L18 M2
65-75,L16 M1 L18 M3
65-76,L16 M1 L19 M0
65-77,L16 M1 L19 M1
65-78,L16 M1 L19 M2
65-79,L16 M1 L19 M3
65-80,L16 M1 L20 M0
65-81,L16 M1 L20 M1
65-82,L16 M1 L20 M2
65-83,L16 M1 L20 M3
65-84,L16 M1 L21 M0
65-85,L16 M1 L21 M1
65-86,L16 M1 L21 M2
65-87,L16 M1 L21 M3
65-88,L16 M1 L22 M0
65-89,L16 M1 L22 M1
65-90,L16 M1 L22 M2
65-91,L16 M1 L22 M3
65-92,L16 M1 L23 M0
65-93,L16 M1 L23 M1
65-94,L16 M1 L23 M2
65-95,L16 M1 L23 M3
65-96,L16 M1 L24 M0
65-97,L16 M1 L24 M1
65-98,L16 M1 L24 M2
65-99,L16 M1 L24 M3
65-100,L16 M1 L25 M0
65-101,L16 M1 L25 M1
65-102,L16 M1 L25 M2
65-103,L16 T1
65-104,L16 M1 L26 M0
65-105,L16 M1 L26 M1
65-106,L16 M1 L26 M2
65-107,L16 M1 L26 M3
65-108,L16 M1 L27 M0
65-109,L16 M1 L27 M1
65-110,L16 M1 L27 M2
65-111,L16 M1 L27 M3
65-112,L16 M1 L28 M0
65-113,L16 M1 L28 M1
65-114,L16 M1 L28 M2
65-115,L16 M1 L28
66-0,L16 M2 H0
66-1,L16 M2 H1
66-2,L16 M2 H2
66-3,L16 M2 H3
66-4,L16 M2 L1 M0
66-5,L16 M2 L1 M1
66-6,L16 M2 L1 M2
66-7,L16 M2 L1 M3
66-8,L16 M2 L2 M0
66-9,L16 M2 L2 M1
66-10,L16 M2 L2 M2
66-11,L16 M2 L2 M3
66-12,L16 M2 L3 M0
66-13,L16 M2 L3 M1
66-14,L16 M2 L3 M2
66-15,L16 M2 L3 M3
66-16,L16 M2 L4 M0
66-17,L16 M2 L4 M1
66-18,L16 M2 L4 M2
66-19,L16 M2 L4 M3
66-20,L16 M2 L5 M0
66-21,L16 M2 L5 M1
66-22,L16 M2 L5 M2
66-23,L16 M2 L5 M3
66-24,L16 M2 L6 M0
66-25,L16 M2 L6 M1
66-26,L16 M2 L6 M2
66-27,L16 M2 L6 M3
66-28,L16 M2 L7 M0
66-29,L16 M2 L7 M1
66-30,L16 M2 L7 M2
66-31,L16 M2 L7 M3
66-32,L16 M2 L8 M0
66-33,L16 M2 L8 M1
66-34,L16 M2 L8 M2
66-35,L16 M2 L8 M3
66-36,L16 M2 L9 M0
66-37,L16 M2 L9 M1
66-38,L16 M2 L9 M2
66-39,L16 M2 L9 M3
66-40,L16 M2 L10 M0
66-41,L16 M2 L10 M1
66-42,L16 M2 L10 M2
66-43,L16 M2 L10 M3
66-44,L16 M2 L11 M0
66-45,L16 M2 L11 M1
66-46,L16 M2 L11 M2
66-47,L16 M2 L11 M3
66-48,L16 M2 L12 M0
66-49,L16 M2 L12 M1
66-50,L16 M2 L12 M2
66-51,L16 M2 L12 M3
66-52,L16 M2 L13 M0
66-53,L16 M2 L13 M1
66-54,L16 M2 L13 M2
66-55,L16 M2 L13 M3
66-56,L16 M2 L14 M0
66-57,L16 M2 L14 M1
66-58,L16 M2 L14 M2
66-59,L16 M2 L14 M3
66-60,L16 M2 L15 M0
66-61,L16 M2 L15 M1
66-62,L16 M2 L15 M2
66-63,L16 M2 L15 M3
66-64,L16 M2 L16 M0
66-65,L16 M2 L16 M1
66-66,L16 M2 L16 M2
66-67,L16 M2 L16 M3
66-68,L16 M2 L17 M0
66-69,L16 M2 L17 M1
66-70,L16 M2 L17 M2
66-71,L16 M2 L17 M3
66-72,L16 M2 L18 M0
66-73,L16 M2 L18 M1
66-74,L16 M2 L18 M2
66-75,L16 M2 L18 M3
66-76,L16 M2 L19 M0
66-77,L16 M2 L19 M1
66-78,L16 M2 L19 M2
66-79,L16 M2 L19 M3
66-80,L16 M2 L20 M0
66-81,L16 M2 L20 M1
66-82,L16 M2 L20 M2
66-83,L16 M2 L20 M3
66-84,L16 M2 L21 M0
66-85,L16 M2 L21 M1
66-86,L16 M2 L21 M2
66-87,L16 M2 L21 M3
66-88,L16 M2 L22 M0
66-89,L16 M2 L22 M1
66-90,L16 M2 L22 M2
66-91,L16 M2 L22 M3
66-92,L16 M2 L23 M0
66-93,L16 M2 L23 M1
66-94,L16 M2 L23 M2
66-95,L16 M2 L23 M3
66-96,L16 M2 L24 M0
66-97,L16 M2 L24 M1
66-98,L16 M2 L24 M2
66-99,L16 M2 L24 M3
66-100,L16 M2 L25 M0
66-101,L16 M2 L25 M1
66-102,L16 M2 L25 M2
66-103,L16 T2
66-104,L16 M2 L26 M0
66-105,L16 M2 L26 M1
66-106,L16 M2 L26 M2
66-107,L16 M2 L26 M3
66-108,L16 M2 L27 M0
66-109,L16 M2 L27 M1
66-110,L16 M2 L27 M2
66-111,L16 M2 L27
66-112,L16 M2 L28 M0
66-113,L16 M2 L28 M1
66-114,L16 M2 L28 M2
66-115,L16 M2 L28 M3
67-0,L16 M3 H0
67-1,L16 M3 H1
67-2,L16 M3 H2
67-3,L16 M3 H3
67-4,L16 M3 L1 M0
67-5,L16 M3 L1 M1
67-6,L16 M3 L1 M2
67-7,L16 M3 L1 M3
67-8,L16 M3 L2 M0
67-9,L16 M3 L2 M1
67-10,L16 M3 L2 M2
67-11,L16 M3 L2 M3
67-12,L16 M3 L3 M0
67-13,L16 M3 L3 M1
67-14,L16 M3 L3 M2
67-15,L16 M3 L3 M3
67-16,L16 M3 L4 M0
67-17,L16 M3 L4 M1
67-18,L16 M3 L4 M2
67-19,L16 M3 L4 M3
67-20,L16 M3 L5 M0
67-21,L16 M3 L5 M1
67-22,L16 M3 L5 M2
67-23,L16 M3 L5 M3
67-24,L16 M3 L6 M0
67-25,L16 M3 L6 M1
67-26,L16 M3 L6 M2
67-27,L16 M3 L6 M3
67-28,L16 M3 L7 M0
67-29,L16 M3 L7 M1
67-30,L16 M3 L7 M2
67-31,L16 M3 L7 M3
67-32,L16 M3 L8 M0
67-33,L16 M3 L8 M1
67-34,L16 M3 L8 M2
67-35,L16 M3 L8 M3
67-36,L16 M3 L9 M0
67-37,L16 M3 L9 M1
67-38,L16 M3 L9 M2
67-39,L16 M3 L9 M3
67-40,L16 M3 L10 M0
67-41,L16 M3 L10 M1
67-42,L16 M3 L10 M2
67-43,L16 M3 L10 M3
67-44,L16 M3 L11 M0
67-45,L16 M3 L11 M1
67-46,L16 M3 L11 M2
67-47,L16 M3 L11 M3
67-48,L16 M3 L12 M0
67-49,L16 M3 L12 M1
67-50,L16 M3 L12 M2
67-51,L16 M3 L12 M3
67-52,L16 M3 L13 M0
67-53,L16 M3 L13 M1
67-54,L16 M3 L13 M2
67-55,L16 M3 L13 M3
67-56,L16 M3 L14 M0
67-57,L16 M3 L14 M1
67-58,L16 M3 L14 M2
67-59,L16 M3 L14 M3
67-60,L16 M3 L15 M0
67-61,L16 M3 L15 M1
67-62,L16 M3 L15 M2
67-63,L16 M3 L15 M3
67-64,L16 M3 L16 M0
67-65,L16 M3 L16 M1
67-66,L16 M3 L16 M2
67-67,L16 M3 L16 M3
67-68,L16 M3 L17 M0
67-69,L16 M3 L17 M1
67-70,L16 M3 L17 M2
67-71,L16 M3 L17 M3
67-72,L16 M3 L18 M0
67-73,L16 M3 L18 M1
67-74,L16 M3 L18 M2
67-75,L16 M3 L18 M3
67-76,L16 M3 L19 M0
67-77,L16 M3 L19 M1
67-78,L16 M3 L19 M2
67-79,L16 M3 L19 M3
67-80,L16 M3 L20 M0
67-81,L16 M3 L20 M1
67-82,L16 M3 L20 M2
67-83,L16 M3 L20 M3
67-84,L16 M3 L21 M0
67-85,L16 M3 L21 M1
67-86,L16 M3 L21 M2
67-87,L16 M3 L21 M3
67-88,L16 M3 L22 M0
67-89,L16 M3 L22 M1
67-90,L16 M3 L22 M2
67-91,L16 M3 L22 M3
67-92,L16 M3 L23 M0
67-93,L16 M3 L23 M1
67-94,L16 M3 L23 M2
67-95,L16 M3 L23 M3
67-96,L16 M3 L24 M0
67-97,L16 M3 L24 M1
67-98,L16 M3 L24 M2
67-99,L16 M3 L24 M3
67-100,L16 M3 L25 M0
67-101,L16 M3 L25 M1
67-102,L16 M3 L25 M2
67-103,L16 M3 L25 M3
67-104,L16 M3 L26 M0
67-105,L16 M3 L26 M1
67-106,L16 M3 L26 M2
67-107,L16 M3 L26 M3
67-108,L16 M3 L27 M0
67-109,L16 M3 L27 M1
67-110,L16 M3 L27 M2
67-111,L16 M3 L27 M3
67-112,L16 M3 L28 M0
67-113,L16 M3 L28 M1
67-114,L16 M3 L28 M2
67-115,L16 M3 L28 M3
68-0,L17 M0 H0
68-1,L17 M0 H1
68-2,L17 M0 H2
68-3,L17 M0 H3
68-4,L17 M0 L1 M0
68-5,L17 M0 L1 M1
68-6,L17 M0 L1 M2
68-7,L17 M0 L1 M3
68-8,L17 M0 L2 M0
68-9,L17 M0 L2 M1
68-10,L17 M0 L2 M2
68-11,L17 M0 L2 M3
68-12,L17 M0 L3 M0
68-13,L17 M0 L3 M1
68-14,L17 M0 L3 M2
68-15,L17 M0 L3 M3
68-16,L17 M0 L4 M0
68-17,L17 M0 L4 M1
68-18,L17 M0 L4 M2
68-19,L17 M0 L4 M3
68-20,L17 M0 L5 M0
68-21,L17 M0 L5 M1
68-22,L17 M0 L5 M2
68-23,L17 M0 L5 M3
68-24,L17 M0 L6 M0
68-25,L17 M0 L6 M1
68-26,L17 M0 L6 M2
68-27,L17 M0 L6 M3
68-28,L17 M0 L7 M0
68-29,L17 M0 L7 M1
68-30,L17 M0 L7 M2
68-31,L17 M0 L7 M3
68-32,L17 M0 L8 M0
68-33,L17 M0 L8 M1
68-34,L17 M0 L8 M2
68-35,L17 M0 L8 M3
68-36,L17 M0 L9 M0
68-37,L17 M0 L9 M1
68-38,L17 M0 L9 M2
68-39,L17 M0 L9 M3
68-40,L17 M0 L10 M0
68-41,L17 M0 L10 M1
68-42,L17 M0 L10 M2
68-43,L17 M0 L10 M3
68-44,L17 M0 L11 M0
68-45,L17 M0 L11 M1
68-46,L17 M0 L11 M2
68-47,L17 M0 L11 M3
68-48,L17 M0 L12 M0
68-49,L17 M0 L12 M1
68-50,L17 M0 L12 M2
68-51,L17 M0 L12 M3
68-52,L17 M0 L13 M0
68-53,L17 M0 L13 M1
68-54,L17 M0 L13 M2
68-55,L17 M0 L13 M3
68-56,L17 M0 L14 M0
68-57,L17 M0 L14 M1
68-58,L17 M0 L14 M2
68-59,L17 M0 L14 M3
68-60,L17 M0 L15 M0
68-61,L17 M0 L15 M1
68-62,L17 M0 L15 M2
68-63,L17 M0 L15 M3
68-64,L17 M0 L16 M0
68-65,L17 M0 L16 M1
68-66,L17 M0 L16 M2
68-67,L17 M0 L16 M3
68-68,L17 M0 L17 M0
68-69,L17 M0 L17 M1
68-70,L17 M0 L17 M2
68-71,L17 M0 L17 M3
68-72,L17 M0 L18 M0
68-73,L17 M0 L18 M1
68-74,L17 M0 L18 M2
68-75,L17 M0 L18 M3
68-76,L17 M0 L19 M0
68-77,L17 M0 L19 M1
68-78,L17 M0 L19 M2
68-79,L17 M0 L19 M3
68-80,L17 M0 L20 M0
68-81,L17 M0 L20 M1
68-82,L17 M0 L20 M2
68-83,L17 M0 L20 M3
68-84,L17 M0 L21 M0
68-85,L17 M0 L21 M1
68-86,L17 M0 L21 M2
68-87,L17 M0 L21 M3
68-88,L17 M0 L22 M0
68-89,L17 M0 L22 M1
68-90,L17 M0 L22 M2
68-91,L17 M0 L22 M3
68-92,L17 M0 L23 M0
68-93,L17 M0 L23 M1
68-94,L17 M0 L23 M2
68-95,L17 M0 L23 M3
68-96,L17 M0 L24 M0
68-97,L17 M0 L24 M1
68-98,L17 M0 L24 M2
68-99,L17 M0 L24 M3
68-100,L17 M0 L25 M0
68-101,L17 M0 L25 M1
68-102,L17 M0 L25 M2
68-103,L17 T0
68-104,L17 M0 L26 M0
68-105,L17 M0 L26 M1
68-106,L17 M0 L26 M2
68-107,L17 M0 L26 M3
68-108,L17 M0 L27 M0
68-109,L17 M0 L27 M1
68-110,L17 M0 L27 M2
68-111,L17 M0 L27 M3
68-112,L17 M0 L28 M0
68-113,L17 M0 L28 M1
68-114,L17 M0 L28 M2
68-115,L17 M0 L28 M3
69-0,L17 M1 H0
69-1,L17 M1 H1
69-2,L17 M1 H2
69-3,L17 M1 H3
69-4,L17 M1 L1 M0
69-5,L17 M1 L1 M1
69-6,L17 M1 L1 M2
69-7,L17 M1 L1 M3
69-8,L17 M1 L2 M0
69-9,L17 M1 L2 M1
69-10,L17 M1 L2 M2
69-11,L17 M1 L2 M3
69-12,L17 M1 L3 M0
69-13,L17 M1 L3 M1
69-14,L17 M1 L3 M2
69-15,L17 M1 L3 M3
69-16,L17 M1 L4 M0
69-17,L17 M1 L4 M1
69-18,L17 M1 L4 M2
69-19,L17 M1 L4 M3
69-20,L17 M1 L5 M0
69-21,L17 M1 L5 M1
69-22,L17 M1 L5 M2
69-23,L17 M1 L5 M3
69-24,L17 M1 L6 M0
69-25,L17 M1 L6 M1
69-26,L17 M1 L6 M2
69-27,L17 M1 L6 M3
69-28,L17 M1 L7 M0
69-29,L17 M1 L7 M1
69-30,L17 M1 L7 M2
69-31,L17 M1 L7 M3
69-32,L17 M1 L8 M0
69-33,L17 M1 L8 M1
69-34,L17 M1 L8 M2
69-35,L17 M1 L8 M3
69-36,L17 M1 L9 M0
69-37,L17 M1 L9 M1
69-38,L17 M1 L9 M2
69-39,L17 M1 L9 M3
69-40,L17 M1 L10 M0
69-41,L17 M1 L10 M1
69-42,L17 M1 L10 M2
69-43,L17 M1 L10 M3
69-44,L17 M1 L11 M0
69-45,L17 M1 L11 M1
69-46,L17 M1 L11 M2
69-47,L17 M1 L11 M3
69-48,L17 M1 L12 M0
69-49,L17 M1 L12 M1
69-50,L17 M1 L12 M2
69-51,L17 M1 L12 M3
69-52,L17 M1 L13 M0
69-53,L17 M1 L13 M1
69-54,L17 M1 L13 M2
69-55,L17 M1 L13 M3
69-56,L17 M1 L14 M0
69-57,L17 M1 L14 M1
69-58,L17 M1 L14 M2
69-59,L17 M1 L14 M3
69-60,L17 M1 L15 M0
69-61,L17 M1 L15 M1
69-62,L17 M1 L15 M2
69-63,L17 M1 L15 M3
69-64,L17 M1 L16 M0
69-65,L17 M1 L16 M1
69-66,L17 M1 L16 M2
69-67,L17 M1 L16 M3
69-68,L17 M1 L17 M0
69-69,L17 M1 L17 M1
69-70,L17 M1 L17 M2
69-71,L17 M1 L17 M3
69-72,L17 M1 L18 M0
69-73,L17 M1 L18 M1
69-74,L17 M1 L18 M2
69-75,L17 M1 L18 M3
69-76,L17 M1 L19 M0
69-77,L17 M1 L19 M1
69-78,L17 M1 L19 M2
69-79,L17 M1 L19 M3
69-80,L17 M1 L20 M0
69-81,L17 M1 L20 M1
69-82,L17 M1 L20 M2
69-83,L17 M1 L20 M3
69-84,L17 M1 L21 M0
69-85,L17 M1 L21 M1
69-86,L17 M1 L21 M2
69-87,L17 M1 L21 M3
69-88,L17 M1 L22 M0
69-89,L17 M1 L22 M1
69-90,L17 M1 L22 M2
69-91,L17 M1 L22 M3
69-92,L17 M1 L23 M0
69-93,L17 M1 L23 M1
69-94,L17 M1 L23 M2
69-95,L17 M1 L23 M3
69-96,L17 M1 L24 M0
69-97,L17 M1 L24 M1
69-98,L17 M1 L24 M2
69-99,L17 M1 L24 M3
69-100,L17 M1 L25 M0
69-101,L17 M1 L25 M1
69-102,L17 M1 L25 M2
69-103,L17 T1
69-104,L17 M1 L26 M0
69-105,L17 M1 L26 M1
69-106,L17 M1 L26 M2
69-107,L17 M1 L26 M3
69-108,L17 M1 L27 M0
69-109,L17 M1 L27 M1
69-110,L17 M1 L27 M2
69-111,L17 M1 L27 M3
69-112,L17 M1 L28 M0
69-113,L17 M1 L28 M1
69-114,L17 M1 L28 M2
69-115,L17 M1 L28
70-0,L17 M2 H0
70-1,L17 M2 H1
70-2,L17 M2 H2
70-3,L17 M2 H3
70-4,L17 M2 L1 M0
70-5,L17 M2 L1 M1
70-6,L17 M2 L1 M2
70-7,L17 M2 L1 M3
70-8,L17 M2 L2 M0
70-9,L17 M2 L2 M1
70-10,L17 M2 L2 M2
70-11,L17 M2 L2 M3
70-12,L17 M2 L3 M0
70-13,L17 M2 L3 M1
70-14,L17 M2 L3 M2
70-15,L17 M2 L3 M3
70-16,L17 M2 L4 M0
70-17,L17 M2 L4 M1
70-18,L17 M2 L4 M2
70-19,L17 M2 L4 M3
70-20,L17 M2 L5 M0
70-21,L17 M2 L5 M1
70-22,L17 M2 L5 M2
70-23,L17 M2 L5 M3
70-24,L17 M2 L6 M0
70-25,L17 M2 L6 M1
70-26,L17 M2 L6 M2
70-27,L17 M2 L6 M3
70-28,L17 M2 L7 M0
70-29,L17 M2 L7 M1
70-30,L17 M2 L7 M2
70-31,L17 M2 L7 M3
70-32,L17 M2 L8 M0
70-33,L17 M2 L8 M1
70-34,L17 M2 L8 M2
70-35,L17 M2 L8 M3
70-36,L17 M2 L9 M0
70-37,L17 M2 L9 M1
70-38,L17 M2 L9 M2
70-39,L17 M2 L9 M3
70-40,L17 M2 L10 M0
70-41,L17 M2 L10 M1
70-42,L17 M2 L10 M2
70-43,L17 M2 L10 M3
70-44,L17 M2 L11 M0
70-45,L17 M2 L11 M1
70-46,L17 M2 L11 M2
70-47,L17 M2 L11 M3
70-48,L17 M2 L12 M0
70-49,L17 M2 L12 M1
70-50,L17 M2 L12 M2
70-51,L17 M2 L12 M3
70-52,L17 M2 L13 M0
70-53,L17 M2 L13 M1
70-54,L17 M2 L13 M2
70-55,L17 M2 L13 M3
70-56,L17 M2 L14 M0
70-57,L17 M2 L14 M1
70-58,L17 M2 L14 M2
70-59,L17 M2 L14 M3
70-60,L17 M2 L15 M0
70-61,L17 M2 L15 M1
70-62,L17 M2 L15 M2
70-63,L17 M2 L15 M3
70-64,L17 M2 L16 M0
70-65,L17 M2 L16 M1
70-66,L17 M2 L16 M2
70-67,L17 M2 L16 M3
70-68,L17 M2 L17 M0
70-69,L17 M2 L17 M1
70-70,L17 M2 L17 M2
70-71,L17 M2 L17 M3
70-72,L17 M2 L18 M0
70-73,L17 M2 L18 M1
70-74,L17 M2 L18 M2
70-75,L17 M2 L18 M3
70-76,L17 M2 L19 M0
70-77,L17 M2 L19 M1
70-78,L17 M2 L19 M2
70-79,L17 M2 L19 M3
70-80,L17 M2 L20 M0
70-81,L17 M2 L20 M1
70-82,L17 M2 L20 M2
70-83,L17 M2 L20 M3
70-84,L17 M2 L21 M0
70-85,L17 M2 L21 M1
70-86,L17 M2 L21 M2
70-87,L17 M2 L21 M3
70-88,L17 M2 L22 M0
70-89,L17 M2 L22 M1
70-90,L17 M2 L22 M2
70-91,L17 M2 L22 M3
70-92,L17 M2 L23 M0
70-93,L17 M2 L23 M1
70-94,L17 M2 L23 M2
70-95,L17 M2 L23 M3
70-96,L17 M2 L24 M0
70-97,L17 M2 L24 M1
70-98,L17 M2 L24 M2
70-99,L17 M2 L24 M3
70-100,L17 M2 L25 M0
70-101,L17 M2 L25 M1
70-102,L17 M2 L25 M2
70-103,L17 T2
70-104,L17 M2 L26 M0
70-105,L17 M2 L26 M1
70-106,L17 M2 L26 M2
70-107,L17 M2 L26 M3
70-108,L17 M2 L27 M0
70-109,L17 M2 L27 M1
70-110,L17 M2 L27 M2
70-111,L17 M2 L27
70-112,L17 M2 L28 M0
70-113,L17 M2 L28 M1
70-114,L17 M2 L28 M2
70-115,L17 M2 L28 M3
71-0,L17 M3 H0
71-1,L17 M3 H1
71-2,L17 M3 H2
71-3,L17 M3 H3
71-4,L17 M3 L1 M0
71-5,L17 M3 L1 M1
71-6,L17 M3 L1 M2
71-7,L17 M3 L1 M3
71-8,L17 M3 L2 M0
71-9,L17 M3 L2 M1
71-10,L17 M3 L2 M2
71-11,L17 M3 L2 M3
71-12,L17 M3 L3 M0
71-13,L17 M3 L3 M1
71-14,L17 M3 L3 M2
71-15,L17 M3 L3 M3
71-16,L17 M3 L4 M0
71-17,L17 M3 L4 M1
71-18,L17 M3 L4 M2
71-19,L17 M3 L4 M3
71-20,L17 M3 L5 M0
71-21,L17 M3 L5 M1
71-22,L17 M3 L5 M2
71-23,L17 M3 L5 M3
71-24,L17 M3 L6 M0
71-25,L17 M3 L6 M1
71-26,L17 M3 L6 M2
71-27,L17 M3 L6 M3
71-28,L17 M3 L7 M0
71-29,L17 M3 L7 M1
71-30,L17 M3 L7 M2
71-31,L17 M3 L7 M3
71-32,L17 M3 L8 M0
71-33,L17 M3 L8 M1
71-34,L17 M3 L8 M2
71-35,L17 M3 L8 M3
71-36,L17 M3 L9 M0
71-37,L17 M3 L9 M1
71-38,L17 M3 L9 M2
71-39,L17 M3 L9 M3
71-40,L17 M3 L10 M0
71-41,L17 M3 L10 M1
71-42,L17 M3 L10 M2
71-43,L17 M3 L10 M3
71-44,L17 M3 L11 M0
71-45,L17 M3 L11 M1
71-46,L17 M3 L11 M2
71-47,L17 M3 L11 M3
71-48,L17 M3 L12 M0
71-49,L17 M3 L12 M1
71-50,L17 M3 L12 M2
71-51,L17 M3 L12 M3
71-52,L17 M3 L13 M0
71-53,L17 M3 L13 M1
71-54,L17 M3 L13 M2
71-55,L17 M3 L13 M3
71-56,L17 M3 L14 M0
71-57,L17 M3 L14 M1
71-58,L17 M3 L14 M2
71-59,L17 M3 L14 M3
71-60,L17 M3 L15 M0
71-61,L17 M3 L15 M1
71-62,L17 M3 L15 M2
71-63,L17 M3 L15 M3
71-64,L17 M3 L16 M0
71-65,L17 M3 L16 M1
71-66,L17 M3 L16 M2
71-67,L17 M3 L16 M3
71-68,L17 M3 L17 M0
71-69,L17 M3 L17 M1
71-70,L17 M3 L17 M2
71-71,L17 M3 L17 M3
71-72,L17 M3 L18 M0
71-73,L17 M3 L18 M1
71-74,L17 M3 L18 M2
71-75,L17 M3 L18 M3
71-76,L17 M3 L19 M0
71-77,L17 M3 L19 M1
71-78,L17 M3 L19 M2
71-79,L17 M3 L19 M3
71-80,L17 M3 L20 M0
71-81,L17 M3 L20 M1
71-82,L17 M3 L20 M2
71-83,L17 M3 L20 M3
71-84,L17 M3 L21 M0
71-85,L17 M3 L21 M1
71-86,L17 M3 L21 M2
71-87,L17 M3 L21 M3
71-88,L17 M3 L22 M0
71-89,L17 M3 L22 M1
71-90,L17 M3 L22 M2
71-91,L17 M3 L22 M3
71-92,L17 M3 L23 M0
71-93,L17 M3 L23 M1
71-94,L17 M3 L23 M2
71-95,L17 M3 L23 M3
71-96,L17 M3 L24 M0
71-97,L17 M3 L24 M1
71-98,L17 M3 L24 M2
71-99,L17 M3 L24 M3
71-100,L17 M3 L25 M0
71-101,L17 M3 L25 M1
71-102,L17 M3 L25 M2
71-103,L17 M3 L25 M3
71-104,L17 M3 L26 M0
71-105,L17 M3 L26 M1
71-106,L17 M3 L26 M2
71-107,L17 M3 L26 M3
71-108,L17 M3 L27 M0
71-109,L17 M3 L27 M1
71-110,L17 M3 L27 M2
71-111,L17 M3 L27 M3
71-112,L17 M3 L28 M0
71-113,L17 M3 L28 M1
71-114,L17 M3 L28 M2
71-115,L17 M3 L28 M3
72-0,L18 M0 H0
72-1,L18 M0 H1
72-2,L18 M0 H2
72-3,L18 M0 H3
72-4,L18 M0 L1 M0
72-5,L18 M0 L1 M1
72-6,L18 M0 L1 M2
72-7,L18 M0 L1 M3
72-8,L18 M0 L2 M0
72-9,L18 M0 L2 M1
72-10,L18 M0 L2 M2
72-11,L18 M0 L2 M3
72-12,L18 M0 L3 M0
72-13,L18 M0 L3 M1
72-14,L18 M0 L3 M2
72-15,L18 M0 L3 M3
72-16,L18 M0 L4 M0
72-17,L18 M0 L4 M1
72-18,L18 M0 L4 M2
72-19,L18 M0 L4 M3
72-20,L18 M0 L5 M0
72-21,L18 M0 L5 M1
72-22,L18 M0 L5 M2
72-23,L18 M0 L5 M3
72-24,L18 M0 L6 M0
72-25,L18 M0 L6 M1
72-26,L18 M0 L6 M2
72-27,L18 M0 L6 M3
72-28,L18 M0 L7 M0
72-29,L18 M0 L7 M1
72-30,L18 M0 L7 M2
72-31,L18 M0 L7 M3
72-32,L18 M0 L8 M0
72-33,L18 M0 L8 M1
72-34,L18 M0 L8 M2
72-35,L18 M0 L8 M3
72-36,L18 M0 L9 M0
72-37,L18 M0 L9 M1
72-38,L18 M0 L9 M2
72-39,L18 M0 L9 M3
72-40,L18 M0 L10 M0
72-41,L18 M0 L10 M1
72-42,L18 M0 L10 M2
72-43,L18 M0 L10 M3
72-44,L18 M0 L11 M0
72-45,L18 M0 L11 M1
72-46,L18 M0 L11 M2
72-47,L18 M0 L11 M3
72-48,L18 M0 L12 M0
72-49,L18 M0 L12 M1
72-50,L18 M0 L12 M2
72-51,L18 M0 L12 M3
72-52,L18 M0 L13 M0
72-53,L18 M0 L13 M1
72-54,L18 M0 L13 M2
72-55,L18 M0 L13 M3
72-56,L18 M0 L14 M0
72-57,L18 M0 L14 M1
72-58,L18 M0 L14 M2
72-59,L18 M0 L14 M3
72-60,L18 M0 L15 M0
72-61,L18 M0 L15 M1
72-62,L18 M0 L15 M2
72-63,L18 M0 L15 M3
72-64,L18 M0 L16 M0
72-65,L18 M0 L16 M1
72-66,L18 M0 L16 M2
72-67,L18 M0 L16 M3
72-68,L18 M0 L17 M0
72-69,L18 M0 L17 M1
72-70,L18 M0 L17 M2
72-71,L18 M0 L17 M3
72-72,L18 M0 L18 M0
72-73,L18 M0 L18 M1
72-74,L18 M0 L18 M2
72-75,L18 M0 L18 M3
72-76,L18 M0 L19 M0
72-77,L18 M0 L19 M1
72-78,L18 M0 L19 M2
72-79,L18 M0 L19 M3
72-80,L18 M0 L20 M0
72-81,L18 M0 L20 M1
72-82,L18 M0 L20 M2
72-83,L18 M0 L20 M3
72-84,L18 M0 L21 M0
72-85,L18 M0 L21 M1
72-86,L18 M0 L21 M2
72-87,L18 M0 L21 M3
72-88,L18 M0 L22 M0
72-89,L18 M0 L22 M1
72-90,L18 M0 L22 M2
72-91,L18 M0 L22 M3
72-92,L18 M0 L23 M0
72-93,L18 M0 L23 M1
72-94,L18 M0 L23 M2
72-95,L18 M0 L23 M3
72-96,L18 M0 L24 M0
72-97,L18 M0 L24 M1
72-98,L18 M0 L24 M2
72-99,L18 M0 L24 M3
72-100,L18 M0 L25 M0
72-101,L18 M0 L25 M1
72-102,L18 M0 L25 M2
72-103,L18 T0
72-104,L18 M0 L26 M0
72-105,L18 M0 L26 M1
72-106,L18 M0 L26 M2
72-107,L18 M0 L26 M3
72-108,L18 M0 L27 M0
72-109,L18 M0 L27 M1
72-110,L18 M0 L27 M2
72-111,L18 M0 L27 M3
72-112,L18 M0 L28 M0
72-113,L18 M0 L28 M1
72-114,L18 M0 L28 M2
72-115,L18 M0 L28 M3
73-0,L18 M1 H0
73-1,L18 M1 H1
73-2,L18 M1 H2
73-3,L18 M1 H3
73-4,L18 M1 L1 M0
73-5,L18 M1 L1 M1
73-6,L18 M1 L1 M2
73-7,L18 M1 L1 M3
73-8,L18 M1 L2 M0
73-9,L18 M1 L2 M1
73-10,L18 M1 L2 M2
73-11,L18 M1 L2 M3
73-12,L18 M1 L3 M0
73-13,L18 M1 L3 M1
73-14,L18 M1 L3 M2
73-15,L18 M1 L3 M3
73-16,L18 M1 L4 M0
73-17,L18 M1 L4 M1
73-18,L18 M1 L4 M2
73-19,L18 M1 L4 M3
73-20,L18 M1 L5 M0
73-21,L18 M1 L5 M1
73-22,L18 M1 L5 M2
73-23,L18 M1 L5 M3
73-24,L18 M1 L6 M0
73-25,L18 M1 L6 M1
73-26,L18 M1 L6 M2
73-27,L18 M1 L6 M3
73-28,L18 M1 L7 M0
73-29,L18 M1 L7 M1
73-30,L18 M1 L7 M2
73-31,L18 M1 L7 M3
73-32,L18 M1 L8 M0
73-33,L18 M1 L8 M1
73-34,L18 M1 L8 M2
73-35,L18 M1 L8 M3
73-36,L18 M1 L9 M0
73-37,L18 M1 L9 M1
73-38,L18 M1 L9 M2
73-39,L18 M1 L9 M3
73-40,L18 M1 L10 M0
73-41,L18 M1 L10 M1
73-42,L18 M1 L10 M2
73-43,L18 M1 L10 M3
73-44,L18 M1 L11 M0
73-45,L18 M1 L11 M1
73-46,L18 M1 L11 M2
73-47,L18 M1 L11 M3
73-48,L18 M1 L12 M0
73-49,L18 M1 L12 M1
73-50,L18 M1 L12 M2
73-51,L18 M1 L12 M3
73-52,L18 M1 L13 M0
73-53,L18 M1 L13 M1
73-54,L18 M1 L13 M2
73-55,L18 M1 L13 M3
73-56,L18 M1 L14 M0
73-57,L18 M1 L14 M1
73-58,L18 M1 L14 M2
73-59,L18 M1 L14 M3
73-60,L18 M1 L15 M0
73-61,L18 M1 L15 M1
73-62,L18 M1 L15 M2
73-63,L18 M1 L15 M3
73-64,L18 M1 L16 M0
73-65,L18 M1 L16 M1
73-66,L18 M1 L16 M2
73-67,L18 M1 L16 M3
73-68,L18 M1 L17 M0
73-69,L18 M1 L17 M1
73-70,L18 M1 L17 M2
73-71,L18 M1 L17 M3
73-72,L18 M1 L18 M0
73-73,L18 M1 L18 M1
73-74,L18 M1 L18 M2
73-75,L18 M1 L18 M3
73-76,L18 M1 L19 M0
73-77,L18 M1 L19 M1
73-78,L18 M1 L19 M2
73-79,L18 M1 L19 M3
73-80,L18 M1 L20 M0
73-81,L18 M1 L20 M1
73-82,L18 M1 L20 M2
73-83,L18 M1 L20 M3
73-84,L18 M1 L21 M0
73-85,L18 M1 L21 M1
73-86,L18 M1 L21 M2
73-87,L18 M1 L21 M3
73-88,L18 M1 L22 M0
73-89,L18 M1 L22 M1
73-90,L18 M1 L22 M2
73-91,L18 M1 L22 M3
73-92,L18 M1 L23 M0
73-93,L18 M1 L23 M1
73-94,L18 M1 L23 M2
73-95,L18 M1 L23 M3
73-96,L18 M1 L24 M0
73-97,L18 M1 L24 M1
73-98,L18 M1 L24 M2
73-99,L18 M1 L24 M3
73-100,L18 M1 L25 M0
73-101,L18 M1 L25 M1
73-102,L18 M1 L25 M2
73-103,L18 T1
73-104,L18 M1 L26 M0
73-105,L18 M1 L26 M1
73-106,L18 M1 L26 M2
73-107,L18 M1 L26 M3
73-108,L18 M1 L27 M0
73-109,L18 M1 L27 M1
73-110,L18 M1 L27 M2
73-111,L18 M1 L27 M3
73-112,L18 M1 L28 M0
73-113,L18 M1 L28 M1
73-114,L18 M1 L28 M2
73-115,L18 M1 L28
74-0,L18 M2 H0
74-1,L18 M2 H1
74-2,L18 M2 H2
74-3,L18 M2 H3
74-4,L18 M2 L1 M0
74-5,L18 M2 L1 M1
74-6,L18 M2 L1 M2
74-7,L18 M2 L1 M3
74-8,L18 M2 L2 M0
74-9,L18 M2 L2 M1
74-10,L18 M2 L2 M2
74-11,L18 M2 L2 M3
74-12,L18 M2 L3 M0
74-13,L18 M2 L3 M1
74-14,L18 M2 L3 M2
74-15,L18 M2 L3 M3
74-16,L18 M2 L4 M0
74-17,L18 M2 L4 M1
74-18,L18 M2 L4 M2
74-19,L18 M2 L4 M3
74-20,L18 M2 L5 M0
74-21,L18 M2 L5 M1
74-22,L18 M2 L5 M2
74-23,L18 M2 L5 M3
74-24,L18 M2 L6 M0
74-25,L18 M2 L6 M1
74-26,L18 M2 L6 M2
74-27,L18 M2 L6 M3
74-28,L18 M2 L7 M0
74-29,L18 M2 L7 M1
74-30,L18 M2 L7 M2
74-31,L18 M2 L7 M3
74-32,L18 M2 L8 M0
74-33,L18 M2 L8 M1
74-34,L18 M2 L8 M2
74-35,L18 M2 L8 M3
74-36,L18 M2 L9 M0
74-37,L18 M2 L9 M1
74-38,L18 M2 L9 M2
74-39,L18 M2 L9 M3
74-40,L18 M2 L10 M0
74-41,L18 M2 L10 M1
74-42,L18 M2 L10 M2
74-43,L18 M2 L10 M3
74-44,L18 M2 L11 M0
74-45,L18 M2 L11 M1
74-46,L18 M2 L11 M2
74-47,L18 M2 L11 M3
74-48,L18 M2 L12 M0
74-49,L18 M2 L12 M1
74-50,L18 M2 L12 M2
74-51,L18 M2 L12 M3
74-52,L18 M2 L13 M0
74-53,L18 M2 L13 M1
74-54,L18 M2 L13 M2
74-55,L18 M2 L13 M3
74-56,L18 M2 L14 M0
74-57,L18 M2 L14 M1
74-58,L18 M2 L14 M2
74-59,L18 M2 L14 M3
74-60,L18 M2 L15 M0
74-61,L18 M2 L15 M1
74-62,L18 M2 L15 M2
74-63,L18 M2 L15 M3
74-64,L18 M2 L16 M0
74-65,L18 M2 L16 M1
74-66,L18 M2 L16 M2
74-67,L18 M2 L16 M3
74-68,L18 M2 L17 M0
74-69,L18 M2 L17 M1
74-70,L18 M2 L17 M2
74-71,L18 M2 L17 M3
74-72,L18 M2 L18 M0
74-73,L18 M2 L18 M1
74-74,L18 M2 L18 M2
74-75,L18 M2 L18 M3
74-76,L18 M2 L19 M0
74-77,L18 M2 L19 M1
74-78,L18 M2 L19 M2
74-79,L18 M2 L19 M3
74-80,L18 M2 L20 M0
74-81,L18 M2 L20 M1
74-82,L18 M2 L20 M2
74-83,L18 M2 L20 M3
74-84,L18 M2 L21 M0
74-85,L18 M2 L21 M1
74-86,L18 M2 L21 M2
74-87,L18 M2 L21 M3
74-88,L18 M2 L22 M0
74-89,L18 M2 L22 M1
74-90,L18 M2 L22 M2
74-91,L18 M2 L22 M3
74-92,L18 M2 L23 M0
74-93,L18 M2 L23 M1
74-94,L18 M2 L23 M2
74-95,L18 M2 L23 M3
74-96,L18 M2 L24 M0
74-97,L18 M2 L24 M1
74-98,L18 M2 L24 M2
74-99,L18 M2 L24 M3
74-100,L18 M2 L25 M0
74-101,L18 M2 L25 M1
74-102,L18 M2 L25 M2
74-103,L18 T2
74-104,L18 M2 L26 M0
74-105,L18 M2 L26 M1
74-106,L18 M2 L26 M2
74-107,L18 M2 L26 M3
74-108,L18 M2 L27 M0
74-109,L18 M2 L27 M1
74-110,L18 M2 L27 M2
74-111,L18 M2 L27
74-112,L18 M2 L28 M0
74-113,L18 M2 L28 M1
74-114,L18 M2 L28 M2
74-115,L18 M2 L28 M3
75-0,L18 M3 H0
75-1,L18 M3 H1
75-2,L18 M3 H2
75-3,L18 M3 H3
75-4,L18 M3 L1 M0
75-5,L18 M3 L1 M1
75-6,L18 M3 L1 M2
75-7,L18 M3 L1 M3
75-8,L18 M3 L2 M0
75-9,L18 M3 L2 M1
75-10,L18 M3 L2 M2
75-11,L18 M3 L2 M3
75-12,L18 M3 L3 M0
75-13,L18 M3 L3 M1
75-14,L18 M3 L3 M2
75-15,L18 M3 L3 M3
75-16,L18 M3 L4 M0
75-17,L18 M3 L4 M1
75-18,L18 M3 L4 M2
75-19,L18 M3 L4 M3
75-20,L18 M3 L5 M0
75-21,L18 M3 L5 M1
75-22,L18 M3 L5 M2
75-23,L18 M3 L5 M3
75-24,L18 M3 L6 M0
75-25,L18 M3 L6 M1
75-26,L18 M3 L6 M2
75-27,L18 M3 L6 M3
75-28,L18 M3 L7 M0
75-29,L18 M3 L7 M1
75-30,L18 M3 L7 M2
75-31,L18 M3 L7 M3
75-32,L18 M3 L8 M0
75-33,L18 M3 L8 M1
75-34,L18 M3 L8 M2
75-35,L18 M3 L8 M3
75-36,L18 M3 L9 M0
75-37,L18 M3 L9 M1
75-38,L18 M3 L9 M2
75-39,L18 M3 L9 M3
75-40,L18 M3 L10 M0
75-41,L18 M3 L10 M1
75-42,L18 M3 L10 M2
75-43,L18 M3 L10 M3
75-44,L18 M3 L11 M0
75-45,L18 M3 L11 M1
75-46,L18 M3 L11 M2
75-47,L18 M3 L11 M3
75-48,L18 M3 L12 M0
75-49,L18 M3 L12 M1
75-50,L18 M3 L12 M2
75-51,L18 M3 L12 M3
75-52,L18 M3 L13 M0
75-53,L18 M3 L13 M1
75-54,L18 M3 L13 M2
75-55,L18 M3 L13 M3
75-56,L18 M3 L14 M0
75-57,L18 M3 L14 M1
75-58,L18 M3 L14 M2
75-59,L18 M3 L14 M3
75-60,L18 M3 L15 M0
75-61,L18 M3 L15 M1
75-62,L18 M3 L15 M2
75-63,L18 M3 L15 M3
75-64,L18 M3 L16 M0
75-65,L18 M3 L16 M1
75-66,L18 M3 L16 M2
75-67,L18 M3 L16 M3
75-68,L18 M3 L17 M0
75-69,L18 M3 L17 M1
75-70,L18 M3 L17 M2
75-71,L18 M3 L17 M3
75-72,L18 M3 L18 M0
75-73,L18 M3 L18 M1
75-74,L18 M3 L18 M2
75-75,L18 M3 L18 M3
75-76,L18 M3 L19 M0
75-77,L18 M3 L19 M1
75-78,L18 M3 L19 M2
75-79,L18 M3 L19 M3
75-80,L18 M3 L20 M0
75-81,L18 M3 L20 M1
75-82,L18 M3 L20 M2
75-83,L18 M3 L20 M3
75-84,L18 M3 L21 M0
75-85,L18 M3 L21 M1
75-86,L18 M3 L21 M2
75-87,L18 M3 L21 M3
75-88,L18 M3 L22 M0
75-89,L18 M3 L22 M1
75-90,L18 M3 L22 M2
75-91,L18 M3 L22 M3
75-92,L18 M3 L23 M0
75-93,L18 M3 L23 M1
75-94,L18 M3 L23 M2
75-95,L18 M3 L23 M3
75-96,L18 M3 L24 M0
75-97,L18 M3 L24 M1
75-98,L18 M3 L24 M2
75-99,L18 M3 L24 M3
75-100,L18 M3 L25 M0
75-101,L18 M3 L25 M1
75-102,L18 M3 L25 M2
75-103,L18 M3 L25 M3
75-104,L18 M3 L26 M0
75-105,L18 M3 L26 M1
75-106,L18 M3 L26 M2
75-107,L18 M3 L26 M3
75-108,L18 M3 L27 M0
75-109,L18 M3 L27 M1
75-110,L18 M3 L27 M2
75-111,L18 M3 L27 M3
75-112,L18 M3 L28 M0
75-113,L18 M3 L28 M1
75-114,L18 M3 L28 M2
75-115,L18 M3 L28 M3
76-0,L19 M0 H0
76-1,L19 M0 H1
76-2,L19 M0 H2
76-3,L19 M0 H3
76-4,L19 M0 L1 M0
76-5,L19 M0 L1 M1
76-6,L19 M0 L1 M2
76-7,L19 M0 L1 M3
76-8,L19 M0 L2 M0
76-9,L19 M0 L2 M1
76-10,L19 M0 L2 M2
76-11,L19 M0 L2 M3
76-12,L19 M0 L3 M0
76-13,L19 M0 L3 M1
76-14,L19 M0 L3 M2
76-15,L19 M0 L3 M3
76-16,L19 M0 L4 M0
76-17,L19 M0 L4 M1
76-18,L19 M0 L4 M2
76-19,L19 M0 L4 M3
76-20,L19 M0 L5 M0
76-21,L19 M0 L5 M1
76-22,L19 M0 L5 M2
76-23,L19 M0 L5 M3
76-24,L19 M0 L6 M0
76-25,L19 M0 L6 M1
76-26,L19 M0 L6 M2
76-27,L19 M0 L6 M3
76-28,L19 M0 L7 M0
76-29,L19 M0 L7 M1
76-30,L19 M0 L7 M2
76-31,L19 M0 L7 M3
76-32,L19 M0 L8 M0
76-33,L19 M0 L8 M1
76-34,L19 M0 L8 M2
76-35,L19 M0 L8 M3
76-36,L19 M0 L9 M0
76-37,L19 M0 L9 M1
76-38,L19 M0 L9 M2
76-39,L19 M0 L9 M3
76-40,L19 M0 L10 M0
76-41,L19 M0 L10 M1
76-42,L19 M0 L10 M2
76-43,L19 M0 L10 M3
76-44,L19 M0 L11 M0
76-45,L19 M0 L11 M1
76-46,L19 M0 L11 M2
76-47,L19 M0 L11 M3
76-48,L19 M0 L12 M0
76-49,L19 M0 L12 M1
76-50,L19 M0 L12 M2
76-51,L19 M0 L12 M3
76-52,L19 M0 L13 M0
76-53,L19 M0 L13 M1
76-54,L19 M0 L13 M2
76-55,L19 M0 L13 M3
76-56,L19 M0 L14 M0
76-57,L19 M0 L14 M1
76-58,L19 M0 L14 M2
76-59,L19 M0 L14 M3
76-60,L19 M0 L15 M0
76-61,L19 M0 L15 M1
76-62,L19 M0 L15 M2
76-63,L19 M0 L15 M3
76-64,L19 M0 L16 M0
76-65,L19 M0 L16 M1
76-66,L19 M0 L16 M2
76-67,L19 M0 L16 M3
76-68,L19 M0 L17 M0
76-69,L19 M0 L17 M1
76-70,L19 M0 L17 M2
76-71,L19 M0 L17 M3
76-72,L19 M0 L18 M0
76-73,L19 M0 L18 M1
76-74,L19 M0 L18 M2
76-75,L19 M0 L18 M3
76-76,L19 M0 L19 M0
76-77,L19 M0 L19 M1
76-78,L19 M0 L19 M2
76-79,L19 M0 L19 M3
76-80,L19 M0 L20 M0
76-81,L19 M0 L20 M1
76-82,L19 M0 L20 M2
76-83,L19 M0 L20 M3
76-84,L19 M0 L21 M0
76-85,L19 M0 L21 M1
76-86,L19 M0 L21 M2
76-87,L19 M0 L21 M3
76-88,L19 M0 L22 M0
76-89,L19 M0 L22 M1
76-90,L19 M0 L22 M2
76-91,L19 M0 L22 M3
76-92,L19 M0 L23 M0
76-93,L19 M0 L23 M1
76-94,L19 M0 L23 M2
76-95,L19 M0 L23 M3
76-96,L19 M0 L24 M0
76-97,L19 M0 L24 M1
76-98,L19 M0 L24 M2
76-99,L19 M0 L24 M3
76-100,L19 M0 L25 M0
76-101,L19 M0 L25 M1
76-102,L19 M0 L25 M2
76-103,L19 T0
76-104,L19 M0 L26 M0
76-105,L19 M0 L26 M1
76-106,L19 M0 L26 M2
76-107,L19 M0 L26 M3
76-108,L19 M0 L27 M0
76-109,L19 M0 L27 M1
76-110,L19 M0 L27 M2
76-111,L19 M0 L27 M3
76-112,L19 M0 L28 M0
76-113,L19 M0 L28 M1
76-114,L19 M0 L28 M2
76-115,L19 M0 L28 M3
77-0,L19 M1 H0
77-1,L19 M1 H1
77-2,L19 M1 H2
77-3,L19 M1 H3
77-4,L19 M1 L1 M0
77-5,L19 M1 L1 M1
77-6,L19 M1 L1 M2
77-7,L19 M1 L1 M3
77-8,L19 M1 L2 M0
77-9,L19 M1 L2 M1
77-10,L19 M1 L2 M2
77-11,L19 M1 L2 M3
77-12,L19 M1 L3 M0
77-13,L19 M1 L3 M1
77-14,L19 M1 L3 M2
77-15,L19 M1 L3 M3
77-16,L19 M1 L4 M0
77-17,L19 M1 L4 M1
77-18,L19 M1 L4 M2
77-19,L19 M1 L4 M3
77-20,L19 M1 L5 M0
77-21,L19 M1 L5 M1
77-22,L19 M1 L5 M2
77-23,L19 M1 L5 M3
77-24,L19 M1 L6 M0
77-25,L19 M1 L6 M1
77-26,L19 M1 L6 M2
77-27,L19 M1 L6 M3
77-28,L19 M1 L7 M0
77-29,L19 M1 L7 M1
77-30,L19 M1 L7 M2
77-31,L19 M1 L7 M3
77-32,L19 M1 L8 M0
77-33,L19 M1 L8 M1
77-34,L19 M1 L8 M2
77-35,L19 M1 L8 M3
77-36,L19 M1 L9 M0
77-37,L19 M1 L9 M1
77-38,L19 M1 L9 M2
77-39,L19 M1 L9 M3
77-40,L19 M1 L10 M0
77-41,L19 M1 L10 M1
77-42,L19 M1 L10 M2
77-43,L19 M1 L10 M3
77-44,L19 M1 L11 M0
77-45,L19 M1 L11 M1
77-46,L19 M1 L11 M2
77-47,L19 M1 L11 M3
77-48,L19 M1 L12 M0
77-49,L19 M1 L12 M1
77-50,L19 M1 L12 M2
77-51,L19 M1 L12 M3
77-52,L19 M1 L13 M0
77-53,L19 M1 L13 M1
77-54,L19 M1 L13 M2
77-55,L19 M1 L13 M3
77-56,L19 M1 L14 M0
77-57,L19 M1 L14 M1
77-58,L19 M1 L14 M2
77-59,L19 M1 L14 M3
77-60,L19 M1 L15 M0
77-61,L19 M1 L15 M1
77-62,L19 M1 L15 M2
77-63,L19 M1 L15 M3
77-64,L19 M1 L16 M0
77-65,L19 M1 L16 M1
77-66,L19 M1 L16 M2
77-67,L19 M1 L16 M3
77-68,L19 M1 L17 M0
77-69,L19 M1 L17 M1
77-70,L19 M1 L17 M2
77-71,L19 M1 L17 M3
77-72,L19 M1 L18 M0
77-73,L19 M1 L18 M1
77-74,L19 M1 L18 M2
77-75,L19 M1 L18 M3
77-76,L19 M1 L19 M0
77-77,L19 M1 L19 M1
77-78,L19 M1 L19 M2
77-79,L19 M1 L19 M3
77-80,L19 M1 L20 M0
77-81,L19 M1 L20 M1
77-82,L19 M1 L20 M2
77-83,L19 M1 L20 M3
77-84,L19 M1 L21 M0
77-85,L19 M1 L21 M1
77-86,L19 M1 L21 M2
77-87,L19 M1 L21 M3
77-88,L19 M1 L22 M0
77-89,L19 M1 L22 M1
77-90,L19 M1 L22 M2
77-91,L19 M1 L22 M3
77-92,L19 M1 L23 M0
77-93,L19 M1 L23 M1
77-94,L19 M1 L23 M2
77-95,L19 M1 L23 M3
77-96,L19 M1 L24 M0
77-97,L19 M1 L24 M1
77-98,L19 M1 L24 M2
77-99,L19 M1 L24 M3
77-100,L19 M1 L25 M0
77-101,L19 M1 L25 M1
77-102,L19 M1 L25 M2
77-103,L19 T1
77-104,L19 M1 L26 M0
77-105,L19 M1 L26 M1
77-106,L19 M1 L26 M2
77-107,L19 M1 L26 M3
77-108,L19 M1 L27 M0
77-109,L19 M1 L27 M1
77-110,L19 M1 L27 M2
77-111,L19 M1 L27 M3
77-112,L19 M1 L28 M0
77-113,L19 M1 L28 M1
77-114,L19 M1 L28 M2
77-115,L19 M1 L28
78-0,L19 M2 H0
78-1,L19 M2 H1
78-2,L19 M2 H2
78-3,L19 M2 H3
78-4,L19 M2 L1 M0
78-5,L19 M2 L1 M1
78-6,L19 M2 L1 M2
78-7,L19 M2 L1 M3
78-8,L19 M2 L2 M0
78-9,L19 M2 L2 M1
78-10,L19 M2 L2 M2
78-11,L19 M2 L2 M3
78-12,L19 M2 L3 M0
78-13,L19 M2 L3 M1
78-14,L19 M2 L3 M2
78-15,L19 M2 L3 M3
78-16,L19 M2 L4 M0
78-17,L19 M2 L4 M1
78-18,L19 M2 L4 M2
78-19,L19 M2 L4 M3
78-20,L19 M2 L5 M0
78-21,L19 M2 L5 M1
78-22,L19 M2 L5 M2
78-23,L19 M2 L5 M3
78-24,L19 M2 L6 M0
78-25,L19 M2 L6 M1
78-26,L19 M2 L6 M2
78-27,L19 M2 L6 M3
78-28,L19 M2 L7 M0
78-29,L19 M2 L7 M1
78-30,L19 M2 L7 M2
78-31,L19 M2 L7 M3
78-32,L19 M2 L8 M0
78-33,L19 M2 L8 M1
78-34,L19 M2 L8 M2
78-35,L19 M2 L8 M3
78-36,L19 M2 L9 M0
78-37,L19 M2 L9 M1
78-38,L19 M2 L9 M2
78-39,L19 M2 L9 M3
78-40,L19 M2 L10 M0
78-41,L19 M2 L10 M1
78-42,L19 M2 L10 M2
78-43,L19 M2 L10 M3
78-44,L19 M2 L11 M0
78-45,L19 M2 L11 M1
78-46,L19 M2 L11 M2
78-47,L19 M2 L11 M3
78-48,L19 M2 L12 M0
78-49,L19 M2 L12 M1
78-50,L19 M2 L12 M2
78-51,L19 M2 L12 M3
78-52,L19 M2 L13 M0
78-53,L19 M2 L13 M1
78-54,L19 M2 L13 M2
78-55,L19 M2 L13 M3
78-56,L19 M2 L14 M0
78-57,L19 M2 L14 M1
78-58,L19 M2 L14 M2
78-59,L19 M2 L14 M3
78-60,L19 M2 L15 M0
78-61,L19 M2 L15 M1
78-62,L19 M2 L15 M2
78-63,L19 M2 L15 M3
78-64,L19 M2 L16 M0
78-65,L19 M2 L16 M1
78-66,L19 M2 L16 M2
78-67,L19 M2 L16 M3
78-68,L19 M2 L17 M0
78-69,L19 M2 L17 M1
78-70,L19 M2 L17 M2
78-71,L19 M2 L17 M3
78-72,L19 M2 L18 M0
78-73,L19 M2 L18 M1
78-74,L19 M2 L18 M2
78-75,L19 M2 L18 M3
78-76,L19 M2 L19 M0
78-77,L19 M2 L19 M1
78-78,L19 M2 L19 M2
78-79,L19 M2 L19 M3
78-80,L19 M2 L20 M0
78-81,L19 M2 L20 M1
78-82,L19 M2 L20 M2
78-83,L19 M2 L20 M3
78-84,L19 M2 L21 M0
78-85,L19 M2 L21 M1
78-86,L19 M2 L21 M2
78-87,L19 M2 L21 M3
78-88,L19 M2 L22 M0
78-89,L19 M2 L22 M1
78-90,L19 M2 L22 M2
78-91,L19 M2 L22 M3
78-92,L19 M2 L23 M0
78-93,L19 M2 L23 M1
78-94,L19 M2 L23 M2
78-95,L19 M2 L23 M3
78-96,L19 M2 L24 M0
78-97,L19 M2 L24 M1
78-98,L19 M2 L24 M2
78-99,L19 M2 L24 M3
78-100,L19 M2 L25 M0
78-101,L19 M2 L25 M1
78-102,L19 M2 L25 M2
78-103,L19 T2
78-104,L19 M2 L26 M0
78-105,L19 M2 L26 M1
78-106,L19 M2 L26 M2
78-107,L19 M2 L26 M3
78-108,L19 M2 L27 M0
78-109,L19 M2 L27 M1
78-110,L19 M2 L27 M2
78-111,L19 M2 L27
78-112,L19 M2 L28 M0
78-113,L19 M2 L28 M1
78-114,L19 M2 L28 M2
78-115,L19 M2 L28 M3
79-0,L19 M3 H0
79-1,L19 M3 H1
79-2,L19 M3 H2
79-3,L19 M3 H3
79-4,L19 M3 L1 M0
79-5,L19 M3 L1 M1
79-6,L19 M3 L1 M2
79-7,L19 M3 L1 M3
79-8,L19 M3 L2 M0
79-9,L19 M3 L2 M1
79-10,L19 M3 L2 M2
79-11,L19 M3 L2 M3
79-12,L19 M3 L3 M0
79-13,L19 M3 L3 M1
79-14,L19 M3 L3 M2
79-15,L19 M3 L3 M3
79-16,L19 M3 L4 M0
79-17,L19 M3 L4 M1
79-18,L19 M3 L4 M2
79-19,L19 M3 L4 M3
79-20,L19 M3 L5 M0
79-21,L19 M3 L5 M1
79-22,L19 M3 L5 M2
79-23,L19 M3 L5 M3
79-24,L19 M3 L6 M0
79-25,L19 M3 L6 M1
79-26,L19 M3 L6 M2
79-27,L19 M3 L6 M3
79-28,L19 M3 L7 M0
79-29,L19 M3 L7 M1
79-30,L19 M3 L7 M2
79-31,L19 M3 L7 M3
79-32,L19 M3 L8 M0
79-33,L19 M3 L8 M1
79-34,L19 M3 L8 M2
79-35,L19 M3 L8 M3
79-36,L19 M3 L9 M0
79-37,L19 M3 L9 M1
79-38,L19 M3 L9 M2
79-39,L19 M3 L9 M3
79-40,L19 M3 L10 M0
79-41,L19 M3 L10 M1
79-42,L19 M3 L10 M2
79-43,L19 M3 L10 M3
79-44,L19 M3 L11 M0
79-45,L19 M3 L11 M1
79-46,L19 M3 L11 M2
79-47,L19 M3 L11 M3
79-48,L19 M3 L12 M0
79-49,L19 M3 L12 M1
79-50,L19 M3 L12 M2
79-51,L19 M3 L12 M3
79-52,L19 M3 L13 M0
79-53,L19 M3 L13 M1
79-54,L19 M3 L13 M2
79-55,L19 M3 L13 M3
79-56,L19 M3 L14 M0
79-57,L19 M3 L14 M1
79-58,L19 M3 L14 M2
79-59,L19 M3 L14 M3
79-60,L19 M3 L15 M0
79-61,L19 M3 L15 M1
79-62,L19 M3 L15 M2
79-63,L19 M3 L15 M3
79-64,L19 M3 L16 M0
79-65,L19 M3 L16 M1
79-66,L19 M3 L16 M2
79-67,L19 M3 L16 M3
79-68,L19 M3 L17 M0
79-69,L19 M3 L17 M1
79-70,L19 M3 L17 M2
79-71,L19 M3 L17 M3
79-72,L19 M3 L18 M0
79-73,L19 M3 L18 M1
79-74,L19 M3 L18 M2
79-75,L19 M3 L18 M3
79-76,L19 M3 L19 M0
79-77,L19 M3 L19 M1
79-78,L19 M3 L19 M2
79-79,L19 M3 L19 M3
79-80,L19 M3 L20 M0
79-81,L19 M3 L20 M1
79-82,L19 M3 L20 M2
79-83,L19 M3 L20 M3
79-84,L19 M3 L21 M0
79-85,L19 M3 L21 M1
79-86,L19 M3 L21 M2
79-87,L19 M3 L21 M3
79-88,L19 M3 L22 M0
79-89,L19 M3 L22 M1
79-90,L19 M3 L22 M2
79-91,L19 M3 L22 M3
79-92,L19 M3 L23 M0
79-93,L19 M3 L23 M1
79-94,L19 M3 L23 M2
79-95,L19 M3 L23 M3
79-96,L19 M3 L24 M0
79-97,L19 M3 L24 M1
79-98,L19 M3 L24 M2
79-99,L19 M3 L24 M3
79-100,L19 M3 L25 M0
79-101,L19 M3 L25 M1
79-102,L19 M3 L25 M2
79-103,L19 M3 L25 M3
79-104,L19 M3 L26 M0
79-105,L19 M3 L26 M1
79-106,L19 M3 L26 M2
79-107,L19 M3 L26 M3
79-108,L19 M3 L27 M0
79-109,L19 M3 L27 M1
79-110,L19 M3 L27 M2
79-111,L19 M3 L27 M3
79-112,L19 M3 L28 M0
79-113,L19 M3 L28 M1
79-114,L19 M3 L28 M2
79-115,L19 M3 L28 M3
80-0,L20 M0 H0
80-1,L20 M0 H1
80-2,L20 M0 H2
80-3,L20 M0 H3
80-4,L20 M0 L1 M0
80-5,L20 M0 L1 M1
80-6,L20 M0 L1 M2
80-7,L20 M0 L1 M3
80-8,L20 M0 L2 M0
80-9,L20 M0 L2 M1
80-10,L20 M0 L2 M2
80-11,L20 M0 L2 M3
80-12,L20 M0 L3 M0
80-13,L20 M0 L3 M1
80-14,L20 M0 L3 M2
80-15,L20 M0 L3 M3
80-16,L20 M0 L4 M0
80-17,L20 M0 L4 M1
80-18,L20 M0 L4 M2
80-19,L20 M0 L4 M3
80-20,L20 M0 L5 M0
80-21,L20 M0 L5 M1
80-22,L20 M0 L5 M2
80-23,L20 M0 L5 M3
80-24,L20 M0 L6 M0
80-25,L20 M0 L6 M1
80-26,L20 M0 L6 M2
80-27,L20 M0 L6 M3
80-28,L20 M0 L7 M0
80-29,L20 M0 L7 M1
80-30,L20 M0 L7 M2
80-31,L20 M0 L7 M3
80-32,L20 M0 L8 M0
80-33,L20 M0 L8 M1
80-34,L20 M0 L8 M2
80-35,L20 M0 L8 M3
80-36,L20 M0 L9 M0
80-37,L20 M0 L9 M1
80-38,L20 M0 L9 M2
80-39,L20 M0 L9 M3
80-40,L20 M0 L10 M0
80-41,L20 M0 L10 M1
80-42,L20 M0 L10 M2
80-43,L20 M0 L10 M3
80-44,L20 M0 L11 M0
80-45,L20 M0 L11 M1
80-46,L20 M0 L11 M2
80-47,L20 M0 L11 M3
80-48,L20 M0 L12 M0
80-49,L20 M0 L12 M1
80-50,L20 M0 L12 M2
80-51,L20 M0 L12 M3
80-52,L20 M0 L13 M0
80-53,L20 M0 L13 M1
80-54,L20 M0 L13 M2
80-55,L20 M0 L13 M3
80-56,L20 M0 L14 M0
80-57,L20 M0 L14 M1
80-58,L20 M0 L14 M2
80-59,L20 M0 L14 M3
80-60,L20 M0 L15 M0
80-61,L20 M0 L15 M1
80-62,L20 M0 L15 M2
80-63,L20 M0 L15 M3
80-64,L20 M0 L16 M0
80-65,L20 M0 L16 M1
80-66,L20 M0 L16 M2
80-67,L20 M0 L16 M3
80-68,L20 M0 L17 M0
80-69,L20 M0 L17 M1
80-70,L20 M0 L17 M2
80-71,L20 M0 L17 M3
80-72,L20 M0 L18 M0
80-73,L20 M0 L18 M1
80-74,L20 M0 L18 M2
80-75,L20 M0 L18 M3
80-76,L20 M0 L19 M0
80-77,L20 M0 L19 M1
80-78,L20 M0 L19 M2
80-79,L20 M0 L19 M3
80-80,L20 M0 L20 M0
80-81,L20 M0 L20 M1
80-82,L20 M0 L20 M2
80-83,L20 M0 L20 M3
80-84,L20 M0 L21 M0
80-85,L20 M0 L21 M1
80-86,L20 M0 L21 M2
80-87,L20 M0 L21 M3
80-88,L20 M0 L22 M0
80-89,L20 M0 L22 M1
80-90,L20 M0 L22 M2
80-91,L20 M0 L22 M3
80-92,L20 M0 L23 M0
80-93,L20 M0 L23 M1
80-94,L20 M0 L23 M2
80-95,L20 M0 L23 M3
80-96,L20 M0 L24 M0
80-97,L20 M0 L24 M1
80-98,L20 M0 L24 M2
80-99,L20 M0 L24 M3
80-100,L20 M0 L25 M0
80-101,L20 M0 L25 M1
80-102,L20 M0 L25 M2
80-103,L20 T0
80-104,L20 M0 L26 M0
80-105,L20 M0 L26 M1
80-106,L20 M0 L26 M2
80-107,L20 M0 L26 M3
80-108,L20 M0 L27 M0
80-109,L20 M0 L27 M1
80-110,L20 M0 L27 M2
80-111,L20 M0 L27 M3
80-112,L20 M0 L28 M0
80-113,L20 M0 L28 M1
80-114,L20 M0 L28 M2
80-115,L20 M0 L28 M3
81-0,L20 M1 H0
81-1,L20 M1 H1
81-2,L20 M1 H2
81-3,L20 M1 H3
81-4,L20 M1 L1 M0
81-5,L20 M1 L1 M1
81-6,L20 M1 L1 M2
81-7,L20 M1 L1 M3
81-8,L20 M1 L2 M0
81-9,L20 M1 L2 M1
81-10,L20 M1 L2 M2
81-11,L20 M1 L2 M3
81-12,L20 M1 L3 M0
81-13,L20 M1 L3 M1
81-14,L20 M1 L3 M2
81-15,L20 M1 L3 M3
81-16,L20 M1 L4 M0
81-17,L20 M1 L4 M1
81-18,L20 M1 L4 M2
81-19,L20 M1 L4 M3
81-20,L20 M1 L5 M0
81-21,L20 M1 L5 M1
81-22,L20 M1 L5 M2
81-23,L20 M1 L5 M3
81-24,L20 M1 L6 M0
81-25,L20 M1 L6 M1
81-26,L20 M1 L6 M2
81-27,L20 M1 L6 M3
81-28,L20 M1 L7 M0
81-29,L20 M1 L7 M1
81-30,L20 M1 L7 M2
81-31,L20 M1 L7 M3
81-32,L20 M1 L8 M0
81-33,L20 M1 L8 M1
81-34,L20 M1 L8 M2
81-35,L20 M1 L8 M3
81-36,L20 M1 L9 M0
81-37,L20 M1 L9 M1
81-38,L20 M1 L9 M2
81-39,L20 M1 L9 M3
81-40,L20 M1 L10 M0
81-41,L20 M1 L10 M1
81-42,L20 M1 L10 M2
81-43,L20 M1 L10 M3
81-44,L20 M1 L11 M0
81-45,L20 M1 L11 M1
81-46,L20 M1 L11 M2
81-47,L20 M1 L11 M3
81-48,L20 M1 L12 M0
81-49,L20 M1 L12 M1
81-50,L20 M1 L12 M2
81-51,L20 M1 L12 M3
81-52,L20 M1 L13 M0
81-53,L20 M1 L13 M1
81-54,L20 M1 L13 M2
81-55,L20 M1 L13 M3
81-56,L20 M1 L14 M0
81-57,L20 M1 L14 M1
81-58,L20 M1 L14 M2
81-59,L20 M1 L14 M3
81-60,L20 M1 L15 M0
81-61,L20 M1 L15 M1
81-62,L20 M1 L15 M2
81-63,L20 M1 L15 M3
81-64,L20 M1 L16 M0
81-65,L20 M1 L16 M1
81-66,L20 M1 L16 M2
81-67,L20 M1 L16 M3
81-68,L20 M1 L17 M0
81-69,L20 M1 L17 M1
81-70,L20 M1 L17 M2
81-71,L20 M1 L17 M3
81-72,L20 M1 L18 M0
81-73,L20 M1 L18 M1
81-74,L20 M1 L18 M2
81-75,L20 M1 L18 M3
81-76,L20 M1 L19 M0
81-77,L20 M1 L19 M1
81-78,L20 M1 L19 M2
81-79,L20 M1 L19 M3
81-80,L20 M1 L20 M0
81-81,L20 M1 L20 M1
81-82,L20 M1 L20 M2
81-83,L20 M1 L20 M3
81-84,L20 M1 L21 M0
81-85,L20 M1 L21 M1
81-86,L20 M1 L21 M2
81-87,L20 M1 L21 M3
81-88,L20 M1 L22 M0
81-89,L20 M1 L22 M1
81-90,L20 M1 L22 M2
81-91,L20 M1 L22 M3
81-92,L20 M1 L23 M0
81-93,L20 M1 L23 M1
81-94,L20 M1 L23 M2
81-95,L20 M1 L23 M3
81-96,L20 M1 L24 M0
81-97,L20 M1 L24 M1
81-98,L20 M1 L24 M2
81-99,L20 M1 L24 M3
81-100,L20 M1 L25 M0
81-101,L20 M1 L25 M1
81-102,L20 M1 L25 M2
81-103,L20 T1
81-104,L20 M1 L26 M0
81-105,L20 M1 L26 M1
81-106,L20 M1 L26 M2
81-107,L20 M1 L26 M3
81-108,L20 M1 L27 M0
81-109,L20 M1 L27 M1
81-110,L20 M1 L27 M2
81-111,L20 M1 L27 M3
81-112,L20 M1 L28 M0
81-113,L20 M1 L28 M1
81-114,L20 M1 L28 M2
81-115,L20 M1 L28
82-0,L20 M2 H0
82-1,L20 M2 H1
82-2,L20 M2 H2
82-3,L20 M2 H3
82-4,L20 M2 L1 M0
82-5,L20 M2 L1 M1
82-6,L20 M2 L1 M2
82-7,L20 M2 L1 M3
82-8,L20 M2 L2 M0
82-9,L20 M2 L2 M1
82-10,L20 M2 L2 M2
82-11,L20 M2 L2 M3
82-12,L20 M2 L3 M0
82-13,L20 M2 L3 M1
82-14,L20 M2 L3 M2
82-15,L20 M2 L3 M3
82-16,L20 M2 L4 M0
82-17,L20 M2 L4 M1
82-18,L20 M2 L4 M2
82-19,L20 M2 L4 M3
82-20,L20 M2 L5 M0
82-21,L20 M2 L5 M1
82-22,L20 M2 L5 M2
82-23,L20 M2 L5 M3
82-24,L20 M2 L6 M0
82-25,L20 M2 L6 M1
82-26,L20 M2 L6 M2
82-27,L20 M2 L6 M3
82-28,L20 M2 L7 M0
82-29,L20 M2 L7 M1
82-30,L20 M2 L7 M2
82-31,L20 M2 L7 M3
82-32,L20 M2 L8 M0
82-33,L20 M2 L8 M1
82-34,L20 M2 L8 M2
82-35,L20 M2 L8 M3
82-36,L20 M2 L9 M0
82-37,L20 M2 L9 M1
82-38,L20 M2 L9 M2
82-39,L20 M2 L9 M3
82-40,L20 M2 L10 M0
82-41,L20 M2 L10 M1
82-42,L20 M2 L10 M2
82-43,L20 M2 L10 M3
82-44,L20 M2 L11 M0
82-45,L20 M2 L11 M1
82-46,L20 M2 L11 M2
82-47,L20 M2 L11 M3
82-48,L20 M2 L12 M0
82-49,L20 M2 L12 M1
82-50,L20 M2 L12 M2
82-51,L20 M2 L12 M3
82-52,L20 M2 L13 M0
82-53,L20 M2 L13 M1
82-54,L20 M2 L13 M2
82-55,L20 M2 L13 M3
82-56,L20 M2 L14 M0
82-57,L20 M2 L14 M1
82-58,L20 M2 L14 M2
82-59,L20 M2 L14 M3
82-60,L20 M2 L15 M0
82-61,L20 M2 L15 M1
82-62,L20 M2 L15 M2
82-63,L20 M2 L15 M3
82-64,L20 M2 L16 M0
82-65,L20 M2 L16 M1
82-66,L20 M2 L16 M2
82-67,L20 M2 L16 M3
82-68,L20 M2 L17 M0
82-69,L20 M2 L17 M1
82-70,L20 M2 L17 M2
82-71,L20 M2 L17 M3
82-72,L20 M2 L18 M0
82-73,L20 M2 L18 M1
82-74,L20 M2 L18 M2
82-75,L20 M2 L18 M3
82-76,L20 M2 L19 M0
82-77,L20 M2 L19 M1
82-78,L20 M2 L19 M2
82-79,L20 M2 L19 M3
82-80,L20 M2 L20 M0
82-81,L20 M2 L20 M1
82-82,L20 M2 L20 M2
82-83,L20 M2 L20 M3
82-84,L20 M2 L21 M0
82-85,L20 M2 L21 M1
82-86,L20 M2 L21 M2
82-87,L20 M2 L21 M3
82-88,L20 M2 L22 M0
82-89,L20 M2 L22 M1
82-90,L20 M2 L22 M2
82-91,L20 M2 L22 M3
82-92,L20 M2 L23 M0
82-93,L20 M2 L23 M1
82-94,L20 M2 L23 M2
82-95,L20 M2 L23 M3
82-96,L20 M2 L24 M0
82-97,L20 M2 L24 M1
82-98,L20 M2 L24 M2
82-99,L20 M2 L24 M3
82-100,L20 M2 L25 M0
82-101,L20 M2 L25 M1
82-102,L20 M2 L25 M2
82-103,L20 T2
82-104,L20 M2 L26 M0
82-105,L20 M2 L26 M1
82-106,L20 M2 L26 M2
82-107,L20 M2 L26 M3
82-108,L20 M2 L27 M0
82-109,L20 M2 L27 M1
82-110,L20 M2 L27 M2
82-111,L20 M2 L27
82-112,L20 M2 L28 M0
82-113,L20 M2 L28 M1
82-114,L20 M2 L28 M2
82-115,L20 M2 L28 M3
83-0,L20 M3 H0
83-1,L20 M3 H1
83-2,L20 M3 H2
83-3,L20 M3 H3
83-4,L20 M3 L1 M0
83-5,L20 M3 L1 M1
83-6,L20 M3 L1 M2
83-7,L20 M3 L1 M3
83-8,L20 M3 L2 M0
83-9,L20 M3 L2 M1
83-10,L20 M3 L2 M2
83-11,L20 M3 L2 M3
83-12,L20 M3 L3 M0
83-13,L20 M3 L3 M1
83-14,L20 M3 L3 M2
83-15,L20 M3 L3 M3
83-16,L20 M3 L4 M0
83-17,L20 M3 L4 M1
83-18,L20 M3 L4 M2
83-19,L20 M3 L4 M3
83-20,L20 M3 L5 M0
83-21,L20 M3 L5 M1
83-22,L20 M3 L5 M2
83-23,L20 M3 L5 M3
83-24,L20 M3 L6 M0
83-25,L20 M3 L6 M1
83-26,L20 M3 L6 M2
83-27,L20 M3 L6 M3
83-28,L20 M3 L7 M0
83-29,L20 M3 L7 M1
83-30,L20 M3 L7 M2
83-31,L20 M3 L7 M3
83-32,L20 M3 L8 M0
83-33,L20 M3 L8 M1
83-34,L20 M3 L8 M2
83-35,L20 M3 L8 M3
83-36,L20 M3 L9 M0
83-37,L20 M3 L9 M1
83-38,L20 M3 L9 M2
83-39,L20 M3 L9 M3
83-40,L20 M3 L10 M0
83-41,L20 M3 L10 M1
83-42,L20 M3 L10 M2
83-43,L20 M3 L10 M3
83-44,L20 M3 L11 M0
83-45,L20 M3 L11 M1
83-46,L20 M3 L11 M2
83-47,L20 M3 L11 M3
83-48,L20 M3 L12 M0
83-49,L20 M3 L12 M1
83-50,L20 M3 L12 M2
83-51,L20 M3 L12 M3
83-52,L20 M3 L13 M0
83-53,L20 M3 L13 M1
83-54,L20 M3 L13 M2
83-55,L20 M3 L13 M3
83-56,L20 M3 L14 M0
83-57,L20 M3 L14 M1
83-58,L20 M3 L14 M2
83-59,L20 M3 L14 M3
83-60,L20 M3 L15 M0
83-61,L20 M3 L15 M1
83-62,L20 M3 L15 M2
83-63,L20 M3 L15 M3
83-64,L20 M3 L16 M0
83-65,L20 M3 L16 M1
83-66,L20 M3 L16 M2
83-67,L20 M3 L16 M3
83-68,L20 M3 L17 M0
83-69,L20 M3 L17 M1
83-70,L20 M3 L17 M2
83-71,L20 M3 L17 M3
83-72,L20 M3 L18 M0
83-73,L20 M3 L18 M1
83-74,L20 M3 L18 M2
83-75,L20 M3 L18 M3
83-76,L20 M3 L19 M0
83-77,L20 M3 L19 M1
83-78,L20 M3 L19 M2
83-79,L20 M3 L19 M3
83-80,L20 M3 L20 M0
83-81,L20 M3 L20 M1
83-82,L20 M3 L20 M2
83-83,L20 M3 L20 M3
83-84,L20 M3 L21 M0
83-85,L20 M3 L21 M1
83-86,L20 M3 L21 M2
83-87,L20 M3 L21 M3
83-88,L20 M3 L22 M0
83-89,L20 M3 L22 M1
83-90,L20 M3 L22 M2
83-91,L20 M3 L22 M3
83-92,L20 M3 L23 M0
83-93,L20 M3 L23 M1
83-94,L20 M3 L23 M2
83-95,L20 M3 L23 M3
83-96,L20 M3 L24 M0
83-97,L20 M3 L24 M1
83-98,L20 M3 L24 M2
83-99,L20 M3 L24 M3
83-100,L20 M3 L25 M0
83-101,L20 M3 L25 M1
83-102,L20 M3 L25 M2
83-103,L20 M3 L25 M3
83-104,L20 M3 L26 M0
83-105,L20 M3 L26 M1
83-106,L20 M3 L26 M2
83-107,L20 M3 L26 M3
83-108,L20 M3 L27 M0
83-109,L20 M3 L27 M1
83-110,L20 M3 L27 M2
83-111,L20 M3 L27 M3
83-112,L20 M3 L28 M0
83-113,L20 M3 L28 M1
83-114,L20 M3 L28 M2
83-115,L20 M3 L28 M3
84-0,L21 M0 H0
84-1,L21 M0 H1
84-2,L21 M0 H2
84-3,L21 M0 H3
84-4,L21 M0 L1 M0
84-5,L21 M0 L1 M1
84-6,L21 M0 L1 M2
84-7,L21 M0 L1 M3
84-8,L21 M0 L2 M0
84-9,L21 M0 L2 M1
84-10,L21 M0 L2 M2
84-11,L21 M0 L2 M3
84-12,L21 M0 L3 M0
84-13,L21 M0 L3 M1
84-14,L21 M0 L3 M2
84-15,L21 M0 L3 M3
84-16,L21 M0 L4 M0
84-17,L21 M0 L4 M1
84-18,L21 M0 L4 M2
84-19,L21 M0 L4 M3
84-20,L21 M0 L5 M0
84-21,L21 M0 L5 M1
84-22,L21 M0 L5 M2
84-23,L21 M0 L5 M3
84-24,L21 M0 L6 M0
84-25,L21 M0 L6 M1
84-26,L21 M0 L6 M2
84-27,L21 M0 L6 M3
84-28,L21 M0 L7 M0
84-29,L21 M0 L7 M1
84-30,L21 M0 L7 M2
84-31,L21 M0 L7 M3
84-32,L21 M0 L8 M0
84-33,L21 M0 L8 M1
84-34,L21 M0 L8 M2
84-35,L21 M0 L8 M3
84-36,L21 M0 L9 M0
84-37,L21 M0 L9 M1
84-38,L21 M0 L9 M2
84-39,L21 M0 L9 M3
84-40,L21 M0 L10 M0
84-41,L21 M0 L10 M1
84-42,L21 M0 L10 M2
84-43,L21 M0 L10 M3
84-44,L21 M0 L11 M0
84-45,L21 M0 L11 M1
84-46,L21 M0 L11 M2
84-47,L21 M0 L11 M3
84-48,L21 M0 L12 M0
84-49,L21 M0 L12 M1
84-50,L21 M0 L12 M2
84-51,L21 M0 L12 M3
84-52,L21 M0 L13 M0
84-53,L21 M0 L13 M1
84-54,L21 M0 L13 M2
84-55,L21 M0 L13 M3
84-56,L21 M0 L14 M0
84-57,L21 M0 L14 M1
84-58,L21 M0 L14 M2
84-59,L21 M0 L14 M3
84-60,L21 M0 L15 M0
84-61,L21 M0 L15 M1
84-62,L21 M0 L15 M2
84-63,L21 M0 L15 M3
84-64,L21 M0 L16 M0
84-65,L21 M0 L16 M1
84-66,L21 M0 L16 M2
84-67,L21 M0 L16 M3
84-68,L21 M0 L17 M0
84-69,L21 M0 L17 M1
84-70,L21 M0 L17 M2
84-71,L21 M0 L17 M3
84-72,L21 M0 L18 M0
84-73,L21 M0 L18 M1
84-74,L21 M0 L18 M2
84-75,L21 M0 L18 M3
84-76,L21 M0 L19 M0
84-77,L21 M0 L19 M1
84-78,L21 M0 L19 M2
84-79,L21 M0 L19 M3
84-80,L21 M0 L20 M0
84-81,L21 M0 L20 M1
84-82,L21 M0 L20 M2
84-83,L21 M0 L20 M3
84-84,L21 M0 L21 M0
84-85,L21 M0 L21 M1
84-86,L21 M0 L21 M2
84-87,L21 M0 L21 M3
84-88,L21 M0 L22 M0
84-89,L21 M0 L22 M1
84-90,L21 M0 L22 M2
84-91,L21 M0 L22 M3
84-92,L21 M0 L23 M0
84-93,L21 M0 L23 M1
84-94,L21 M0 L23 M2
84-95,L21 M0 L23 M3
84-96,L21 M0 L24 M0
84-97,L21 M0 L24 M1
84-98,L21 M0 L24 M2
84-99,L21 M0 L24 M3
84-100,L21 M0 L25 M0
84-101,L21 M0 L25 M1
84-102,L21 M0 L25 M2
84-103,L21 T0
84-104,L21 M0 L26 M0
84-105,L21 M0 L26 M1
84-106,L21 M0 L26 M2
84-107,L21 M0 L26 M3
84-108,L21 M0 L27 M0
84-109,L21 M0 L27 M1
84-110,L21 M0 L27 M2
84-111,L21 M0 L27 M3
84-112,L21 M0 L28 M0
84-113,L21 M0 L28 M1
84-114,L21 M0 L28 M2
84-115,L21 M0 L28 M3
85-0,L21 M1 H0
85-1,L21 M1 H1
85-2,L21 M1 H2
85-3,L21 M1 H3
85-4,L21 M1 L1 M0
85-5,L21 M1 L1 M1
85-6,L21 M1 L1 M2
85-7,L21 M1 L1 M3
85-8,L21 M1 L2 M0
85-9,L21 M1 L2 M1
85-10,L21 M1 L2 M2
85-11,L21 M1 L2 M3
85-12,L21 M1 L3 M0
85-13,L21 M1 L3 M1
85-14,L21 M1 L3 M2
85-15,L21 M1 L3 M3
85-16,L21 M1 L4 M0
85-17,L21 M1 L4 M1
85-18,L21 M1 L4 M2
85-19,L21 M1 L4 M3
85-20,L21 M1 L5 M0
85-21,L21 M1 L5 M1
85-22,L21 M1 L5 M2
85-23,L21 M1 L5 M3
85-24,L21 M1 L6 M0
85-25,L21 M1 L6 M1
85-26,L21 M1 L6 M2
85-27,L21 M1 L6 M3
85-28,L21 M1 L7 M0
85-29,L21 M1 L7 M1
85-30,L21 M1 L7 M2
85-31,L21 M1 L7 M3
85-32,L21 M1 L8 M0
85-33,L21 M1 L8 M1
85-34,L21 M1 L8 M2
85-35,L21 M1 L8 M3
85-36,L21 M1 L9 M0
85-37,L21 M1 L9 M1
85-38,L21 M1 L9 M2
85-39,L21 M1 L9 M3
85-40,L21 M1 L10 M0
85-41,L21 M1 L10 M1
85-42,L21 M1 L10 M2
85-43,L21 M1 L10 M3
85-44,L21 M1 L11 M0
85-45,L21 M1 L11 M1
85-46,L21 M1 L11 M2
85-47,L21 M1 L11 M3
85-48,L21 M1 L12 M0
85-49,L21 M1 L12 M1
85-50,L21 M1 L12 M2
85-51,L21 M1 L12 M3
85-52,L21 M1 L13 M0
85-53,L21 M1 L13 M1
85-54,L21 M1 L13 M2
85-55,L21 M1 L13 M3
85-56,L21 M1 L14 M0
85-57,L21 M1 L14 M1
85-58,L21 M1 L14 M2
85-59,L21 M1 L14 M3
85-60,L21 M1 L15 M0
85-61,L21 M1 L15 M1
85-62,L21 M1 L15 M2
85-63,L21 M1 L15 M3
85-64,L21 M1 L16 M0
85-65,L21 M1 L16 M1
85-66,L21 M1 L16 M2
85-67,L21 M1 L16 M3
85-68,L21 M1 L17 M0
85-69,L21 M1 L17 M1
85-70,L21 M1 L17 M2
85-71,L21 M1 L17 M3
85-72,L21 M1 L18 M0
85-73,L21 M1 L18 M1
85-74,L21 M1 L18 M2
85-75,L21 M1 L18 M3
85-76,L21 M1 L19 M0
85-77,L21 M1 L19 M1
85-78,L21 M1 L19 M2
85-79,L21 M1 L19 M3
85-80,L21 M1 L20 M0
85-81,L21 M1 L20 M1
85-82,L21 M1 L20 M2
85-83,L21 M1 L20 M3
85-84,L21 M1 L21 M0
85-85,L21 M1 L21 M1
85-86,L21 M1 L21 M2
85-87,L21 M1 L21 M3
85-88,L21 M1 L22 M0
85-89,L21 M1 L22 M1
85-90,L21 M1 L22 M2
85-91,L21 M1 L22 M3
85-92,L21 M1 L23 M0
85-93,L21 M1 L23 M1
85-94,L21 M1 L23 M2
85-95,L21 M1 L23 M3
85-96,L21 M1 L24 M0
85-97,L21 M1 L24 M1
85-98,L21 M1 L24 M2
85-99,L21 M1 L24 M3
85-100,L21 M1 L25 M0
85-101,L21 M1 L25 M1
85-102,L21 M1 L25 M2
85-103,L21 T1
85-104,L21 M1 L26 M0
85-105,L21 M1 L26 M1
85-106,L21 M1 L26 M2
85-107,L21 M1 L26 M3
85-108,L21 M1 L27 M0
85-109,L21 M1 L27 M1
85-110,L21 M1 L27 M2
85-111,L21 M1 L27 M3
85-112,L21 M1 L28 M0
85-113,L21 M1 L28 M1
85-114,L21 M1 L28 M2
85-115,L21 M1 L28
86-0,L21 M2 H0
86-1,L21 M2 H1
86-2,L21 M2 H2
86-3,L21 M2 H3
86-4,L21 M2 L1 M0
86-5,L21 M2 L1 M1
86-6,L21 M2 L1 M2
86-7,L21 M2 L1 M3
86-8,L21 M2 L2 M0
86-9,L21 M2 L2 M1
86-10,L21 M2 L2 M2
86-11,L21 M2 L2 M3
86-12,L21 M2 L3 M0
86-13,L21 M2 L3 M1
86-14,L21 M2 L3 M2
86-15,L21 M2 L3 M3
86-16,L21 M2 L4 M0
86-17,L21 M2 L4 M1
86-18,L21 M2 L4 M2
86-19,L21 M2 L4 M3
86-20,L21 M2 L5 M0
86-21,L21 M2 L5 M1
86-22,L21 M2 L5 M2
86-23,L21 M2 L5 M3
86-24,L21 M2 L6 M0
86-25,L21 M2 L6 M1
86-26,L21 M2 L6 M2
86-27,L21 M2 L6 M3
86-28,L21 M2 L7 M0
86-29,L21 M2 L7 M1
86-30,L21 M2 L7 M2
86-31,L21 M2 L7 M3
86-32,L21 M2 L8 M0
86-33,L21 M2 L8 M1
86-34,L21 M2 L8 M2
86-35,L21 M2 L8 M3
86-36,L21 M2 L9 M0
86-37,L21 M2 L9 M1
86-38,L21 M2 L9 M2
86-39,L21 M2 L9 M3
86-40,L21 M2 L10 M0
86-41,L21 M2 L10 M1
86-42,L21 M2 L10 M2
86-43,L21 M2 L10 M3
86-44,L21 M2 L11 M0
86-45,L21 M2 L11 M1
86-46,L21 M2 L11 M2
86-47,L21 M2 L11 M3
86-48,L21 M2 L12 M0
86-49,L21 M2 L12 M1
86-50,L21 M2 L12 M2
86-51,L21 M2 L12 M3
86-52,L21 M2 L13 M0
86-53,L21 M2 L13 M1
86-54,L21 M2 L13 M2
86-55,L21 M2 L13 M3
86-56,L21 M2 L14 M0
86-57,L21 M2 L14 M1
86-58,L21 M2 L14 M2
86-59,L21 M2 L14 M3
86-60,L21 M2 L15 M0
86-61,L21 M2 L15 M1
86-62,L21 M2 L15 M2
86-63,L21 M2 L15 M3
86-64,L21 M2 L16 M0
86-65,L21 M2 L16 M1
86-66,L21 M2 L16 M2
86-67,L21 M2 L16 M3
86-68,L21 M2 L17 M0
86-69,L21 M2 L17 M1
86-70,L21 M2 L17 M2
86-71,L21 M2 L17 M3
86-72,L21 M2 L18 M0
86-73,L21 M2 L18 M1
86-74,L21 M2 L18 M2
86-75,L21 M2 L18 M3
86-76,L21 M2 L19 M0
86-77,L21 M2 L19 M1
86-78,L21 M2 L19 M2
86-79,L21 M2 L19 M3
86-80,L21 M2 L20 M0
86-81,L21 M2 L20 M1
86-82,L21 M2 L20 M2
86-83,L21 M2 L20 M3
86-84,L21 M2 L21 M0
86-85,L21 M2 L21 M1
86-86,L21 M2 L21 M2
86-87,L21 M2 L21 M3
86-88,L21 M2 L22 M0
86-89,L21 M2 L22 M1
86-90,L21 M2 L22 M2
86-91,L21 M2 L22 M3
86-92,L21 M2 L23 M0
86-93,L21 M2 L23 M1
86-94,L21 M2 L23 M2
86-95,L21 M2 L23 M3
86-96,L21 M2 L24 M0
86-97,L21 M2 L24 M1
86-98,L21 M2 L24 M2
86-99,L21 M2 L24 M3
86-100,L21 M2 L25 M0
86-101,L21 M2 L25 M1
86-102,L21 M2 L25 M2
86-103,L21 T2
86-104,L21 M2 L26 M0
86-105,L21 M2 L26 M1
86-106,L21 M2 L26 M2
86-107,L21 M2 L26 M3
86-108,L21 M2 L27 M0
86-109,L21 M2 L27 M1
86-110,L21 M2 L27 M2
86-111,L21 M2 L27
86-112,L21 M2 L28 M0
86-113,L21 M2 L28 M1
86-114,L21 M2 L28 M2
86-115,L21 M2 L28 M3
87-0,L21 M3 H0
87-1,L21 M3 H1
87-2,L21 M3 H2
87-3,L21 M3 H3
87-4,L21 M3 L1 M0
87-5,L21 M3 L1 M1
87-6,L21 M3 L1 M2
87-7,L21 M3 L1 M3
87-8,L21 M3 L2 M0
87-9,L21 M3 L2 M1
87-10,L21 M3 L2 M2
87-11,L21 M3 L2 M3
87-12,L21 M3 L3 M0
87-13,L21 M3 L3 M1
87-14,L21 M3 L3 M2
87-15,L21 M3 L3 M3
87-16,L21 M3 L4 M0
87-17,L21 M3 L4 M1
87-18,L21 M3 L4 M2
87-19,L21 M3 L4 M3
87-20,L21 M3 L5 M0
87-21,L21 M3 L5 M1
87-22,L21 M3 L5 M2
87-23,L21 M3 L5 M3
87-24,L21 M3 L6 M0
87-25,L21 M3 L6 M1
87-26,L21 M3 L6 M2
87-27,L21 M3 L6 M3
87-28,L21 M3 L7 M0
87-29,L21 M3 L7 M1
87-30,L21 M3 L7 M2
87-31,L21 M3 L7 M3
87-32,L21 M3 L8 M0
87-33,L21 M3 L8 M1
87-34,L21 M3 L8 M2
87-35,L21 M3 L8 M3
87-36,L21 M3 L9 M0
87-37,L21 M3 L9 M1
87-38,L21 M3 L9 M2
87-39,L21 M3 L9 M3
87-40,L21 M3 L10 M0
87-41,L21 M3 L10 M1
87-42,L21 M3 L10 M2
87-43,L21 M3 L10 M3
87-44,L21 M3 L11 M0
87-45,L21 M3 L11 M1
87-46,L21 M3 L11 M2
87-47,L21 M3 L11 M3
87-48,L21 M3 L12 M0
87-49,L21 M3 L12 M1
87-50,L21 M3 L12 M2
87-51,L21 M3 L12 M3
87-52,L21 M3 L13 M0
87-53,L21 M3 L13 M1
87-54,L21 M3 L13 M2
87-55,L21 M3 L13 M3
87-56,L21 M3 L14 M0
87-57,L21 M3 L14 M1
87-58,L21 M3 L14 M2
87-59,L21 M3 L14 M3
87-60,L21 M3 L15 M0
87-61,L21 M3 L15 M1
87-62,L21 M3 L15 M2
87-63,L21 M3 L15 M3
87-64,L21 M3 L16 M0
87-65,L21 M3 L16 M1
87-66,L21 M3 L16 M2
87-67,L21 M3 L16 M3
87-68,L21 M3 L17 M0
87-69,L21 M3 L17 M1
87-70,L21 M3 L17 M2
87-71,L21 M3 L17 M3
87-72,L21 M3 L18 M0
87-73,L21 M3 L18 M1
87-74,L21 M3 L18 M2
87-75,L21 M3 L18 M3
87-76,L21 M3 L19 M0
87-77,L21 M3 L19 M1
87-78,L21 M3 L19 M2
87-79,L21 M3 L19 M3
87-80,L21 M3 L20 M0
87-81,L21 M3 L20 M1
87-82,L21 M3 L20 M2
87-83,L21 M3 L20 M3
87-84,L21 M3 L21 M0
87-85,L21 M3 L21 M1
87-86,L21 M3 L21 M2
87-87,L21 M3 L21 M3
87-88,L21 M3 L22 M0
87-89,L21 M3 L22 M1
87-90,L21 M3 L22 M2
87-91,L21 M3 L22 M3
87-92,L21 M3 L23 M0
87-93,L21 M3 L23 M1
87-94,L21 M3 L23 M2
87-95,L21 M3 L23 M3
87-96,L21 M3 L24 M0
87-97,L21 M3 L24 M1
87-98,L21 M3 L24 M2
87-99,L21 M3 L24 M3
87-100,L21 M3 L25 M0
87-101,L21 M3 L25 M1
87-102,L21 M3 L25 M2
87-103,L21 M3 L25 M3
87-104,L21 M3 L26 M0
87-105,L21 M3 L26 M1
87-106,L21 M3 L26 M2
87-107,L21 M3 L26 M3
87-108,L21 M3 L27 M0
87-109,L21 M3 L27 M1
87-110,L21 M3 L27 M2
87-111,L21 M3 L27 M3
87-112,L21 M3 L28 M0
87-113,L21 M3 L28 M1
87-114,L21 M3 L28 M2
87-115,L21 M3 L28 M3
88-0,L22 M0 H0
88-1,L22 M0 H1
88-2,L22 M0 H2
88-3,L22 M0 H3
88-4,L22 M0 L1 M0
88-5,L22 M0 L1 M1
88-6,L22 M0 L1 M2
88-7,L22 M0 L1 M3
88-8,L22 M0 L2 M0
88-9,L22 M0 L2 M1
88-10,L22 M0 L2 M2
88-11,L22 M0 L2 M3
88-12,L22 M0 L3 M0
88-13,L22 M0 L3 M1
88-14,L22 M0 L3 M2
88-15,L22 M0 L3 M3
88-16,L22 M0 L4 M0
88-17,L22 M0 L4 M1
88-18,L22 M0 L4 M2
88-19,L22 M0 L4 M3
88-20,L22 M0 L5 M0
88-21,L22 M0 L5 M1
88-22,L22 M0 L5 M2
88-23,L22 M0 L5 M3
88-24,L22 M0 L6 M0
88-25,L22 M0 L6 M1
88-26,L22 M0 L6 M2
88-27,L22 M0 L6 M3
88-28,L22 M0 L7 M0
88-29,L22 M0 L7 M1
88-30,L22 M0 L7 M2
88-31,L22 M0 L7 M3
88-32,L22 M0 L8 M0
88-33,L22 M0 L8 M1
88-34,L22 M0 L8 M2
88-35,L22 M0 L8 M3
88-36,L22 M0 L9 M0
88-37,L22 M0 L9 M1
88-38,L22 M0 L9 M2
88-39,L22 M0 L9 M3
88-40,L22 M0 L10 M0
88-41,L22 M0 L10 M1
88-42,L22 M0 L10 M2
88-43,L22 M0 L10 M3
88-44,L22 M0 L11 M0
88-45,L22 M0 L11 M1
88-46,L22 M0 L11 M2
88-47,L22 M0 L11 M3
88-48,L22 M0 L12 M0
88-49,L22 M0 L12 M1
88-50,L22 M0 L12 M2
88-51,L22 M0 L12 M3
88-52,L22 M0 L13 M0
88-53,L22 M0 L13 M1
88-54,L22 M0 L13 M2
88-55,L22 M0 L13 M3
88-56,L22 M0 L14 M0
88-57,L22 M0 L14 M1
88-58,L22 M0 L14 M2
88-59,L22 M0 L14 M3
88-60,L22 M0 L15 M0
88-61,L22 M0 L15 M1
88-62,L22 M0 L15 M2
88-63,L22 M0 L15 M3
88-64,L22 M0 L16 M0
88-65,L22 M0 L16 M1
88-66,L22 M0 L16 M2
88-67,L22 M0 L16 M3
88-68,L22 M0 L17 M0
88-69,L22 M0 L17 M1
88-70,L22 M0 L17 M2
88-71,L22 M0 L17 M3
88-72,L22 M0 L18 M0
88-73,L22 M0 L18 M1
88-74,L22 M0 L18 M2
88-75,L22 M0 L18 M3
88-76,L22 M0 L19 M0
88-77,L22 M0 L19 M1
88-78,L22 M0 L19 M2
88-79,L22 M0 L19 M3
88-80,L22 M0 L20 M0
88-81,L22 M0 L20 M1
88-82,L22 M0 L20 M2
88-83,L22 M0 L20 M3
88-84,L22 M0 L21 M0
88-85,L22 M0 L21 M1
88-86,L22 M0 L21 M2
88-87,L22 M0 L21 M3
88-88,L22 M0 L22 M0
88-89,L22 M0 L22 M1
88-90,L22 M0 L22 M2
88-91,L22 M0 L22 M3
88-92,L22 M0 L23 M0
88-93,L22 M0 L23 M1
88-94,L22 M0 L23 M2
88-95,L22 M0 L23 M3
88-96,L22 M0 L24 M0
88-97,L22 M0 L24 M1
88-98,L22 M0 L24 M2
88-99,L22 M0 L24 M3
88-100,L22 M0 L25 M0
88-101,L22 M0 L25 M1
88-102,L22 M0 L25 M2
88-103,L22 T0
88-104,L22 M0 L26 M0
88-105,L22 M0 L26 M1
88-106,L22 M0 L26 M2
88-107,L22 M0 L26 M3
88-108,L22 M0 L27 M0
88-109,L22 M0 L27 M1
88-110,L22 M0 L27 M2
88-111,L22 M0 L27 M3
88-112,L22 M0 L28 M0
88-113,L22 M0 L28 M1
88-114,L22 M0 L28 M2
88-115,L22 M0 L28 M3
89-0,L22 M1 H0
89-1,L22 M1 H1
89-2,L22 M1 H2
89-3,L22 M1 H3
89-4,L22 M1 L1 M0
89-5,L22 M1 L1 M1
89-6,L22 M1 L1 M2
89-7,L22 M1 L1 M3
89-8,L22 M1 L2 M0
89-9,L22 M1 L2 M1
89-10,L22 M1 L2 M2
89-11,L22 M1 L2 M3
89-12,L22 M1 L3 M0
89-13,L22 M1 L3 M1
89-14,L22 M1 L3 M2
89-15,L22 M1 L3 M3
89-16,L22 M1 L4 M0
89-17,L22 M1 L4 M1
89-18,L22 M1 L4 M2
89-19,L22 M1 L4 M3
89-20,L22 M1 L5 M0
89-21,L22 M1 L5 M1
89-22,L22 M1 L5 M2
89-23,L22 M1 L5 M3
89-24,L22 M1 L6 M0
89-25,L22 M1 L6 M1
89-26,L22 M1 L6 M2
89-27,L22 M1 L6 M3
89-28,L22 M1 L7 M0
89-29,L22 M1 L7 M1
89-30,L22 M1 L7 M2
89-31,L22 M1 L7 M3
89-32,L22 M1 L8 M0
89-33,L22 M1 L8 M1
89-34,L22 M1 L8 M2
89-35,L22 M1 L8 M3
89-36,L22 M1 L9 M0
89-37,L22 M1 L9 M1
89-38,L22 M1 L9 M2
89-39,L22 M1 L9 M3
89-40,L22 M1 L10 M0
89-41,L22 M1 L10 M1
89-42,L22 M1 L10 M2
89-43,L22 M1 L10 M3
89-44,L22 M1 L11 M0
89-45,L22 M1 L11 M1
89-46,L22 M1 L11 M2
89-47,L22 M1 L11 M3
89-48,L22 M1 L12 M0
89-49,L22 M1 L12 M1
89-50,L22 M1 L12 M2
89-51,L22 M1 L12 M3
89-52,L22 M1 L13 M0
89-53,L22 M1 L13 M1
89-54,L22 M1 L13 M2
89-55,L22 M1 L13 M3
89-56,L22 M1 L14 M0
89-57,L22 M1 L14 M1
89-58,L22 M1 L14 M2
89-59,L22 M1 L14 M3
89-60,L22 M1 L15 M0
89-61,L22 M1 L15 M1
89-62,L22 M1 L15 M2
89-63,L22 M1 L15 M3
89-64,L22 M1 L16 M0
89-65,L22 M1 L16 M1
89-66,L22 M1 L16 M2
89-67,L22 M1 L16 M3
89-68,L22 M1 L17 M0
89-69,L22 M1 L17 M1
89-70,L22 M1 L17 M2
89-71,L22 M1 L17 M3
89-72,L22 M1 L18 M0
89-73,L22 M1 L18 M1
89-74,L22 M1 L18 M2
89-75,L22 M1 L18 M3
89-76,L22 M1 L19 M0
89-77,L22 M1 L19 M1
89-78,L22 M1 L19 M2
89-79,L22 M1 L19 M3
89-80,L22 M1 L20 M0
89-81,L22 M1 L20 M1
89-82,L22 M1 L20 M2
89-83,L22 M1 L20 M3
89-84,L22 M1 L21 M0
89-85,L22 M1 L21 M1
89-86,L22 M1 L21 M2
89-87,L22 M1 L21 M3
89-88,L22 M1 L22 M0
89-89,L22 M1 L22 M1
89-90,L22 M1 L22 M2
89-91,L22 M1 L22 M3
89-92,L22 M1 L23 M0
89-93,L22 M1 L23 M1
89-94,L22 M1 L23 M2
89-95,L22 M1 L23 M3
89-96,L22 M1 L24 M0
89-97,L22 M1 L24 M1
89-98,L22 M1 L24 M2
89-99,L22 M1 L24 M3
89-100,L22 M1 L25 M0
89-101,L22 M1 L25 M1
89-102,L22 M1 L25 M2
89-103,L22 T1
89-104,L22 M1 L26 M0
89-105,L22 M1 L26 M1
89-106,L22 M1 L26 M2
89-107,L22 M1 L26 M3
89-108,L22 M1 L27 M0
89-109,L22 M1 L27 M1
89-110,L22 M1 L27 M2
89-111,L22 M1 L27 M3
89-112,L22 M1 L28 M0
89-113,L22 M1 L28 M1
89-114,L22 M1 L28 M2
89-115,L22 M1 L28
90-0,L22 M2 H0
90-1,L22 M2 H1
90-2,L22 M2 H2
90-3,L22 M2 H3
90-4,L22 M2 L1 M0
90-5,L22 M2 L1 M1
90-6,L22 M2 L1 M2
90-7,L22 M2 L1 M3
90-8,L22 M2 L2 M0
90-9,L22 M2 L2 M1
90-10,L22 M2 L2 M2
90-11,L22 M2 L2 M3
90-12,L22 M2 L3 M0
90-13,L22 M2 L3 M1
90-14,L22 M2 L3 M2
90-15,L22 M2 L3 M3
90-16,L22 M2 L4 M0
90-17,L22 M2 L4 M1
90-18,L22 M2 L4 M2
90-19,L22 M2 L4 M3
90-20,L22 M2 L5 M0
90-21,L22 M2 L5 M1
90-22,L22 M2 L5 M2
90-23,L22 M2 L5 M3
90-24,L22 M2 L6 M0
90-25,L22 M2 L6 M1
90-26,L22 M2 L6 M2
90-27,L22 M2 L6 M3
90-28,L22 M2 L7 M0
90-29,L22 M2 L7 M1
90-30,L22 M2 L7 M2
90-31,L22 M2 L7 M3
90-32,L22 M2 L8 M0
90-33,L22 M2 L8 M1
90-34,L22 M2 L8 M2
90-35,L22 M2 L8 M3
90-36,L22 M2 L9 M0
90-37,L22 M2 L9 M1
90-38,L22 M2 L9 M2
90-39,L22 M2 L9 M3
90-40,L22 M2 L10 M0
90-41,L22 M2 L10 M1
90-42,L22 M2 L10 M2
90-43,L22 M2 L10 M3
90-44,L22 M2 L11 M0
90-45,L22 M2 L11 M1
90-46,L22 M2 L11 M2
90-47,L22 M2 L11 M3
90-48,L22 M2 L12 M0
90-49,L22 M2 L12 M1
90-50,L22 M2 L12 M2
90-51,L22 M2 L12 M3
90-52,L22 M2 L13 M0
90-53,L22 M2 L13 M1
90-54,L22 M2 L13 M2
90-55,L22 M2 L13 M3
90-56,L22 M2 L14 M0
90-57,L22 M2 L14 M1
90-58,L22 M2 L14 M2
90-59,L22 M2 L14 M3
90-60,L22 M2 L15 M0
90-61,L22 M2 L15 M1
90-62,L22 M2 L15 M2
90-63,L22 M2 L15 M3
90-64,L22 M2 L16 M0
90-65,L22 M2 L16 M1
90-66,L22 M2 L16 M2
90-67,L22 M2 L16 M3
90-68,L22 M2 L17 M0
90-69,L22 M2 L17 M1
90-70,L22 M2 L17 M2
90-71,L22 M2 L17 M3
90-72,L22 M2 L18 M0
90-73,L22 M2 L18 M1
90-74,L22 M2 L18 M2
90-75,L22 M2 L18 M3
90-76,L22 M2 L19 M0
90-77,L22 M2 L19 M1
90-78,L22 M2 L19 M2
90-79,L22 M2 L19 M3
90-80,L22 M2 L20 M0
90-81,L22 M2 L20 M1
90-82,L22 M2 L20 M2
90-83,L22 M2 L20 M3
90-84,L22 M2 L21 M0
90-85,L22 M2 L21 M1
90-86,L22 M2 L21 M2
90-87,L22 M2 L21 M3
90-88,L22 M2 L22 M0
90-89,L22 M2 L22 M1
90-90,L22 M2 L22 M2
90-91,L22 M2 L22 M3
90-92,L22 M2 L23 M0
90-93,L22 M2 L23 M1
90-94,L22 M2 L23 M2
90-95,L22 M2 L23 M3
90-96,L22 M2 L24 M0
90-97,L22 M2 L24 M1
90-98,L22 M2 L24 M2
90-99,L22 M2 L24 M3
90-100,L22 M2 L25 M0
90-101,L22 M2 L25 M1
90-102,L22 M2 L25 M2
90-103,L22 T2
90-104,L22 M2 L26 M0
90-105,L22 M2 L26 M1
90-106,L22 M2 L26 M2
90-107,L22 M2 L26 M3
90-108,L22 M2 L27 M0
90-109,L22 M2 L27 M1
90-110,L22 M2 L27 M2
90-111,L22 M2 L27
90-112,L22 M2 L28 M0
90-113,L22 M2 L28 M1
90-114,L22 M2 L28 M2
90-115,L22 M2 L28 M3
91-0,L22 M3 H0
91-1,L22 M3 H1
91-2,L22 M3 H2
91-3,L22 M3 H3
91-4,L22 M3 L1 M0
91-5,L22 M3 L1 M1
91-6,L22 M3 L1 M2
91-7,L22 M3 L1 M3
91-8,L22 M3 L2 M0
91-9,L22 M3 L2 M1
91-10,L22 M3 L2 M2
91-11,L22 M3 L2 M3
91-12,L22 M3 L3 M0
91-13,L22 M3 L3 M1
91-14,L22 M3 L3 M2
91-15,L22 M3 L3 M3
91-16,L22 M3 L4 M0
91-17,L22 M3 L4 M1
91-18,L22 M3 L4 M2
91-19,L22 M3 L4 M3
91-20,L22 M3 L5 M0
91-21,L22 M3 L5 M1
91-22,L22 M3 L5 M2
91-23,L22 M3 L5 M3
91-24,L22 M3 L6 M0
91-25,L22 M3 L6 M1
91-26,L22 M3 L6 M2
91-27,L22 M3 L6 M3
91-28,L22 M3 L7 M0
91-29,L22 M3 L7 M1
91-30,L22 M3 L7 M2
91-31,L22 M3 L7 M3
91-32,L22 M3 L8 M0
91-33,L22 M3 L8 M1
91-34,L22 M3 L8 M2
91-35,L22 M3 L8 M3
91-36,L22 M3 L9 M0
91-37,L22 M3 L9 M1
91-38,L22 M3 L9 M2
91-39,L22 M3 L9 M3
91-40,L22 M3 L10 M0
91-41,L22 M3 L10 M1
91-42,L22 M3 L10 M2
91-43,L22 M3 L10 M3
91-44,L22 M3 L11 M0
91-45,L22 M3 L11 M1
91-46,L22 M3 L11 M2
91-47,L22 M3 L11 M3
91-48,L22 M3 L12 M0
91-49,L22 M3 L12 M1
91-50,L22 M3 L12 M2
91-51,L22 M3 L12 M3
91-52,L22 M3 L13 M0
91-53,L22 M3 L13 M1
91-54,L22 M3 L13 M2
91-55,L22 M3 L13 M3
91-56,L22 M3 L14 M0
91-57,L22 M3 L14 M1
91-58,L22 M3 L14 M2
91-59,L22 M3 L14 M3
91-60,L22 M3 L15 M0
91-61,L22 M3 L15 M1
91-62,L22 M3 L15 M2
91-63,L22 M3 L15 M3
91-64,L22 M3 L16 M0
91-65,L22 M3 L16 M1
91-66,L22 M3 L16 M2
91-67,L22 M3 L16 M3
91-68,L22 M3 L17 M0
91-69,L22 M3 L17 M1
91-70,L22 M3 L17 M2
91-71,L22 M3 L17 M3
91-72,L22 M3 L18 M0
91-73,L22 M3 L18 M1
91-74,L22 M3 L18 M2
91-75,L22 M3 L18 M3
91-76,L22 M3 L19 M0
91-77,L22 M3 L19 M1
91-78,L22 M3 L19 M2
91-79,L22 M3 L19 M3
91-80,L22 M3 L20 M0
91-81,L22 M3 L20 M1
91-82,L22 M3 L20 M2
91-83,L22 M3 L20 M3
91-84,L22 M3 L21 M0
91-85,L22 M3 L21 M1
91-86,L22 M3 L21 M2
91-87,L22 M3 L21 M3
91-88,L22 M3 L22 M0
91-89,L22 M3 L22 M1
91-90,L22 M3 L22 M2
91-91,L22 M3 L22 M3
91-92,L22 M3 L23 M0
91-93,L22 M3 L23 M1
91-94,L22 M3 L23 M2
91-95,L22 M3 L23 M3
91-96,L22 M3 L24 M0
91-97,L22 M3 L24 M1
91-98,L22 M3 L24 M2
91-99,L22 M3 L24 M3
91-100,L22 M3 L25 M0
91-101,L22 M3 L25 M1
91-102,L22 M3 L25 M2
91-103,L22 M3 L25 M3
91-104,L22 M3 L26 M0
91-105,L22 M3 L26 M1
91-106,L22 M3 L26 M2
91-107,L22 M3 L26 M3
91-108,L22 M3 L27 M0
91-109,L22 M3 L27 M1
91-110,L22 M3 L27 M2
91-111,L22 M3 L27 M3
91-112,L22 M3 L28 M0
91-113,L22 M3 L28 M1
91-114,L22 M3 L28 M2
91-115,L22 M3 L28 M3
92-0,L23 M0 H0
92-1,L23 M0 H1
92-2,L23 M0 H2
92-3,L23 M0 H3
92-4,L23 M0 L1 M0
92-5,L23 M0 L1 M1
92-6,L23 M0 L1 M2
92-7,L23 M0 L1 M3
92-8,L23 M0 L2 M0
92-9,L23 M0 L2 M1
92-10,L23 M0 L2 M2
92-11,L23 M0 L2 M3
92-12,L23 M0 L3 M0
92-13,L23 M0 L3 M1
92-14,L23 M0 L3 M2
92-15,L23 M0 L3 M3
92-16,L23 M0 L4 M0
92-17,L23 M0 L4 M1
92-18,L23 M0 L4 M2
92-19,L23 M0 L4 M3
92-20,L23 M0 L5 M0
92-21,L23 M0 L5 M1
92-22,L23 M0 L5 M2
92-23,L23 M0 L5 M3
92-24,L23 M0 L6 M0
92-25,L23 M0 L6 M1
92-26,L23 M0 L6 M2
92-27,L23 M0 L6 M3
92-28,L23 M0 L7 M0
92-29,L23 M0 L7 M1
92-30,L23 M0 L7 M2
92-31,L23 M0 L7 M3
92-32,L23 M0 L8 M0
92-33,L23 M0 L8 M1
92-34,L23 M0 L8 M2
92-35,L23 M0 L8 M3
92-36,L23 M0 L9 M0
92-37,L23 M0 L9 M1
92-38,L23 M0 L9 M2
92-39,L23 M0 L9 M3
92-40,L23 M0 L10 M0
92-41,L23 M0 L10 M1
92-42,L23 M0 L10 M2
92-43,L23 M0 L10 M3
92-44,L23 M0 L11 M0
92-45,L23 M0 L11 M1
92-46,L23 M0 L11 M2
92-47,L23 M0 L11 M3
92-48,L23 M0 L12 M0
92-49,L23 M0 L12 M1
92-50,L23 M0 L12 M2
92-51,L23 M0 L12 M3
92-52,L23 M0 L13 M0
92-53,L23 M0 L13 M1
92-54,L23 M0 L13 M2
92-55,L23 M0 L13 M3
92-56,L23 M0 L14 M0
92-57,L23 M0 L14 M1
92-58,L23 M0 L14 M2
92-59,L23 M0 L14 M3
92-60,L23 M0 L15 M0
92-61,L23 M0 L15 M1
92-62,L23 M0 L15 M2
92-63,L23 M0 L15 M3
92-64,L23 M0 L16 M0
92-65,L23 M0 L16 M1
92-66,L23 M0 L16 M2
92-67,L23 M0 L16 M3
92-68,L23 M0 L17 M0
92-69,L23 M0 L17 M1
92-70,L23 M0 L17 M2
92-71,L23 M0 L17 M3
92-72,L23 M0 L18 M0
92-73,L23 M0 L18 M1
92-74,L23 M0 L18 M2
92-75,L23 M0 L18 M3
92-76,L23 M0 L19 M0
92-77,L23 M0 L19 M1
92-78,L23 M0 L19 M2
92-79,L23 M0 L19 M3
92-80,L23 M0 L20 M0
92-81,L23 M0 L20 M1
92-82,L23 M0 L20 M2
92-83,L23 M0 L20 M3
92-84,L23 M0 L21 M0
92-85,L23 M0 L21 M1
92-86,L23 M0 L21 M2
92-87,L23 M0 L21 M3
92-88,L23 M0 L22 M0
92-89,L23 M0 L22 M1
92-90,L23 M0 L22 M2
92-91,L23 M0 L22 M3
92-92,L23 M0 L23 M0
92-93,L23 M0 L23 M1
92-94,L23 M0 L23 M2
92-95,L23 M0 L23 M3
92-96,L23 M0 L24 M0
92-97,L23 M0 L24 M1
92-98,L23 M0 L24 M2
92-99,L23 M0 L24 M3
92-100,L23 M0 L25 M0
92-101,L23 M0 L25 M1
92-102,L23 M0 L25 M2
92-103,L23 T0
92-104,L23 M0 L26 M0
92-105,L23 M0 L26 M1
92-106,L23 M0 L26 M2
92-107,L23 M0 L26 M3
92-108,L23 M0 L27 M0
92-109,L23 M0 L27 M1
92-110,L23 M0 L27 M2
92-111,L23 M0 L27 M3
92-112,L23 M0 L28 M0
92-113,L23 M0 L28 M1
92-114,L23 M0 L28 M2
92-115,L23 M0 L28 M3
93-0,L23 M1 H0
93-1,L23 M1 H1
93-2,L23 M1 H2
93-3,L23 M1 H3
93-4,L23 M1 L1 M0
93-5,L23 M1 L1 M1
93-6,L23 M1 L1 M2
93-7,L23 M1 L1 M3
93-8,L23 M1 L2 M0
93-9,L23 M1 L2 M1
93-10,L23 M1 L2 M2
93-11,L23 M1 L2 M3
93-12,L23 M1 L3 M0
93-13,L23 M1 L3 M1
93-14,L23 M1 L3 M2
93-15,L23 M1 L3 M3
93-16,L23 M1 L4 M0
93-17,L23 M1 L4 M1
93-18,L23 M1 L4 M2
93-19,L23 M1 L4 M3
93-20,L23 M1 L5 M0
93-21,L23 M1 L5 M1
93-22,L23 M1 L5 M2
93-23,L23 M1 L5 M3
93-24,L23 M1 L6 M0
93-25,L23 M1 L6 M1
93-26,L23 M1 L6 M2
93-27,L23 M1 L6 M3
93-28,L23 M1 L7 M0
93-29,L23 M1 L7 M1
93-30,L23 M1 L7 M2
93-31,L23 M1 L7 M3
93-32,L23 M1 L8 M0
93-33,L23 M1 L8 M1
93-34,L23 M1 L8 M2
93-35,L23 M1 L8 M3
93-36,L23 M1 L9 M0
93-37,L23 M1 L9 M1
93-38,L23 M1 L9 M2
93-39,L23 M1 L9 M3
93-40,L23 M1 L10 M0
93-41,L23 M1 L10 M1
93-42,L23 M1 L10 M2
93-43,L23 M1 L10 M3
93-44,L23 M1 L11 M0
93-45,L23 M1 L11 M1
93-46,L23 M1 L11 M2
93-47,L23 M1 L11 M3
93-48,L23 M1 L12 M0
93-49,L23 M1 L12 M1
93-50,L23 M1 L12 M2
93-51,L23 M1 L12 M3
93-52,L23 M1 L13 M0
93-53,L23 M1 L13 M1
93-54,L23 M1 L13 M2
93-55,L23 M1 L13 M3
93-56,L23 M1 L14 M0
93-57,L23 M1 L14 M1
93-58,L23 M1 L14 M2
93-59,L23 M1 L14 M3
93-60,L23 M1 L15 M0
93-61,L23 M1 L15 M1
93-62,L23 M1 L15 M2
93-63,L23 M1 L15 M3
93-64,L23 M1 L16 M0
93-65,L23 M1 L16 M1
93-66,L23 M1 L16 M2
93-67,L23 M1 L16 M3
93-68,L23 M1 L17 M0
93-69,L23 M1 L17 M1
93-70,L23 M1 L17 M2
93-71,L23 M1 L17 M3
93-72,L23 M1 L18 M0
93-73,L23 M1 L18 M1
93-74,L23 M1 L18 M2
93-75,L23 M1 L18 M3
93-76,L23 M1 L19 M0
93-77,L23 M1 L19 M1
93-78,L23 M1 L19 M2
93-79,L23 M1 L19 M3
93-80,L23 M1 L20 M0
93-81,L23 M1 L20 M1
93-82,L23 M1 L20 M2
93-83,L23 M1 L20 M3
93-84,L23 M1 L21 M0
93-85,L23 M1 L21 M1
93-86,L23 M1 L21 M2
93-87,L23 M1 L21 M3
93-88,L23 M1 L22 M0
93-89,L23 M1 L22 M1
93-90,L23 M1 L22 M2
93-91,L23 M1 L22 M3
93-92,L23 M1 L23 M0
93-93,L23 M1 L23 M1
93-94,L23 M1 L23 M2
93-95,L23 M1 L23 M3
93-96,L23 M1 L24 M0
93-97,L23 M1 L24 M1
93-98,L23 M1 L24 M2
93-99,L23 M1 L24 M3
93-100,L23 M1 L25 M0
93-101,L23 M1 L25 M1
93-102,L23 M1 L25 M2
93-103,L23 T1
93-104,L23 M1 L26 M0
93-105,L23 M1 L26 M1
93-106,L23 M1 L26 M2
93-107,L23 M1 L26 M3
93-108,L23 M1 L27 M0
93-109,L23 M1 L27 M1
93-110,L23 M1 L27 M2
93-111,L23 M1 L27 M3
93-112,L23 M1 L28 M0
93-113,L23 M1 L28 M1
93-114,L23 M1 L28 M2
93-115,L23 M1 L28
94-0,L23 M2 H0
94-1,L23 M2 H1
94-2,L23 M2 H2
94-3,L23 M2 H3
94-4,L23 M2 L1 M0
94-5,L23 M2 L1 M1
94-6,L23 M2 L1 M2
94-7,L23 M2 L1 M3
94-8,L23 M2 L2 M0
94-9,L23 M2 L2 M1
94-10,L23 M2 L2 M2
94-11,L23 M2 L2 M3
94-12,L23 M2 L3 M0
94-13,L23 M2 L3 M1
94-14,L23 M2 L3 M2
94-15,L23 M2 L3 M3
94-16,L23 M2 L4 M0
94-17,L23 M2 L4 M1
94-18,L23 M2 L4 M2
94-19,L23 M2 L4 M3
94-20,L23 M2 L5 M0
94-21,L23 M2 L5 M1
94-22,L23 M2 L5 M2
94-23,L23 M2 L5 M3
94-24,L23 M2 L6 M0
94-25,L23 M2 L6 M1
94-26,L23 M2 L6 M2
94-27,L23 M2 L6 M3
94-28,L23 M2 L7 M0
94-29,L23 M2 L7 M1
94-30,L23 M2 L7 M2
94-31,L23 M2 L7 M3
94-32,L23 M2 L8 M0
94-33,L23 M2 L8 M1
94-34,L23 M2 L8 M2
94-35,L23 M2 L8 M3
94-36,L23 M2 L9 M0
94-37,L23 M2 L9 M1
94-38,L23 M2 L9 M2
94-39,L23 M2 L9 M3
94-40,L23 M2 L10 M0
94-41,L23 M2 L10 M1
94-42,L23 M2 L10 M2
94-43,L23 M2 L10 M3
94-44,L23 M2 L11 M0
94-45,L23 M2 L11 M1
94-46,L23 M2 L11 M2
94-47,L23 M2 L11 M3
94-48,L23 M2 L12 M0
94-49,L23 M2 L12 M1
94-50,L23 M2 L12 M2
94-51,L23 M2 L12 M3
94-52,L23 M2 L13 M0
94-53,L23 M2 L13 M1
94-54,L23 M2 L13 M2
94-55,L23 M2 L13 M3
94-56,L23 M2 L14 M0
94-57,L23 M2 L14 M1
94-58,L23 M2 L14 M2
94-59,L23 M2 L14 M3
94-60,L23 M2 L15 M0
94-61,L23 M2 L15 M1
94-62,L23 M2 L15 M2
94-63,L23 M2 L15 M3
94-64,L23 M2 L16 M0
94-65,L23 M2 L16 M1
94-66,L23 M2 L16 M2
94-67,L23 M2 L16 M3
94-68,L23 M2 L17 M0
94-69,L23 M2 L17 M1
94-70,L23 M2 L17 M2
94-71,L23 M2 L17 M3
94-72,L23 M2 L18 M0
94-73,L23 M2 L18 M1
94-74,L23 M2 L18 M2
94-75,L23 M2 L18 M3
94-76,L23 M2 L19 M0
94-77,L23 M2 L19 M1
94-78,L23 M2 L19 M2
94-79,L23 M2 L19 M3
94-80,L23 M2 L20 M0
94-81,L23 M2 L20 M1
94-82,L23 M2 L20 M2
94-83,L23 M2 L20 M3
94-84,L23 M2 L21 M0
94-85,L23 M2 L21 M1
94-86,L23 M2 L21 M2
94-87,L23 M2 L21 M3
94-88,L23 M2 L22 M0
94-89,L23 M2 L22 M1
94-90,L23 M2 L22 M2
94-91,L23 M2 L22 M3
94-92,L23 M2 L23 M0
94-93,L23 M2 L23 M1
94-94,L23 M2 L23 M2
94-95,L23 M2 L23 M3
94-96,L23 M2 L24 M0
94-97,L23 M2 L24 M1
94-98,L23 M2 L24 M2
94-99,L23 M2 L24 M3
94-100,L23 M2 L25 M0
94-101,L23 M2 L25 M1
94-102,L23 M2 L25 M2
94-103,L23 T2
94-104,L23 M2 L26 M0
94-105,L23 M2 L26 M1
94-106,L23 M2 L26 M2
94-107,L23 M2 L26 M3
94-108,L23 M2 L27 M0
94-109,L23 M2 L27 M1
94-110,L23 M2 L27 M2
94-111,L23 M2 L27
94-112,L23 M2 L28 M0
94-113,L23 M2 L28 M1
94-114,L23 M2 L28 M2
94-115,L23 M2 L28 M3
95-0,L23 M3 H0
95-1,L23 M3 H1
95-2,L23 M3 H2
95-3,L23 M3 H3
95-4,L23 M3 L1 M0
95-5,L23 M3 L1 M1
95-6,L23 M3 L1 M2
95-7,L23 M3 L1 M3
95-8,L23 M3 L2 M0
95-9,L23 M3 L2 M1
95-10,L23 M3 L2 M2
95-11,L23 M3 L2 M3
95-12,L23 M3 L3 M0
95-13,L23 M3 L3 M1
95-14,L23 M3 L3 M2
95-15,L23 M3 L3 M3
95-16,L23 M3 L4 M0
95-17,L23 M3 L4 M1
95-18,L23 M3 L4 M2
95-19,L23 M3 L4 M3
95-20,L23 M3 L5 M0
95-21,L23 M3 L5 M1
95-22,L23 M3 L5 M2
95-23,L23 M3 L5 M3
95-24,L23 M3 L6 M0
95-25,L23 M3 L6 M1
95-26,L23 M3 L6 M2
95-27,L23 M3 L6 M3
95-28,L23 M3 L7 M0
95-29,L23 M3 L7 M1
95-30,L23 M3 L7 M2
95-31,L23 M3 L7 M3
95-32,L23 M3 L8 M0
95-33,L23 M3 L8 M1
95-34,L23 M3 L8 M2
95-35,L23 M3 L8 M3
95-36,L23 M3 L9 M0
95-37,L23 M3 L9 M1
95-38,L23 M3 L9 M2
95-39,L23 M3 L9 M3
95-40,L23 M3 L10 M0
95-41,L23 M3 L10 M1
95-42,L23 M3 L10 M2
95-43,L23 M3 L10 M3
95-44,L23 M3 L11 M0
95-45,L23 M3 L11 M1
95-46,L23 M3 L11 M2
95-47,L23 M3 L11 M3
95-48,L23 M3 L12 M0
95-49,L23 M3 L12 M1
95-50,L23 M3 L12 M2
95-51,L23 M3 L12 M3
95-52,L23 M3 L13 M0
95-53,L23 M3 L13 M1
95-54,L23 M3 L13 M2
95-55,L23 M3 L13 M3
95-56,L23 M3 L14 M0
95-57,L23 M3 L14 M1
95-58,L23 M3 L14 M2
95-59,L23 M3 L14 M3
95-60,L23 M3 L15 M0
95-61,L23 M3 L15 M1
95-62,L23 M3 L15 M2
95-63,L23 M3 L15 M3
95-64,L23 M3 L16 M0
95-65,L23 M3 L16 M1
95-66,L23 M3 L16 M2
95-67,L23 M3 L16 M3
95-68,L23 M3 L17 M0
95-69,L23 M3 L17 M1
95-70,L23 M3 L17 M2
95-71,L23 M3 L17 M3
95-72,L23 M3 L18 M0
95-73,L23 M3 L18 M1
95-74,L23 M3 L18 M2
95-75,L23 M3 L18 M3
95-76,L23 M3 L19 M0
95-77,L23 M3 L19 M1
95-78,L23 M3 L19 M2
95-79,L23 M3 L19 M3
95-80,L23 M3 L20 M0
95-81,L23 M3 L20 M1
95-82,L23 M3 L20 M2
95-83,L23 M3 L20 M3
95-84,L23 M3 L21 M0
95-85,L23 M3 L21 M1
95-86,L23 M3 L21 M2
95-87,L23 M3 L21 M3
95-88,L23 M3 L22 M0
95-89,L23 M3 L22 M1
95-90,L23 M3 L22 M2
95-91,L23 M3 L22 M3
95-92,L23 M3 L23 M0
95-93,L23 M3 L23 M1
95-94,L23 M3 L23 M2
95-95,L23 M3 L23 M3
95-96,L23 M3 L24 M0
95-97,L23 M3 L24 M1
95-98,L23 M3 L24 M2
95-99,L23 M3 L24 M3
95-100,L23 M3 L25 M0
95-101,L23 M3 L25 M1
95-102,L23 M3 L25 M2
95-103,L23 M3 L25 M3
95-104,L23 M3 L26 M0
95-105,L23 M3 L26 M1
95-106,L23 M3 L26 M2
95-107,L23 M3 L26 M3
95-108,L23 M3 L27 M0
95-109,L23 M3 L27 M1
95-110,L23 M3 L27 M2
95-111,L23 M3 L27 M3
95-112,L23 M3 L28 M0
95-113,L23 M3 L28 M1
95-114,L23 M3 L28 M2
95-115,L23 M3 L28 M3
96-0,L24 M0 H0
96-1,L24 M0 H1
96-2,L24 M0 H2
96-3,L24 M0 H3
96-4,L24 M0 L1 M0
96-5,L24 M0 L1 M1
96-6,L24 M0 L1 M2
96-7,L24 M0 L1 M3
96-8,L24 M0 L2 M0
96-9,L24 M0 L2 M1
96-10,L24 M0 L2 M2
96-11,L24 M0 L2 M3
96-12,L24 M0 L3 M0
96-13,L24 M0 L3 M1
96-14,L24 M0 L3 M2
96-15,L24 M0 L3 M3
96-16,L24 M0 L4 M0
96-17,L24 M0 L4 M1
96-18,L24 M0 L4 M2
96-19,L24 M0 L4 M3
96-20,L24 M0 L5 M0
96-21,L24 M0 L5 M1
96-22,L24 M0 L5 M2
96-23,L24 M0 L5 M3
96-24,L24 M0 L6 M0
96-25,L24 M0 L6 M1
96-26,L24 M0 L6 M2
96-27,L24 M0 L6 M3
96-28,L24 M0 L7 M0
96-29,L24 M0 L7 M1
96-30,L24 M0 L7 M2
96-31,L24 M0 L7 M3
96-32,L24 M0 L8 M0
96-33,L24 M0 L8 M1
96-34,L24 M0 L8 M2
96-35,L24 M0 L8 M3
96-36,L24 M0 L9 M0
96-37,L24 M0 L9 M1
96-38,L24 M0 L9 M2
96-39,L24 M0 L9 M3
96-40,L24 M0 L10 M0
96-41,L24 M0 L10 M1
96-42,L24 M0 L10 M2
96-43,L24 M0 L10 M3
96-44,L24 M0 L11 M0
96-45,L24 M0 L11 M1
96-46,L24 M0 L11 M2
96-47,L24 M0 L11 M3
96-48,L24 M0 L12 M0
96-49,L24 M0 L12 M1
96-50,L24 M0 L12 M2
96-51,L24 M0 L12 M3
96-52,L24 M0 L13 M0
96-53,L24 M0 L13 M1
96-54,L24 M0 L13 M2
96-55,L24 M0 L13 M3
96-56,L24 M0 L14 M0
96-57,L24 M0 L14 M1
96-58,L24 M0 L14 M2
96-59,L24 M0 L14 M3
96-60,L24 M0 L15 M0
96-61,L24 M0 L15 M1
96-62,L24 M0 L15 M2
96-63,L24 M0 L15 M3
96-64,L24 M0 L16 M0
96-65,L24 M0 L16 M1
96-66,L24 M0 L16 M2
96-67,L24 M0 L16 M3
96-68,L24 M0 L17 M0
96-69,L24 M0 L17 M1
96-70,L24 M0 L17 M2
96-71,L24 M0 L17 M3
96-72,L24 M0 L18 M0
96-73,L24 M0 L18 M1
96-74,L24 M0 L18 M2
96-75,L24 M0 L18 M3
96-76,L24 M0 L19 M0
96-77,L24 M0 L19 M1
96-78,L24 M0 L19 M2
96-79,L24 M0 L19 M3
96-80,L24 M0 L20 M0
96-81,L24 M0 L20 M1
96-82,L24 M0 L20 M2
96-83,L24 M0 L20 M3
96-84,L24 M0 L21 M0
96-85,L24 M0 L21 M1
96-86,L24 M0 L21 M2
96-87,L24 M0 L21 M3
96-88,L24 M0 L22 M0
96-89,L24 M0 L22 M1
96-90,L24 M0 L22 M2
96-91,L24 M0 L22 M3
96-92,L24 M0 L23 M0
96-93,L24 M0 L23 M1
96-94,L24 M0 L23 M2
96-95,L24 M0 L23 M3
96-96,L24 M0 L24 M0
96-97,L24 M0 L24 M1
96-98,L24 M0 L24 M2
96-99,L24 M0 L24 M3
96-100,L24 M0 L25 M0
96-101,L24 M0 L25 M1
96-102,L24 M0 L25 M2
96-103,L24 T0
96-104,L24 M0 L26 M0
96-105,L24 M0 L26 M1
96-106,L24 M0 L26 M2
96-107,L24 M0 L26 M3
96-108,L24 M0 L27 M0
96-109,L24 M0 L27 M1
96-110,L24 M0 L27 M2
96-111,L24 M0 L27 M3
96-112,L24 M0 L28 M0
96-113,L24 M0 L28 M1
96-114,L24 M0 L28 M2
96-115,L24 M0 L28 M3
97-0,L24 M1 H0
97-1,L24 M1 H1
97-2,L24 M1 H2
97-3,L24 M1 H3
97-4,L24 M1 L1 M0
97-5,L24 M1 L1 M1
97-6,L24 M1 L1 M2
97-7,L24 M1 L1 M3
97-8,L24 M1 L2 M0
97-9,L24 M1 L2 M1
97-10,L24 M1 L2 M2
97-11,L24 M1 L2 M3
97-12,L24 M1 L3 M0
97-13,L24 M1 L3 M1
97-14,L24 M1 L3 M2
97-15,L24 M1 L3 M3
97-16,L24 M1 L4 M0
97-17,L24 M1 L4 M1
97-18,L24 M1 L4 M2
97-19,L24 M1 L4 M3
97-20,L24 M1 L5 M0
97-21,L24 M1 L5 M1
97-22,L24 M1 L5 M2
97-23,L24 M1 L5 M3
97-24,L24 M1 L6 M0
97-25,L24 M1 L6 M1
97-26,L24 M1 L6 M2
97-27,L24 M1 L6 M3
97-28,L24 M1 L7 M0
97-29,L24 M1 L7 M1
97-30,L24 M1 L7 M2
97-31,L24 M1 L7 M3
97-32,L24 M1 L8 M0
97-33,L24 M1 L8 M1
97-34,L24 M1 L8 M2
97-35,L24 M1 L8 M3
97-36,L24 M1 L9 M0
97-37,L24 M1 L9 M1
97-38,L24 M1 L9 M2
97-39,L24 M1 L9 M3
97-40,L24 M1 L10 M0
97-41,L24 M1 L10 M1
97-42,L24 M1 L10 M2
97-43,L24 M1 L10 M3
97-44,L24 M1 L11 M0
97-45,L24 M1 L11 M1
97-46,L24 M1 L11 M2
97-47,L24 M1 L11 M3
97-48,L24 M1 L12 M0
97-49,L24 M1 L12 M1
97-50,L24 M1 L12 M2
97-51,L24 M1 L12 M3
97-52,L24 M1 L13 M0
97-53,L24 M1 L13 M1
97-54,L24 M1 L13 M2
97-55,L24 M1 L13 M3
97-56,L24 M1 L14 M0
97-57,L24 M1 L14 M1
97-58,L24 M1 L14 M2
97-59,L24 M1 L14 M3
97-60,L24 M1 L15 M0
97-61,L24 M1 L15 M1
97-62,L24 M1 L15 M2
97-63,L24 M1 L15 M3
97-64,L24 M1 L16 M0
97-65,L24 M1 L16 M1
97-66,L24 M1 L16 M2
97-67,L24 M1 L16 M3
97-68,L24 M1 L17 M0
97-69,L24 M1 L17 M1
97-70,L24 M1 L17 M2
97-71,L24 M1 L17 M3
97-72,L24 M1 L18 M0
97-73,L24 M1 L18 M1
97-74,L24 M1 L18 M2
97-75,L24 M1 L18 M3
97-76,L24 M1 L19 M0
97-77,L24 M1 L19 M1
97-78,L24 M1 L19 M2
97-79,L24 M1 L19 M3
97-80,L24 M1 L20 M0
97-81,L24 M1 L20 M1
97-82,L24 M1 L20 M2
97-83,L24 M1 L20 M3
97-84,L24 M1 L21 M0
97-85,L24 M1 L21 M1
97-86,L24 M1 L21 M2
97-87,L24 M1 L21 M3
97-88,L24 M1 L22 M0
97-89,L24 M1 L22 M1
97-90,L24 M1 L22 M2
97-91,L24 M1 L22 M3
97-92,L24 M1 L23 M0
97-93,L24 M1 L23 M1
97-94,L24 M1 L23 M2
97-95,L24 M1 L23 M3
97-96,L24 M1 L24 M0
97-97,L24 M1 L24 M1
97-98,L24 M1 L24 M2
97-99,L24 M1 L24 M3
97-100,L24 M1 L25 M0
97-101,L24 M1 L25 M1
97-102,L24 M1 L25 M2
97-103,L24 T1
97-104,L24 M1 L26 M0
97-105,L24 M1 L26 M1
97-106,L24 M1 L26 M2
97-107,L24 M1 L26 M3
97-108,L24 M1 L27 M0
97-109,L24 M1 L27 M1
97-110,L24 M1 L27 M2
97-111,L24 M1 L27 M3
97-112,L24 M1 L28 M0
97-113,L24 M1 L28 M1
97-114,L24 M1 L28 M2
97-115,L24 M1 L28
98-0,L24 M2 H0
98-1,L24 M2 H1
98-2,L24 M2 H2
98-3,L24 M2 H3
98-4,L24 M2 L1 M0
98-5,L24 M2 L1 M1
98-6,L24 M2 L1 M2
98-7,L24 M2 L1 M3
98-8,L24 M2 L2 M0
98-9,L24 M2 L2 M1
98-10,L24 M2 L2 M2
98-11,L24 M2 L2 M3
98-12,L24 M2 L3 M0
98-13,L24 M2 L3 M1
98-14,L24 M2 L3 M2
98-15,L24 M2 L3 M3
98-16,L24 M2 L4 M0
98-17,L24 M2 L4 M1
98-18,L24 M2 L4 M2
98-19,L24 M2 L4 M3
98-20,L24 M2 L5 M0
98-21,L24 M2 L5 M1
98-22,L24 M2 L5 M2
98-23,L24 M2 L5 M3
98-24,L24 M2 L6 M0
98-25,L24 M2 L6 M1
98-26,L24 M2 L6 M2
98-27,L24 M2 L6 M3
98-28,L24 M2 L7 M0
98-29,L24 M2 L7 M1
98-30,L24 M2 L7 M2
98-31,L24 M2 L7 M3
98-32,L24 M2 L8 M0
98-33,L24 M2 L8 M1
98-34,L24 M2 L8 M2
98-35,L24 M2 L8 M3
98-36,L24 M2 L9 M0
98-37,L24 M2 L9 M1
98-38,L24 M2 L9 M2
98-39,L24 M2 L9 M3
98-40,L24 M2 L10 M0
98-41,L24 M2 L10 M1
98-42,L24 M2 L10 M2
98-43,L24 M2 L10 M3
98-44,L24 M2 L11 M0
98-45,L24 M2 L11 M1
98-46,L24 M2 L11 M2
98-47,L24 M2 L11 M3
98-48,L24 M2 L12 M0
98-49,L24 M2 L12 M1
98-50,L24 M2 L12 M2
98-51,L24 M2 L12 M3
98-52,L24 M2 L13 M0
98-53,L24 M2 L13 M1
98-54,L24 M2 L13 M2
98-55,L24 M2 L13 M3
98-56,L24 M2 L14 M0
98-57,L24 M2 L14 M1
98-58,L24 M2 L14 M2
98-59,L24 M2 L14 M3
98-60,L24 M2 L15 M0
98-61,L24 M2 L15 M1
98-62,L24 M2 L15 M2
98-63,L24 M2 L15 M3
98-64,L24 M2 L16 M0
98-65,L24 M2 L16 M1
98-66,L24 M2 L16 M2
98-67,L24 M2 L16 M3
98-68,L24 M2 L17 M0
98-69,L24 M2 L17 M1
98-70,L24 M2 L17 M2
98-71,L24 M2 L17 M3
98-72,L24 M2 L18 M0
98-73,L24 M2 L18 M1
98-74,L24 M2 L18 M2
98-75,L24 M2 L18 M3
98-76,L24 M2 L19 M0
98-77,L24 M2 L19 M1
98-78,L24 M2 L19 M2
98-79,L24 M2 L19 M3
98-80,L24 M2 L20 M0
98-81,L24 M2 L20 M1
98-82,L24 M2 L20 M2
98-83,L24 M2 L20 M3
98-84,L24 M2 L21 M0
98-85,L24 M2 L21 M1
98-86,L24 M2 L21 M2
98-87,L24 M2 L21 M3
98-88,L24 M2 L22 M0
98-89,L24 M2 L22 M1
98-90,L24 M2 L22 M2
98-91,L24 M2 L22 M3
98-92,L24 M2 L23 M0
98-93,L24 M2 L23 M1
98-94,L24 M2 L23 M2
98-95,L24 M2 L23 M3
98-96,L24 M2 L24 M0
98-97,L24 M2 L24 M1
98-98,L24 M2 L24 M2
98-99,L24 M2 L24 M3
98-100,L24 M2 L25 M0
98-101,L24 M2 L25 M1
98-102,L24 M2 L25 M2
98-103,L24 T2
98-104,L24 M2 L26 M0
98-105,L24 M2 L26 M1
98-106,L24 M2 L26 M2
98-107,L24 M2 L26 M3
98-108,L24 M2 L27 M0
98-109,L24 M2 L27 M1
98-110,L24 M2 L27 M2
98-111,L24 M2 L27
98-112,L24 M2 L28 M0
98-113,L24 M2 L28 M1
98-114,L24 M2 L28 M2
98-115,L24 M2 L28 M3
99-0,L24 M3 H0
99-1,L24 M3 H1
99-2,L24 M3 H2
99-3,L24 M3 H3
99-4,L24 M3 L1 M0
99-5,L24 M3 L1 M1
99-6,L24 M3 L1 M2
99-7,L24 M3 L1 M3
99-8,L24 M3 L2 M0
99-9,L24 M3 L2 M1
99-10,L24 M3 L2 M2
99-11,L24 M3 L2 M3
99-12,L24 M3 L3 M0
99-13,L24 M3 L3 M1
99-14,L24 M3 L3 M2
99-15,L24 M3 L3 M3
99-16,L24 M3 L4 M0
99-17,L24 M3 L4 M1
99-18,L24 M3 L4 M2
99-19,L24 M3 L4 M3
99-20,L24 M3 L5 M0
99-21,L24 M3 L5 M1
99-22,L24 M3 L5 M2
99-23,L24 M3 L5 M3
99-24,L24 M3 L6 M0
99-25,L24 M3 L6 M1
99-26,L24 M3 L6 M2
99-27,L24 M3 L6 M3
99-28,L24 M3 L7 M0
99-29,L24 M3 L7 M1
99-30,L24 M3 L7 M2
99-31,L24 M3 L7 M3
99-32,L24 M3 L8 M0
99-33,L24 M3 L8 M1
99-34,L24 M3 L8 M2
99-35,L24 M3 L8 M3
99-36,L24 M3 L9 M0
99-37,L24 M3 L9 M1
99-38,L24 M3 L9 M2
99-39,L24 M3 L9 M3
99-40,L24 M3 L10 M0
99-41,L24 M3 L10 M1
99-42,L24 M3 L10 M2
99-43,L24 M3 L10 M3
99-44,L24 M3 L11 M0
99-45,L24 M3 L11 M1
99-46,L24 M3 L11 M2
99-47,L24 M3 L11 M3
99-48,L24 M3 L12 M0
99-49,L24 M3 L12 M1
99-50,L24 M3 L12 M2
99-51,L24 M3 L12 M3
99-52,L24 M3 L13 M0
99-53,L24 M3 L13 M1
99-54,L24 M3 L13 M2
99-55,L24 M3 L13 M3
99-56,L24 M3 L14 M0
99-57,L24 M3 L14 M1
99-58,L24 M3 L14 M2
99-59,L24 M3 L14 M3
99-60,L24 M3 L15 M0
99-61,L24 M3 L15 M1
99-62,L24 M3 L15 M2
99-63,L24 M3 L15 M3
99-64,L24 M3 L16 M0
99-65,L24 M3 L16 M1
99-66,L24 M3 L16 M2
99-67,L24 M3 L16 M3
99-68,L24 M3 L17 M0
99-69,L24 M3 L17 M1
99-70,L24 M3 L17 M2
99-71,L24 M3 L17 M3
99-72,L24 M3 L18 M0
99-73,L24 M3 L18 M1
99-74,L24 M3 L18 M2
99-75,L24 M3 L18 M3
99-76,L24 M3 L19 M0
99-77,L24 M3 L19 M1
99-78,L24 M3 L19 M2
99-79,L24 M3 L19 M3
99-80,L24 M3 L20 M0
99-81,L24 M3 L20 M1
99-82,L24 M3 L20 M2
99-83,L24 M3 L20 M3
99-84,L24 M3 L21 M0
99-85,L24 M3 L21 M1
99-86,L24 M3 L21 M2
99-87,L24 M3 L21 M3
99-88,L24 M3 L22 M0
99-89,L24 M3 L22 M1
99-90,L24 M3 L22 M2
99-91,L24 M3 L22 M3
99-92,L24 M3 L23 M0
99-93,L24 M3 L23 M1
99-94,L24 M3 L23 M2
99-95,L24 M3 L23 M3
99-96,L24 M3 L24 M0
99-97,L24 M3 L24 M1
99-98,L24 M3 L24 M2
99-99,L24 M3 L24 M3
99-100,L24 M3 L25 M0
99-101,L24 M3 L25 M1
99-102,L24 M3 L25 M2
99-103,L24 M3 L25 M3
99-104,L24 M3 L26 M0
99-105,L24 M3 L26 M1
99-106,L24 M3 L26 M2
99-107,L24 M3 L26 M3
99-108,L24 M3 L27 M0
99-109,L24 M3 L27 M1
99-110,L24 M3 L27 M2
99-111,L24 M3 L27 M3
99-112,L24 M3 L28 M0
99-113,L24 M3 L28 M1
99-114,L24 M3 L28 M2
99-115,L24 M3 L28 M3
100-0,L25 M0 H0
100-1,L25 M0 H1
100-2,L25 M0 H2
100-3,L25 M0 H3
100-4,L25 M0 L1 M0
100-5,L25 M0 L1 M1
100-6,L25 M0 L1 M2
100-7,L25 M0 L1 M3
100-8,L25 M0 L2 M0
100-9,L25 M0 L2 M1
100-10,L25 M0 L2 M2
100-11,L25 M0 L2 M3
100-12,L25 M0 L3 M0
100-13,L25 M0 L3 M1
100-14,L25 M0 L3 M2
100-15,L25 M0 L3 M3
100-16,L25 M0 L4 M0
100-17,L25 M0 L4 M1
100-18,L25 M0 L4 M2
100-19,L25 M0 L4 M3
100-20,L25 M0 L5 M0
100-21,L25 M0 L5 M1
100-22,L25 M0 L5 M2
100-23,L25 M0 L5 M3
100-24,L25 M0 L6 M0
100-25,L25 M0 L6 M1
100-26,L25 M0 L6 M2
100-27,L25 M0 L6 M3
100-28,L25 M0 L7 M0
100-29,L25 M0 L7 M1
100-30,L25 M0 L7 M2
100-31,L25 M0 L7 M3
100-32,L25 M0 L8 M0
100-33,L25 M0 L8 M1
100-34,L25 M0 L8 M2
100-35,L25 M0 L8 M3
100-36,L25 M0 L9 M0
100-37,L25 M0 L9 M1
100-38,L25 M0 L9 M2
100-39,L25 M0 L9 M3
100-40,L25 M0 L10 M0
100-41,L25 M0 L10 M1
100-42,L25 M0 L10 M2
100-43,L25 M0 L10 M3
100-44,L25 M0 L11 M0
100-45,L25 M0 L11 M1
100-46,L25 M0 L11 M2
100-47,L25 M0 L11 M3
100-48,L25 M0 L12 M0
100-49,L25 M0 L12 M1
100-50,L25 M0 L12 M2
100-51,L25 M0 L12 M3
100-52,L25 M0 L13 M0
100-53,L25 M0 L13 M1
100-54,L25 M0 L13 M2
100-55,L25 M0 L13 M3
100-56,L25 M0 L14 M0
100-57,L25 M0 L14 M1
100-58,L25 M0 L14 M2
100-59,L25 M0 L14 M3
100-60,L25 M0 L15 M0
100-61,L25 M0 L15 M1
100-62,L25 M0 L15 M2
100-63,L25 M0 L15 M3
100-64,L25 M0 L16 M0
100-65,L25 M0 L16 M1
100-66,L25 M0 L16 M2
100-67,L25 M0 L16 M3
100-68,L25 M0 L17 M0
100-69,L25 M0 L17 M1
100-70,L25 M0 L17 M2
100-71,L25 M0 L17 M3
100-72,L25 M0 L18 M0
100-73,L25 M0 L18 M1
100-74,L25 M0 L18 M2
100-75,L25 M0 L18 M3
100-76,L25 M0 L19 M0
100-77,L25 M0 L19 M1
100-78,L25 M0 L19 M2
100-79,L25 M0 L19 M3
100-80,L25 M0 L20 M0
100-81,L25 M0 L20 M1
100-82,L25 M0 L20 M2
100-83,L25 M0 L20 M3
100-84,L25 M0 L21 M0
100-85,L25 M0 L21 M1
100-86,L25 M0 L21 M2
100-87,L25 M0 L21 M3
100-88,L25 M0 L22 M0
100-89,L25 M0 L22 M1
100-90,L25 M0 L22 M2
100-91,L25 M0 L22 M3
100-92,L25 M0 L23 M0
100-93,L25 M0 L23 M1
100-94,L25 M0 L23 M2
100-95,L25 M0 L23 M3
100-96,L25 M0 L24 M0
100-97,L25 M0 L24 M1
100-98,L25 M0 L24 M2
100-99,L25 M0 L24 M3
100-100,L25 M0 L25 M0
100-101,L25 M0 L25 M1
100-102,L25 M0 L25 M2
100-103,L25 T0
100-104,L25 M0 L26 M0
100-105,L25 M0 L26 M1
100-106,L25 M0 L26 M2
100-107,L25 M0 L26 M3
100-108,L25 M0 L27 M0
100-109,L25 M0 L27 M1
100-110,L25 M0 L27 M2
100-111,L25 M0 L27 M3
100-112,L25 M0 L28 M0
100-113,L25 M0 L28 M1
100-114,L25 M0 L28 M2
100-115,L25 M0 L28 M3
101-0,L25 M1 H0
101-1,L25 M1 H1
101-2,L25 M1 H2
101-3,L25 M1 H3
101-4,L25 M1 L1 M0
101-5,L25 M1 L1 M1
101-6,L25 M1 L1 M2
101-7,L25 M1 L1 M3
101-8,L25 M1 L2 M0
101-9,L25 M1 L2 M1
101-10,L25 M1 L2 M2
101-11,L25 M1 L2 M3
101-12,L25 M1 L3 M0
101-13,L25 M1 L3 M1
101-14,L25 M1 L3 M2
101-15,L25 M1 L3 M3
101-16,L25 M1 L4 M0
101-17,L25 M1 L4 M1
101-18,L25 M1 L4 M2
101-19,L25 M1 L4 M3
101-20,L25 M1 L5 M0
101-21,L25 M1 L5 M1
101-22,L25 M1 L5 M2
101-23,L25 M1 L5 M3
101-24,L25 M1 L6 M0
101-25,L25 M1 L6 M1
101-26,L25 M1 L6 M2
101-27,L25 M1 L6 M3
101-28,L25 M1 L7 M0
101-29,L25 M1 L7 M1
101-30,L25 M1 L7 M2
101-31,L25 M1 L7 M3
101-32,L25 M1 L8 M0
101-33,L25 M1 L8 M1
101-34,L25 M1 L8 M2
101-35,L25 M1 L8 M3
101-36,L25 M1 L9 M0
101-37,L25 M1 L9 M1
101-38,L25 M1 L9 M2
101-39,L25 M1 L9 M3
101-40,L25 M1 L10 M0
101-41,L25 M1 L10 M1
101-42,L25 M1 L10 M2
101-43,L25 M1 L10 M3
101-44,L25 M1 L11 M0
101-45,L25 M1 L11 M1
101-46,L25 M1 L11 M2
101-47,L25 M1 L11 M3
101-48,L25 M1 L12 M0
101-49,L25 M1 L12 M1
101-50,L25 M1 L12 M2
101-51,L25 M1 L12 M3
101-52,L25 M1 L13 M0
101-53,L25 M1 L13 M1
101-54,L25 M1 L13 M2
101-55,L25 M1 L13 M3
101-56,L25 M1 L14 M0
101-57,L25 M1 L14 M1
101-58,L25 M1 L14 M2
101-59,L25 M1 L14 M3
101-60,L25 M1 L15 M0
101-61,L25 M1 L15 M1
101-62,L25 M1 L15 M2
101-63,L25 M1 L15 M3
101-64,L25 M1 L16 M0
101-65,L25 M1 L16 M1
101-66,L25 M1 L16 M2
101-67,L25 M1 L16 M3
101-68,L25 M1 L17 M0
101-69,L25 M1 L17 M1
101-70,L25 M1 L17 M2
101-71,L25 M1 L17 M3
101-72,L25 M1 L18 M0
101-73,L25 M1 L18 M1
101-74,L25 M1 L18 M2
101-75,L25 M1 L18 M3
101-76,L25 M1 L19 M0
101-77,L25 M1 L19 M1
101-78,L25 M1 L19 M2
101-79,L25 M1 L19 M3
101-80,L25 M1 L20 M0
101-81,L25 M1 L20 M1
101-82,L25 M1 L20 M2
101-83,L25 M1 L20 M3
101-84,L25 M1 L21 M0
101-85,L25 M1 L21 M1
101-86,L25 M1 L21 M2
101-87,L25 M1 L21 M3
101-88,L25 M1 L22 M0
101-89,L25 M1 L22 M1
101-90,L25 M1 L22 M2
101-91,L25 M1 L22 M3
101-92,L25 M1 L23 M0
101-93,L25 M1 L23 M1
101-94,L25 M1 L23 M2
101-95,L25 M1 L23 M3
101-96,L25 M1 L24 M0
101-97,L25 M1 L24 M1
101-98,L25 M1 L24 M2
101-99,L25 M1 L24 M3
101-100,L25 M1 L25 M0
101-101,L25 M1 L25 M1
101-102,L25 M1 L25 M2
101-103,L25 T1
101-104,L25 M1 L26 M0
101-105,L25 M1 L26 M1
101-106,L25 M1 L26 M2
101-107,L25 M1 L26 M3
101-108,L25 M1 L27 M0
101-109,L25 M1 L27 M1
101-110,L25 M1 L27 M2
101-111,L25 M1 L27 M3
101-112,L25 M1 L28 M0
101-113,L25 M1 L28 M1
101-114,L25 M1 L28 M2
101-115,L25 M1 L28
102-0,L25 M2 H0
102-1,L25 M2 H1
102-2,L25 M2 H2
102-3,L25 M2 H3
102-4,L25 M2 L1 M0
102-5,L25 M2 L1 M1
102-6,L25 M2 L1 M2
102-7,L25 M2 L1 M3
102-8,L25 M2 L2 M0
102-9,L25 M2 L2 M1
102-10,L25 M2 L2 M2
102-11,L25 M2 L2 M3
102-12,L25 M2 L3 M0
102-13,L25 M2 L3 M1
102-14,L25 M2 L3 M2
102-15,L25 M2 L3 M3
102-16,L25 M2 L4 M0
102-17,L25 M2 L4 M1
102-18,L25 M2 L4 M2
102-19,L25 M2 L4 M3
102-20,L25 M2 L5 M0
102-21,L25 M2 L5 M1
102-22,L25 M2 L5 M2
102-23,L25 M2 L5 M3
102-24,L25 M2 L6 M0
102-25,L25 M2 L6 M1
102-26,L25 M2 L6 M2
102-27,L25 M2 L6 M3
102-28,L25 M2 L7 M0
102-29,L25 M2 L7 M1
102-30,L25 M2 L7 M2
102-31,L25 M2 L7 M3
102-32,L25 M2 L8 M0
102-33,L25 M2 L8 M1
102-34,L25 M2 L8 M2
102-35,L25 M2 L8 M3
102-36,L25 M2 L9 M0
102-37,L25 M2 L9 M1
102-38,L25 M2 L9 M2
102-39,L25 M2 L9 M3
102-40,L25 M2 L10 M0
102-41,L25 M2 L10 M1
102-42,L25 M2 L10 M2
102-43,L25 M2 L10 M3
102-44,L25 M2 L11 M0
102-45,L25 M2 L11 M1
102-46,L25 M2 L11 M2
102-47,L25 M2 L11 M3
102-48,L25 M2 L12 M0
102-49,L25 M2 L12 M1
102-50,L25 M2 L12 M2
102-51,L25 M2 L12 M3
102-52,L25 M2 L13 M0
102-53,L25 M2 L13 M1
102-54,L25 M2 L13 M2
102-55,L25 M2 L13 M3
102-56,L25 M2 L14 M0
102-57,L25 M2 L14 M1
102-58,L25 M2 L14 M2
102-59,L25 M2 L14 M3
102-60,L25 M2 L15 M0
102-61,L25 M2 L15 M1
102-62,L25 M2 L15 M2
102-63,L25 M2 L15 M3
102-64,L25 M2 L16 M0
102-65,L25 M2 L16 M1
102-66,L25 M2 L16 M2
102-67,L25 M2 L16 M3
102-68,L25 M2 L17 M0
102-69,L25 M2 L17 M1
102-70,L25 M2 L17 M2
102-71,L25 M2 L17 M3
102-72,L25 M2 L18 M0
102-73,L25 M2 L18 M1
102-74,L25 M2 L18 M2
102-75,L25 M2 L18 M3
102-76,L25 M2 L19 M0
102-77,L25 M2 L19 M1
102-78,L25 M2 L19 M2
102-79,L25 M2 L19 M3
102-80,L25 M2 L20 M0
102-81,L25 M2 L20 M1
102-82,L25 M2 L20 M2
102-83,L25 M2 L20 M3
102-84,L25 M2 L21 M0
102-85,L25 M2 L21 M1
102-86,L25 M2 L21 M2
102-87,L25 M2 L21 M3
102-88,L25 M2 L22 M0
102-89,L25 M2 L22 M1
102-90,L25 M2 L22 M2
102-91,L25 M2 L22 M3
102-92,L25 M2 L23 M0
102-93,L25 M2 L23 M1
102-94,L25 M2 L23 M2
102-95,L25 M2 L23 M3
102-96,L25 M2 L24 M0
102-97,L25 M2 L24 M1
102-98,L25 M2 L24 M2
102-99,L25 M2 L24 M3
102-100,L25 M2 L25 M0
102-101,L25 M2 L25 M1
102-102,L25 M2 L25 M2
102-103,L25 T2
102-104,L25 M2 L26 M0
102-105,L25 M2 L26 M1
102-106,L25 M2 L26 M2
102-107,L25 M2 L26 M3
102-108,L25 M2 L27 M0
102-109,L25 M2 L27 M1
102-110,L25 M2 L27 M2
102-111,L25 M2 L27
102-112,L25 M2 L28 M0
102-113,L25 M2 L28 M1
102-114,L25 M2 L28 M2
102-115,L25 M2 L28 M3
103-0,L25 M3 H0
103-1,L25 M3 H1
103-2,L25 M3 H2
103-3,L25 M3 H3
103-4,L25 M3 L1 M0
103-5,L25 M3 L1 M1
103-6,L25 M3 L1 M2
103-7,L25 M3 L1 M3
103-8,L25 M3 L2 M0
103-9,L25 M3 L2 M1
103-10,L25 M3 L2 M2
103-11,L25 M3 L2 M3
103-12,L25 M3 L3 M0
103-13,L25 M3 L3 M1
103-14,L25 M3 L3 M2
103-15,L25 M3 L3 M3
103-16,L25 M3 L4 M0
103-17,L25 M3 L4 M1
103-18,L25 M3 L4 M2
103-19,L25 M3 L4 M3
103-20,L25 M3 L5 M0
103-21,L25 M3 L5 M1
103-22,L25 M3 L5 M2
103-23,L25 M3 L5 M3
103-24,L25 M3 L6 M0
103-25,L25 M3 L6 M1
103-26,L25 M3 L6 M2
103-27,L25 M3 L6 M3
103-28,L25 M3 L7 M0
103-29,L25 M3 L7 M1
103-30,L25 M3 L7 M2
103-31,L25 M3 L7 M3
103-32,L25 M3 L8 M0
103-33,L25 M3 L8 M1
103-34,L25 M3 L8 M2
103-35,L25 M3 L8 M3
103-36,L25 M3 L9 M0
103-37,L25 M3 L9 M1
103-38,L25 M3 L9 M2
103-39,L25 M3 L9 M3
103-40,L25 M3 L10 M0
103-41,L25 M3 L10 M1
103-42,L25 M3 L10 M2
103-43,L25 M3 L10 M3
103-44,L25 M3 L11 M0
103-45,L25 M3 L11 M1
103-46,L25 M3 L11 M2
103-47,L25 M3 L11 M3
103-48,L25 M3 L12 M0
103-49,L25 M3 L12 M1
103-50,L25 M3 L12 M2
103-51,L25 M3 L12 M3
103-52,L25 M3 L13 M0
103-53,L25 M3 L13 M1
103-54,L25 M3 L13 M2
103-55,L25 M3 L13 M3
103-56,L25 M3 L14 M0
103-57,L25 M3 L14 M1
103-58,L25 M3 L14 M2
103-59,L25 M3 L14 M3
103-60,L25 M3 L15 M0
103-61,L25 M3 L15 M1
103-62,L25 M3 L15 M2
103-63,L25 M3 L15 M3
103-64,L25 M3 L16 M0
103-65,L25 M3 L16 M1
103-66,L25 M3 L16 M2
103-67,L25 M3 L16 M3
103-68,L25 M3 L17 M0
103-69,L25 M3 L17 M1
103-70,L25 M3 L17 M2
103-71,L25 M3 L17 M3
103-72,L25 M3 L18 M0
103-73,L25 M3 L18 M1
103-74,L25 M3 L18 M2
103-75,L25 M3 L18 M3
103-76,L25 M3 L19 M0
103-77,L25 M3 L19 M1
103-78,L25 M3 L19 M2
103-79,L25 M3 L19 M3
103-80,L25 M3 L20 M0
103-81,L25 M3 L20 M1
103-82,L25 M3 L20 M2
103-83,L25 M3 L20 M3
103-84,L25 M3 L21 M0
103-85,L25 M3 L21 M1
103-86,L25 M3 L21 M2
103-87,L25 M3 L21 M3
103-88,L25 M3 L22 M0
103-89,L25 M3 L22 M1
103-90,L25 M3 L22 M2
103-91,L25 M3 L22 M3
103-92,L25 M3 L23 M0
103-93,L25 M3 L23 M1
103-94,L25 M3 L23 M2
103-95,L25 M3 L23 M3
103-96,L25 M3 L24 M0
103-97,L25 M3 L24 M1
103-98,L25 M3 L24 M2
103-99,L25 M3 L24 M3
103-100,L25 M3 L25 M0
103-101,L25 M3 L25 M1
103-102,L25 M3 L25 M2
103-103,L25 M3 L25 M3
103-104,L25 M3 L26 M0
103-105,L25 M3 L26 M1
103-106,L25 M3 L26 M2
103-107,L25 M3 L26 M3
103-108,L25 M3 L27 M0
103-109,L25 M3 L27 M1
103-110,L25 M3 L27 M2
103-111,L25 M3 L27 M3
103-112,L25 M3 L28 M0
103-113,L25 M3 L28 M1
103-114,L25 M3 L28 M2
103-115,L25 M3 L28 M3
104-0,L26 M0 H0
104-1,L26 M0 H1
104-2,L26 M0 H2
104-3,L26 M0 H3
104-4,L26 M0 L1 M0
104-5,L26 M0 L1 M1
104-6,L26 M0 L1 M2
104-7,L26 M0 L1 M3
104-8,L26 M0 L2 M0
104-9,L26 M0 L2 M1
104-10,L26 M0 L2 M2
104-11,L26 M0 L2 M3
104-12,L26 M0 L3 M0
104-13,L26 M0 L3 M1
104-14,L26 M0 L3 M2
104-15,L26 M0 L3 M3
104-16,L26 M0 L4 M0
104-17,L26 M0 L4 M1
104-18,L26 M0 L4 M2
104-19,L26 M0 L4 M3
104-20,L26 M0 L5 M0
104-21,L26 M0 L5 M1
104-22,L26 M0 L5 M2
104-23,L26 M0 L5 M3
104-24,L26 M0 L6 M0
104-25,L26 M0 L6 M1
104-26,L26 M0 L6 M2
104-27,L26 M0 L6 M3
104-28,L26 M0 L7 M0
104-29,L26 M0 L7 M1
104-30,L26 M0 L7 M2
104-31,L26 M0 L7 M3
104-32,L26 M0 L8 M0
104-33,L26 M0 L8 M1
104-34,L26 M0 L8 M2
104-35,L26 M0 L8 M3
104-36,L26 M0 L9 M0
104-37,L26 M0 L9 M1
104-38,L26 M0 L9 M2
104-39,L26 M0 L9 M3
104-40,L26 M0 L10 M0
104-41,L26 M0 L10 M1
104-42,L26 M0 L10 M2
104-43,L26 M0 L10 M3
104-44,L26 M0 L11 M0
104-45,L26 M0 L11 M1
104-46,L26 M0 L11 M2
104-47,L26 M0 L11 M3
104-48,L26 M0 L12 M0
104-49,L26 M0 L12 M1
104-50,L26 M0 L12 M2
104-51,L26 M0 L12 M3
104-52,L26 M0 L13 M0
104-53,L26 M0 L13 M1
104-54,L26 M0 L13 M2
104-55,L26 M0 L13 M3
104-56,L26 M0 L14 M0
104-57,L26 M0 L14 M1
104-58,L26 M0 L14 M2
104-59,L26 M0 L14 M3
104-60,L26 M0 L15 M0
104-61,L26 M0 L15 M1
104-62,L26 M0 L15 M2
104-63,L26 M0 L15 M3
104-64,L26 M0 L16 M0
104-65,L26 M0 L16 M1
104-66,L26 M0 L16 M2
104-67,L26 M0 L16 M3
104-68,L26 M0 L17 M0
104-69,L26 M0 L17 M1
104-70,L26 M0 L17 M2
104-71,L26 M0 L17 M3
104-72,L26 M0 L18 M0
104-73,L26 M0 L18 M1
104-74,L26 M0 L18 M2
104-75,L26 M0 L18 M3
104-76,L26 M0 L19 M0
104-77,L26 M0 L19 M1
104-78,L26 M0 L19 M2
104-79,L26 M0 L19 M3
104-80,L26 M0 L20 M0
104-81,L26 M0 L20 M1
104-82,L26 M0 L20 M2
104-83,L26 M0 L20 M3
104-84,L26 M0 L21 M0
104-85,L26 M0 L21 M1
104-86,L26 M0 L21 M2
104-87,L26 M0 L21 M3
104-88,L26 M0 L22 M0
104-89,L26 M0 L22 M1
104-90,L26 M0 L22 M2
104-91,L26 M0 L22 M3
104-92,L26 M0 L23 M0
104-93,L26 M0 L23 M1
104-94,L26 M0 L23 M2
104-95,L26 M0 L23 M3
104-96,L26 M0 L24 M0
104-97,L26 M0 L24 M1
104-98,L26 M0 L24 M2
104-99,L26 M0 L24 M3
104-100,L26 M0 L25 M0
104-101,L26 M0 L25 M1
104-102,L26 M0 L25 M2
104-103,L26 T0
104-104,L26 M0 L26 M0
104-105,L26 M0 L26 M1
104-106,L26 M0 L26 M2
104-107,L26 M0 L26 M3
104-108,L26 M0 L27 M0
104-109,L26 M0 L27 M1
104-110,L26 M0 L27 M2
104-111,L26 M0 L27 M3
104-112,L26 M0 L28 M0
104-113,L26 M0 L28 M1
104-114,L26 M0 L28 M2
104-115,L26 M0 L28 M3
105-0,L26 M1 H0
105-1,L26 M1 H1
105-2,L26 M1 H2
105-3,L26 M1 H3
105-4,L26 M1 L1 M0
105-5,L26 M1 L1 M1
105-6,L26 M1 L1 M2
105-7,L26 M1 L1 M3
105-8,L26 M1 L2 M0
105-9,L26 M1 L2 M1
105-10,L26 M1 L2 M2
105-11,L26 M1 L2 M3
105-12,L26 M1 L3 M0
105-13,L26 M1 L3 M1
105-14,L26 M1 L3 M2
105-15,L26 M1 L3 M3
105-16,L26 M1 L4 M0
105-17,L26 M1 L4 M1
105-18,L26 M1 L4 M2
105-19,L26 M1 L4 M3
105-20,L26 M1 L5 M0
105-21,L26 M1 L5 M1
105-22,L26 M1 L5 M2
105-23,L26 M1 L5 M3
105-24,L26 M1 L6 M0
105-25,L26 M1 L6 M1
105-26,L26 M1 L6 M2
105-27,L26 M1 L6 M3
105-28,L26 M1 L7 M0
105-29,L26 M1 L7 M1
105-30,L26 M1 L7 M2
105-31,L26 M1 L7 M3
105-32,L26 M1 L8 M0
105-33,L26 M1 L8 M1
105-34,L26 M1 L8 M2
105-35,L26 M1 L8 M3
105-36,L26 M1 L9 M0
105-37,L26 M1 L9 M1
105-38,L26 M1 L9 M2
105-39,L26 M1 L9 M3
105-40,L26 M1 L10 M0
105-41,L26 M1 L10 M1
105-42,L26 M1 L10 M2
105-43,L26 M1 L10 M3
105-44,L26 M1 L11 M0
105-45,L26 M1 L11 M1
105-46,L26 M1 L11 M2
105-47,L26 M1 L11 M3
105-48,L26 M1 L12 M0
105-49,L26 M1 L12 M1
105-50,L26 M1 L12 M2
105-51,L26 M1 L12 M3
105-52,L26 M1 L13 M0
105-53,L26 M1 L13 M1
105-54,L26 M1 L13 M2
105-55,L26 M1 L13 M3
105-56,L26 M1 L14 M0
105-57,L26 M1 L14 M1
105-58,L26 M1 L14 M2
105-59,L26 M1 L14 M3
105-60,L26 M1 L15 M0
105-61,L26 M1 L15 M1
105-62,L26 M1 L15 M2
105-63,L26 M1 L15 M3
105-64,L26 M1 L16 M0
105-65,L26 M1 L16 M1
105-66,L26 M1 L16 M2
105-67,L26 M1 L16 M3
105-68,L26 M1 L17 M0
105-69,L26 M1 L17 M1
105-70,L26 M1 L17 M2
105-71,L26 M1 L17 M3
105-72,L26 M1 L18 M0
105-73,L26 M1 L18 M1
105-74,L26 M1 L18 M2
105-75,L26 M1 L18 M3
105-76,L26 M1 L19 M0
105-77,L26 M1 L19 M1
105-78,L26 M1 L19 M2
105-79,L26 M1 L19 M3
105-80,L26 M1 L20 M0
105-81,L26 M1 L20 M1
105-82,L26 M1 L20 M2
105-83,L26 M1 L20 M3
105-84,L26 M1 L21 M0
105-85,L26 M1 L21 M1
105-86,L26 M1 L21 M2
105-87,L26 M1 L21 M3
105-88,L26 M1 L22 M0
105-89,L26 M1 L22 M1
105-90,L26 M1 L22 M2
105-91,L26 M1 L22 M3
105-92,L26 M1 L23 M0
105-93,L26 M1 L23 M1
105-94,L26 M1 L23 M2
105-95,L26 M1 L23 M3
105-96,L26 M1 L24 M0
105-97,L26 M1 L24 M1
105-98,L26 M1 L24 M2
105-99,L26 M1 L24 M3
105-100,L26 M1 L25 M0
105-101,L26 M1 L25 M1
105-102,L26 M1 L25 M2
105-103,L26 T1
105-104,L26 M1 L26 M0
105-105,L26 M1 L26 M1
105-106,L26 M1 L26 M2
105-107,L26 M1 L26 M3
105-108,L26 M1 L27 M0
105-109,L26 M1 L27 M1
105-110,L26 M1 L27 M2
105-111,L26 M1 L27 M3
105-112,L26 M1 L28 M0
105-113,L26 M1 L28 M1
105-114,L26 M1 L28 M2
105-115,L26 M1 L28
106-0,L26 M2 H0
106-1,L26 M2 H1
106-2,L26 M2 H2
106-3,L26 M2 H3
106-4,L26 M2 L1 M0
106-5,L26 M2 L1 M1
106-6,L26 M2 L1 M2
106-7,L26 M2 L1 M3
106-8,L26 M2 L2 M0
106-9,L26 M2 L2 M1
106-10,L26 M2 L2 M2
106-11,L26 M2 L2 M3
106-12,L26 M2 L3 M0
106-13,L26 M2 L3 M1
106-14,L26 M2 L3 M2
106-15,L26 M2 L3 M3
106-16,L26 M2 L4 M0
106-17,L26 M2 L4 M1
106-18,L26 M2 L4 M2
106-19,L26 M2 L4 M3
106-20,L26 M2 L5 M0
106-21,L26 M2 L5 M1
106-22,L26 M2 L5 M2
106-23,L26 M2 L5 M3
106-24,L26 M2 L6 M0
106-25,L26 M2 L6 M1
106-26,L26 M2 L6 M2
106-27,L26 M2 L6 M3
106-28,L26 M2 L7 M0
106-29,L26 M2 L7 M1
106-30,L26 M2 L7 M2
106-31,L26 M2 L7 M3
106-32,L26 M2 L8 M0
106-33,L26 M2 L8 M1
106-34,L26 M2 L8 M2
106-35,L26 M2 L8 M3
106-36,L26 M2 L9 M0
106-37,L26 M2 L9 M1
106-38,L26 M2 L9 M2
106-39,L26 M2 L9 M3
106-40,L26 M2 L10 M0
106-41,L26 M2 L10 M1
106-42,L26 M2 L10 M2
106-43,L26 M2 L10 M3
106-44,L26 M2 L11 M0
106-45,L26 M2 L11 M1
106-46,L26 M2 L11 M2
106-47,L26 M2 L11 M3
106-48,L26 M2 L12 M0
106-49,L26 M2 L12 M1
106-50,L26 M2 L12 M2
106-51,L26 M2 L12 M3
106-52,L26 M2 L13 M0
106-53,L26 M2 L13 M1
106-54,L26 M2 L13 M2
106-55,L26 M2 L13 M3
106-56,L26 M2 L14 M0
106-57,L26 M2 L14 M1
106-58,L26 M2 L14 M2
106-59,L26 M2 L14 M3
106-60,L26 M2 L15 M0
106-61,L26 M2 L15 M1
106-62,L26 M2 L15 M2
106-63,L26 M2 L15 M3
106-64,L26 M2 L16 M0
106-65,L26 M2 L16 M1
106-66,L26 M2 L16 M2
106-67,L26 M2 L16 M3
106-68,L26 M2 L17 M0
106-69,L26 M2 L17 M1
106-70,L26 M2 L17 M2
106-71,L26 M2 L17 M3
106-72,L26 M2 L18 M0
106-73,L26 M2 L18 M1
106-74,L26 M2 L18 M2
106-75,L26 M2 L18 M3
106-76,L26 M2 L19 M0
106-77,L26 M2 L19 M1
106-78,L26 M2 L19 M2
106-79,L26 M2 L19 M3
106-80,L26 M2 L20 M0
106-81,L26 M2 L20 M1
106-82,L26 M2 L20 M2
106-83,L26 M2 L20 M3
106-84,L26 M2 L21 M0
106-85,L26 M2 L21 M1
106-86,L26 M2 L21 M2
106-87,L26 M2 L21 M3
106-88,L26 M2 L22 M0
106-89,L26 M2 L22 M1
106-90,L26 M2 L22 M2
106-91,L26 M2 L22 M3
106-92,L26 M2 L23 M0
106-93,L26 M2 L23 M1
106-94,L26 M2 L23 M2
106-95,L26 M2 L23 M3
106-96,L26 M2 L24 M0
106-97,L26 M2 L24 M1
106-98,L26 M2 L24 M2
106-99,L26 M2 L24 M3
106-100,L26 M2 L25 M0
106-101,L26 M2 L25 M1
106-102,L26 M2 L25 M2
106-103,L26 T2
106-104,L26 M2 L26 M0
106-105,L26 M2 L26 M1
106-106,L26 M2 L26 M2
106-107,L26 M2 L26 M3
106-108,L26 M2 L27 M0
106-109,L26 M2 L27 M1
106-110,L26 M2 L27 M2
106-111,L26 M2 L27
106-112,L26 M2 L28 M0
106-113,L26 M2 L28 M1
106-114,L26 M2 L28 M2
106-115,L26 M2 L28 M3
107-0,L26 M3 H0
107-1,L26 M3 H1
107-2,L26 M3 H2
107-3,L26 M3 H3
107-4,L26 M3 L1 M0
107-5,L26 M3 L1 M1
107-6,L26 M3 L1 M2
107-7,L26 M3 L1 M3
107-8,L26 M3 L2 M0
107-9,L26 M3 L2 M1
107-10,L26 M3 L2 M2
107-11,L26 M3 L2 M3
107-12,L26 M3 L3 M0
107-13,L26 M3 L3 M1
107-14,L26 M3 L3 M2
107-15,L26 M3 L3 M3
107-16,L26 M3 L4 M0
107-17,L26 M3 L4 M1
107-18,L26 M3 L4 M2
107-19,L26 M3 L4 M3
107-20,L26 M3 L5 M0
107-21,L26 M3 L5 M1
107-22,L26 M3 L5 M2
107-23,L26 M3 L5 M3
107-24,L26 M3 L6 M0
107-25,L26 M3 L6 M1
107-26,L26 M3 L6 M2
107-27,L26 M3 L6 M3
107-28,L26 M3 L7 M0
107-29,L26 M3 L7 M1
107-30,L26 M3 L7 M2
107-31,L26 M3 L7 M3
107-32,L26 M3 L8 M0
107-33,L26 M3 L8 M1
107-34,L26 M3 L8 M2
107-35,L26 M3 L8 M3
107-36,L26 M3 L9 M0
107-37,L26 M3 L9 M1
107-38,L26 M3 L9 M2
107-39,L26 M3 L9 M3
107-40,L26 M3 L10 M0
107-41,L26 M3 L10 M1
107-42,L26 M3 L10 M2
107-43,L26 M3 L10 M3
107-44,L26 M3 L11 M0
107-45,L26 M3 L11 M1
107-46,L26 M3 L11 M2
107-47,L26 M3 L11 M3
107-48,L26 M3 L12 M0
107-49,L26 M3 L12 M1
107-50,L26 M3 L12 M2
107-51,L26 M3 L12 M3
107-52,L26 M3 L13 M0
107-53,L26 M3 L13 M1
107-54,L26 M3 L13 M2
107-55,L26 M3 L13 M3
107-56,L26 M3 L14 M0
107-57,L26 M3 L14 M1
107-58,L26 M3 L14 M2
107-59,L26 M3 L14 M3
107-60,L26 M3 L15 M0
107-61,L26 M3 L15 M1
107-62,L26 M3 L15 M2
107-63,L26 M3 L15 M3
107-64,L26 M3 L16 M0
107-65,L26 M3 L16 M1
107-66,L26 M3 L16 M2
107-67,L26 M3 L16 M3
107-68,L26 M3 L17 M0
107-69,L26 M3 L17 M1
107-70,L26 M3 L17 M2
107-71,L26 M3 L17 M3
107-72,L26 M3 L18 M0
107-73,L26 M3 L18 M1
107-74,L26 M3 L18 M2
107-75,L26 M3 L18 M3
107-76,L26 M3 L19 M0
107-77,L26 M3 L19 M1
107-78,L26 M3 L19 M2
107-79,L26 M3 L19 M3
107-80,L26 M3 L20 M0
107-81,L26 M3 L20 M1
107-82,L26 M3 L20 M2
107-83,L26 M3 L20 M3
107-84,L26 M3 L21 M0
107-85,L26 M3 L21 M1
107-86,L26 M3 L21 M2
107-87,L26 M3 L21 M3
107-88,L26 M3 L22 M0
107-89,L26 M3 L22 M1
107-90,L26 M3 L22 M2
107-91,L26 M3 L22 M3
107-92,L26 M3 L23 M0
107-93,L26 M3 L23 M1
107-94,L26 M3 L23 M2
107-95,L26 M3 L23 M3
107-96,L26 M3 L24 M0
107-97,L26 M3 L24 M1
107-98,L26 M3 L24 M2
107-99,L26 M3 L24 M3
107-100,L26 M3 L25 M0
107-101,L26 M3 L25 M1
107-102,L26 M3 L25 M2
107-103,L26 M3 L25 M3
107-104,L26 M3 L26 M0
107-105,L26 M3 L26 M1
107-106,L26 M3 L26 M2
107-107,L26 M3 L26 M3
107-108,L26 M3 L27 M0
107-109,L26 M3 L27 M1
107-110,L26 M3 L27 M2
107-111,L26 M3 L27 M3
107-112,L26 M3 L28 M0
107-113,L26 M3 L28 M1
107-114,L26 M3 L28 M2
107-115,L26 M3 L28 M3
108-0,L27 M0 H0
108-1,L27 M0 H1
108-2,L27 M0 H2
108-3,L27 M0 H3
108-4,L27 M0 L1 M0
108-5,L27 M0 L1 M1
108-6,L27 M0 L1 M2
108-7,L27 M0 L1 M3
108-8,L27 M0 L2 M0
108-9,L27 M0 L2 M1
108-10,L27 M0 L2 M2
108-11,L27 M0 L2 M3
108-12,L27 M0 L3 M0
108-13,L27 M0 L3 M1
108-14,L27 M0 L3 M2
108-15,L27 M0 L3 M3
108-16,L27 M0 L4 M0
108-17,L27 M0 L4 M1
108-18,L27 M0 L4 M2
108-19,L27 M0 L4 M3
108-20,L27 M0 L5 M0
108-21,L27 M0 L5 M1
108-22,L27 M0 L5 M2
108-23,L27 M0 L5 M3
108-24,L27 M0 L6 M0
108-25,L27 M0 L6 M1
108-26,L27 M0 L6 M2
108-27,L27 M0 L6 M3
108-28,L27 M0 L7 M0
108-29,L27 M0 L7 M1
108-30,L27 M0 L7 M2
108-31,L27 M0 L7 M3
108-32,L27 M0 L8 M0
108-33,L27 M0 L8 M1
108-34,L27 M0 L8 M2
108-35,L27 M0 L8 M3
108-36,L27 M0 L9 M0
108-37,L27 M0 L9 M1
108-38,L27 M0 L9 M2
108-39,L27 M0 L9 M3
108-40,L27 M0 L10 M0
108-41,L27 M0 L10 M1
108-42,L27 M0 L10 M2
108-43,L27 M0 L10 M3
108-44,L27 M0 L11 M0
108-45,L27 M0 L11 M1
108-46,L27 M0 L11 M2
108-47,L27 M0 L11 M3
108-48,L27 M0 L12 M0
108-49,L27 M0 L12 M1
108-50,L27 M0 L12 M2
108-51,L27 M0 L12 M3
108-52,L27 M0 L13 M0
108-53,L27 M0 L13 M1
108-54,L27 M0 L13 M2
108-55,L27 M0 L13 M3
108-56,L27 M0 L14 M0
108-57,L27 M0 L14 M1
108-58,L27 M0 L14 M2
108-59,L27 M0 L14 M3
108-60,L27 M0 L15 M0
108-61,L27 M0 L15 M1
108-62,L27 M0 L15 M2
108-63,L27 M0 L15 M3
108-64,L27 M0 L16 M0
108-65,L27 M0 L16 M1
108-66,L27 M0 L16 M2
108-67,L27 M0 L16 M3
108-68,L27 M0 L17 M0
108-69,L27 M0 L17 M1
108-70,L27 M0 L17 M2
108-71,L27 M0 L17 M3
108-72,L27 M0 L18 M0
108-73,L27 M0 L18 M1
108-74,L27 M0 L18 M2
108-75,L27 M0 L18 M3
108-76,L27 M0 L19 M0
108-77,L27 M0 L19 M1
108-78,L27 M0 L19 M2
108-79,L27 M0 L19 M3
108-80,L27 M0 L20 M0
108-81,L27 M0 L20 M1
108-82,L27 M0 L20 M2
108-83,L27 M0 L20 M3
108-84,L27 M0 L21 M0
108-85,L27 M0 L21 M1
108-86,L27 M0 L21 M2
108-87,L27 M0 L21 M3
108-88,L27 M0 L22 M0
108-89,L27 M0 L22 M1
108-90,L27 M0 L22 M2
108-91,L27 M0 L22 M3
108-92,L27 M0 L23 M0
108-93,L27 M0 L23 M1
108-94,L27 M0 L23 M2
108-95,L27 M0 L23 M3
108-96,L27 M0 L24 M0
108-97,L27 M0 L24 M1
108-98,L27 M0 L24 M2
108-99,L27 M0 L24 M3
108-100,L27 M0 L25 M0
108-101,L27 M0 L25 M1
108-102,L27 M0 L25 M2
108-103,L27 T0
108-104,L27 M0 L26 M0
108-105,L27 M0 L26 M1
108-106,L27 M0 L26 M2
108-107,L27 M0 L26 M3
108-108,L27 M0 L27 M0
108-109,L27 M0 L27 M1
108-110,L27 M0 L27 M2
108-111,L27 M0 L27 M3
108-112,L27 M0 L28 M0
108-113,L27 M0 L28 M1
108-114,L27 M0 L28 M2
108-115,L27 M0 L28 M3
109-0,L27 M1 H0
109-1,L27 M1 H1
109-2,L27 M1 H2
109-3,L27 M1 H3
109-4,L27 M1 L1 M0
109-5,L27 M1 L1 M1
109-6,L27 M1 L1 M2
109-7,L27 M1 L1 M3
109-8,L27 M1 L2 M0
109-9,L27 M1 L2 M1
109-10,L27 M1 L2 M2
109-11,L27 M1 L2 M3
109-12,L27 M1 L3 M0
109-13,L27 M1 L3 M1
109-14,L27 M1 L3 M2
109-15,L27 M1 L3 M3
109-16,L27 M1 L4 M0
109-17,L27 M1 L4 M1
109-18,L27 M1 L4 M2
109-19,L27 M1 L4 M3
109-20,L27 M1 L5 M0
109-21,L27 M1 L5 M1
109-22,L27 M1 L5 M2
109-23,L27 M1 L5 M3
109-24,L27 M1 L6 M0
109-25,L27 M1 L6 M1
109-26,L27 M1 L6 M2
109-27,L27 M1 L6 M3
109-28,L27 M1 L7 M0
109-29,L27 M1 L7 M1
109-30,L27 M1 L7 M2
109-31,L27 M1 L7 M3
109-32,L27 M1 L8 M0
109-33,L27 M1 L8 M1
109-34,L27 M1 L8 M2
109-35,L27 M1 L8 M3
109-36,L27 M1 L9 M0
109-37,L27 M1 L9 M1
109-38,L27 M1 L9 M2
109-39,L27 M1 L9 M3
109-40,L27 M1 L10 M0
109-41,L27 M1 L10 M1
109-42,L27 M1 L10 M2
109-43,L27 M1 L10 M3
109-44,L27 M1 L11 M0
109-45,L27 M1 L11 M1
109-46,L27 M1 L11 M2
109-47,L27 M1 L11 M3
109-48,L27 M1 L12 M0
109-49,L27 M1 L12 M1
109-50,L27 M1 L12 M2
109-51,L27 M1 L12 M3
109-52,L27 M1 L13 M0
109-53,L27 M1 L13 M1
109-54,L27 M1 L13 M2
109-55,L27 M1 L13 M3
109-56,L27 M1 L14 M0
109-57,L27 M1 L14 M1
109-58,L27 M1 L14 M2
109-59,L27 M1 L14 M3
109-60,L27 M1 L15 M0
109-61,L27 M1 L15 M1
109-62,L27 M1 L15 M2
109-63,L27 M1 L15 M3
109-64,L27 M1 L16 M0
109-65,L27 M1 L16 M1
109-66,L27 M1 L16 M2
109-67,L27 M1 L16 M3
109-68,L27 M1 L17 M0
109-69,L27 M1 L17 M1
109-70,L27 M1 L17 M2
109-71,L27 M1 L17 M3
109-72,L27 M1 L18 M0
109-73,L27 M1 L18 M1
109-74,L27 M1 L18 M2
109-75,L27 M1 L18 M3
109-76,L27 M1 L19 M0
109-77,L27 M1 L19 M1
109-78,L27 M1 L19 M2
109-79,L27 M1 L19 M3
109-80,L27 M1 L20 M0
109-81,L27 M1 L20 M1
109-82,L27 M1 L20 M2
109-83,L27 M1 L20 M3
109-84,L27 M1 L21 M0
109-85,L27 M1 L21 M1
109-86,L27 M1 L21 M2
109-87,L27 M1 L21 M3
109-88,L27 M1 L22 M0
109-89,L27 M1 L22 M1
109-90,L27 M1 L22 M2
109-91,L27 M1 L22 M3
109-92,L27 M1 L23 M0
109-93,L27 M1 L23 M1
109-94,L27 M1 L23 M2
109-95,L27 M1 L23 M3
109-96,L27 M1 L24 M0
109-97,L27 M1 L24 M1
109-98,L27 M1 L24 M2
109-99,L27 M1 L24 M3
109-100,L27 M1 L25 M0
109-101,L27 M1 L25 M1
109-102,L27 M1 L25 M2
109-103,L27 T1
109-104,L27 M1 L26 M0
109-105,L27 M1 L26 M1
109-106,L27 M1 L26 M2
109-107,L27 M1 L26 M3
109-108,L27 M1 L27 M0
109-109,L27 M1 L27 M1
109-110,L27 M1 L27 M2
109-111,L27 M1 L27 M3
109-112,L27 M1 L28 M0
109-113,L27 M1 L28 M1
109-114,L27 M1 L28 M2
109-115,L27 M1 L28
110-0,L27 M2 H0
110-1,L27 M2 H1
110-2,L27 M2 H2
110-3,L27 M2 H3
110-4,L27 M2 L1 M0
110-5,L27 M2 L1 M1
110-6,L27 M2 L1 M2
110-7,L27 M2 L1 M3
110-8,L27 M2 L2 M0
110-9,L27 M2 L2 M1
110-10,L27 M2 L2 M2
110-11,L27 M2 L2 M3
110-12,L27 M2 L3 M0
110-13,L27 M2 L3 M1
110-14,L27 M2 L3 M2
110-15,L27 M2 L3 M3
110-16,L27 M2 L4 M0
110-17,L27 M2 L4 M1
110-18,L27 M2 L4 M2
110-19,L27 M2 L4 M3
110-20,L27 M2 L5 M0
110-21,L27 M2 L5 M1
110-22,L27 M2 L5 M2
110-23,L27 M2 L5 M3
110-24,L27 M2 L6 M0
110-25,L27 M2 L6 M1
110-26,L27 M2 L6 M2
110-27,L27 M2 L6 M3
110-28,L27 M2 L7 M0
110-29,L27 M2 L7 M1
110-30,L27 M2 L7 M2
110-31,L27 M2 L7 M3
110-32,L27 M2 L8 M0
110-33,L27 M2 L8 M1
110-34,L27 M2 L8 M2
110-35,L27 M2 L8 M3
110-36,L27 M2 L9 M0
110-37,L27 M2 L9 M1
110-38,L27 M2 L9 M2
110-39,L27 M2 L9 M3
110-40,L27 M2 L10 M0
110-41,L27 M2 L10 M1
110-42,L27 M2 L10 M2
110-43,L27 M2 L10 M3
110-44,L27 M2 L11 M0
110-45,L27 M2 L11 M1
110-46,L27 M2 L11 M2
110-47,L27 M2 L11 M3
110-48,L27 M2 L12 M0
110-49,L27 M2 L12 M1
110-50,L27 M2 L12 M2
110-51,L27 M2 L12 M3
110-52,L27 M2 L13 M0
110-53,L27 M2 L13 M1
110-54,L27 M2 L13 M2
110-55,L27 M2 L13 M3
110-56,L27 M2 L14 M0
110-57,L27 M2 L14 M1
110-58,L27 M2 L14 M2
110-59,L27 M2 L14 M3
110-60,L27 M2 L15 M0
110-61,L27 M2 L15 M1
110-62,L27 M2 L15 M2
110-63,L27 M2 L15 M3
110-64,L27 M2 L16 M0
110-65,L27 M2 L16 M1
110-66,L27 M2 L16 M2
110-67,L27 M2 L16 M3
110-68,L27 M2 L17 M0
110-69,L27 M2 L17 M1
110-70,L27 M2 L17 M2
110-71,L27 M2 L17 M3
110-72,L27 M2 L18 M0
110-73,L27 M2 L18 M1
110-74,L27 M2 L18 M2
110-75,L27 M2 L18 M3
110-76,L27 M2 L19 M0
110-77,L27 M2 L19 M1
110-78,L27 M2 L19 M2
110-79,L27 M2 L19 M3
110-80,L27 M2 L20 M0
110-81,L27 M2 L20 M1
110-82,L27 M2 L20 M2
110-83,L27 M2 L20 M3
110-84,L27 M2 L21 M0
110-85,L27 M2 L21 M1
110-86,L27 M2 L21 M2
110-87,L27 M2 L21 M3
110-88,L27 M2 L22 M0
110-89,L27 M2 L22 M1
110-90,L27 M2 L22 M2
110-91,L27 M2 L22 M3
110-92,L27 M2 L23 M0
110-93,L27 M2 L23 M1
110-94,L27 M2 L23 M2
110-95,L27 M2 L23 M3
110-96,L27 M2 L24 M0
110-97,L27 M2 L24 M1
110-98,L27 M2 L24 M2
110-99,L27 M2 L24 M3
110-100,L27 M2 L25 M0
110-101,L27 M2 L25 M1
110-102,L27 M2 L25 M2
110-103,L27 T2
110-104,L27 M2 L26 M0
110-105,L27 M2 L26 M1
110-106,L27 M2 L26 M2
110-107,L27 M2 L26 M3
110-108,L27 M2 L27 M0
110-109,L27 M2 L27 M1
110-110,L27 M2 L27 M2
110-111,L27 M2 L27
110-112,L27 M2 L28 M0
110-113,L27 M2 L28 M1
110-114,L27 M2 L28 M2
110-115,L27 M2 L28 M3
111-0,L27 M3 H0
111-1,L27 M3 H1
111-2,L27 M3 H2
111-3,L27 M3 H3
111-4,L27 M3 L1 M0
111-5,L27 M3 L1 M1
111-6,L27 M3 L1 M2
111-7,L27 M3 L1 M3
111-8,L27 M3 L2 M0
111-9,L27 M3 L2 M1
111-10,L27 M3 L2 M2
111-11,L27 M3 L2 M3
111-12,L27 M3 L3 M0
111-13,L27 M3 L3 M1
111-14,L27 M3 L3 M2
111-15,L27 M3 L3 M3
111-16,L27 M3 L4 M0
111-17,L27 M3 L4 M1
111-18,L27 M3 L4 M2
111-19,L27 M3 L4 M3
111-20,L27 M3 L5 M0
111-21,L27 M3 L5 M1
111-22,L27 M3 L5 M2
111-23,L27 M3 L5 M3
111-24,L27 M3 L6 M0
111-25,L27 M3 L6 M1
111-26,L27 M3 L6 M2
111-27,L27 M3 L6 M3
111-28,L27 M3 L7 M0
111-29,L27 M3 L7 M1
111-30,L27 M3 L7 M2
111-31,L27 M3 L7 M3
111-32,L27 M3 L8 M0
111-33,L27 M3 L8 M1
111-34,L27 M3 L8 M2
111-35,L27 M3 L8 M3
111-36,L27 M3 L9 M0
111-37,L27 M3 L9 M1
111-38,L27 M3 L9 M2
111-39,L27 M3 L9 M3
111-40,L27 M3 L10 M0
111-41,L27 M3 L10 M1
111-42,L27 M3 L10 M2
111-43,L27 M3 L10 M3
111-44,L27 M3 L11 M0
111-45,L27 M3 L11 M1
111-46,L27 M3 L11 M2
111-47,L27 M3 L11 M3
111-48,L27 M3 L12 M0
111-49,L27 M3 L12 M1
111-50,L27 M3 L12 M2
111-51,L27 M3 L12 M3
111-52,L27 M3 L13 M0
111-53,L27 M3 L13 M1
111-54,L27 M3 L13 M2
111-55,L27 M3 L13 M3
111-56,L27 M3 L14 M0
111-57,L27 M3 L14 M1
111-58,L27 M3 L14 M2
111-59,L27 M3 L14 M3
111-60,L27 M3 L15 M0
111-61,L27 M3 L15 M1
111-62,L27 M3 L15 M2
111-63,L27 M3 L15 M3
111-64,L27 M3 L16 M0
111-65,L27 M3 L16 M1
111-66,L27 M3 L16 M2
111-67,L27 M3 L16 M3
111-68,L27 M3 L17 M0
111-69,L27 M3 L17 M1
111-70,L27 M3 L17 M2
111-71,L27 M3 L17 M3
111-72,L27 M3 L18 M0
111-73,L27 M3 L18 M1
111-74,L27 M3 L18 M2
111-75,L27 M3 L18 M3
111-76,L27 M3 L19 M0
111-77,L27 M3 L19 M1
111-78,L27 M3 L19 M2
111-79,L27 M3 L19 M3
111-80,L27 M3 L20 M0
111-81,L27 M3 L20 M1
111-82,L27 M3 L20 M2
111-83,L27 M3 L20 M3
111-84,L27 M3 L21 M0
111-85,L27 M3 L21 M1
111-86,L27 M3 L21 M2
111-87,L27 M3 L21 M3
111-88,L27 M3 L22 M0
111-89,L27 M3 L22 M1
111-90,L27 M3 L22 M2
111-91,L27 M3 L22 M3
111-92,L27 M3 L23 M0
111-93,L27 M3 L23 M1
111-94,L27 M3 L23 M2
111-95,L27 M3 L23 M3
111-96,L27 M3 L24 M0
111-97,L27 M3 L24 M1
111-98,L27 M3 L24 M2
111-99,L27 M3 L24 M3
111-100,L27 M3 L25 M0
111-101,L27 M3 L25 M1
111-102,L27 M3 L25 M2
111-103,L27 M3 L25 M3
111-104,L27 M3 L26 M0
111-105,L27 M3 L26 M1
111-106,L27 M3 L26 M2
111-107,L27 M3 L26 M3
111-108,L27 M3 L27 M0
111-109,L27 M3 L27 M1
111-110,L27 M3 L27 M2
111-111,L27 M3 L27 M3
111-112,L27 M3 L28 M0
111-113,L27 M3 L28 M1
111-114,L27 M3 L28 M2
111-115,L27 M3 L28 M3
112-0,L28 M0 H0
112-1,L28 M0 H1
112-2,L28 M0 H2
112-3,L28 M0 H3
112-4,L28 M0 L1 M0
112-5,L28 M0 L1 M1
112-6,L28 M0 L1 M2
112-7,L28 M0 L1 M3
112-8,L28 M0 L2 M0
112-9,L28 M0 L2 M1
112-10,L28 M0 L2 M2
112-11,L28 M0 L2 M3
112-12,L28 M0 L3 M0
112-13,L28 M0 L3 M1
112-14,L28 M0 L3 M2
112-15,L28 M0 L3 M3
112-16,L28 M0 L4 M0
112-17,L28 M0 L4 M1
112-18,L28 M0 L4 M2
112-19,L28 M0 L4 M3
112-20,L28 M0 L5 M0
112-21,L28 M0 L5 M1
112-22,L28 M0 L5 M2
112-23,L28 M0 L5 M3
112-24,L28 M0 L6 M0
112-25,L28 M0 L6 M1
112-26,L28 M0 L6 M2
112-27,L28 M0 L6 M3
112-28,L28 M0 L7 M0
112-29,L28 M0 L7 M1
112-30,L28 M0 L7 M2
112-31,L28 M0 L7 M3
112-32,L28 M0 L8 M0
112-33,L28 M0 L8 M1
112-34,L28 M0 L8 M2
112-35,L28 M0 L8 M3
112-36,L28 M0 L9 M0
112-37,L28 M0 L9 M1
112-38,L28 M0 L9 M2
112-39,L28 M0 L9 M3
112-40,L28 M0 L10 M0
112-41,L28 M0 L10 M1
112-42,L28 M0 L10 M2
112-43,L28 M0 L10 M3
112-44,L28 M0 L11 M0
112-45,L28 M0 L11 M1
112-46,L28 M0 L11 M2
112-47,L28 M0 L11 M3
112-48,L28 M0 L12 M0
112-49,L28 M0 L12 M1
112-50,L28 M0 L12 M2
112-51,L28 M0 L12 M3
112-52,L28 M0 L13 M0
112-53,L28 M0 L13 M1
112-54,L28 M0 L13 M2
112-55,L28 M0 L13 M3
112-56,L28 M0 L14 M0
112-57,L28 M0 L14 M1
112-58,L28 M0 L14 M2
112-59,L28 M0 L14 M3
112-60,L28 M0 L15 M0
112-61,L28 M0 L15 M1
112-62,L28 M0 L15 M2
112-63,L28 M0 L15 M3
112-64,L28 M0 L16 M0
112-65,L28 M0 L16 M1
112-66,L28 M0 L16 M2
112-67,L28 M0 L16 M3
112-68,L28 M0 L17 M0
112-69,L28 M0 L17 M1
112-70,L28 M0 L17 M2
112-71,L28 M0 L17 M3
112-72,L28 M0 L18 M0
112-73,L28 M0 L18 M1
112-74,L28 M0 L18 M2
112-75,L28 M0 L18 M3
112-76,L28 M0 L19 M0
112-77,L28 M0 L19 M1
112-78,L28 M0 L19 M2
112-79,L28 M0 L19 M3
112-80,L28 M0 L20 M0
112-81,L28 M0 L20 M1
112-82,L28 M0 L20 M2
112-83,L28 M0 L20 M3
112-84,L28 M0 L21 M0
112-85,L28 M0 L21 M1
112-86,L28 M0 L21 M2
112-87,L28 M0 L21 M3
112-88,L28 M0 L22 M0
112-89,L28 M0 L22 M1
112-90,L28 M0 L22 M2
112-91,L28 M0 L22 M3
112-92,L28 M0 L23 M0
112-93,L28 M0 L23 M1
112-94,L28 M0 L23 M2
112-95,L28 M0 L23 M3
112-96,L28 M0 L24 M0
112-97,L28 M0 L24 M1
112-98,L28 M0 L24 M2
112-99,L28 M0 L24 M3
112-100,L28 M0 L25 M0
112-101,L28 M0 L25 M1
112-102,L28 M0 L25 M2
112-103,L28 T0
112-104,L28 M0 L26 M0
112-105,L28 M0 L26 M1
112-106,L28 M0 L26 M2
112-107,L28 M0 L26 M3
112-108,L28 M0 L27 M0
112-109,L28 M0 L27 M1
112-110,L28 M0 L27 M2
112-111,L28 M0 L27 M3
112-112,L28 M0 L28 M0
112-113,L28 M0 L28 M1
112-114,L28 M0 L28 M2
112-115,L28 M0 L28 M3
113-0,L28 M1 H0
113-1,L28 M1 H1
113-2,L28 M1 H2
113-3,L28 M1 H3
113-4,L28 M1 L1 M0
113-5,L28 M1 L1 M1
113-6,L28 M1 L1 M2
113-7,L28 M1 L1 M3
113-8,L28 M1 L2 M0
113-9,L28 M1 L2 M1
113-10,L28 M1 L2 M2
113-11,L28 M1 L2 M3
113-12,L28 M1 L3 M0
113-13,L28 M1 L3 M1
113-14,L28 M1 L3 M2
113-15,L28 M1 L3 M3
113-16,L28 M1 L4 M0
113-17,L28 M1 L4 M1
113-18,L28 M1 L4 M2
113-19,L28 M1 L4 M3
113-20,L28 M1 L5 M0
113-21,L28 M1 L5 M1
113-22,L28 M1 L5 M2
113-23,L28 M1 L5 M3
113-24,L28 M1 L6 M0
113-25,L28 M1 L6 M1
113-26,L28 M1 L6 M2
113-27,L28 M1 L6 M3
113-28,L28 M1 L7 M0
113-29,L28 M1 L7 M1
113-30,L28 M1 L7 M2
113-31,L28 M1 L7 M3
113-32,L28 M1 L8 M0
113-33,L28 M1 L8 M1
113-34,L28 M1 L8 M2
113-35,L28 M1 L8 M3
113-36,L28 M1 L9 M0
113-37,L28 M1 L9 M1
113-38,L28 M1 L9 M2
113-39,L28 M1 L9 M3
113-40,L28 M1 L10 M0
113-41,L28 M1 L10 M1
113-42,L28 M1 L10 M2
113-43,L28 M1 L10 M3
113-44,L28 M1 L11 M0
113-45,L28 M1 L11 M1
113-46,L28 M1 L11 M2
113-47,L28 M1 L11 M3
113-48,L28 M1 L12 M0
113-49,L28 M1 L12 M1
113-50,L28 M1 L12 M2
113-51,L28 M1 L12 M3
113-52,L28 M1 L13 M0
113-53,L28 M1 L13 M1
113-54,L28 M1 L13 M2
113-55,L28 M1 L13 M3
113-56,L28 M1 L14 M0
113-57,L28 M1 L14 M1
113-58,L28 M1 L14 M2
113-59,L28 M1 L14 M3
113-60,L28 M1 L15 M0
113-61,L28 M1 L15 M1
113-62,L28 M1 L15 M2
113-63,L28 M1 L15 M3
113-64,L28 M1 L16 M0
113-65,L28 M1 L16 M1
113-66,L28 M1 L16 M2
113-67,L28 M1 L16 M3
113-68,L28 M1 L17 M0
113-69,L28 M1 L17 M1
113-70,L28 M1 L17 M2
113-71,L28 M1 L17 M3
113-72,L28 M1 L18 M0
113-73,L28 M1 L18 M1
113-74,L28 M1 L18 M2
113-75,L28 M1 L18 M3
113-76,L28 M1 L19 M0
113-77,L28 M1 L19 M1
113-78,L28 M1 L19 M2
113-79,L28 M1 L19 M3
113-80,L28 M1 L20 M0
113-81,L28 M1 L20 M1
113-82,L28 M1 L20 M2
113-83,L28 M1 L20 M3
113-84,L28 M1 L21 M0
113-85,L28 M1 L21 M1
113-86,L28 M1 L21 M2
113-87,L28 M1 L21 M3
113-88,L28 M1 L22 M0
113-89,L28 M1 L22 M1
113-90,L28 M1 L22 M2
113-91,L28 M1 L22 M3
113-92,L28 M1 L23 M0
113-93,L28 M1 L23 M1
113-94,L28 M1 L23 M2
113-95,L28 M1 L23 M3
113-96,L28 M1 L24 M0
113-97,L28 M1 L24 M1
113-98,L28 M1 L24 M2
113-99,L28 M1 L24 M3
113-100,L28 M1 L25 M0
113-101,L28 M1 L25 M1
113-102,L28 M1 L25 M2
113-103,L28 T1
113-104,L28 M1 L26 M0
113-105,L28 M1 L26 M1
113-106,L28 M1 L26 M2
113-107,L28 M1 L26 M3
113-108,L28 M1 L27 M0
113-109,L28 M1 L27 M1
113-110,L28 M1 L27 M2
113-111,L28 M1 L27 M3
113-112,L28 M1 L28 M0
113-113,L28 M1 L28 M1
113-114,L28 M1 L28 M2
113-115,L28 M1 L28
114-0,L28 M2 H0
114-1,L28 M2 H1
114-2,L28 M2 H2
114-3,L28 M2 H3
114-4,L28 M2 L1 M0
114-5,L28 M2 L1 M1
114-6,L28 M2 L1 M2
114-7,L28 M2 L1 M3
114-8,L28 M2 L2 M0
114-9,L28 M2 L2 M1
114-10,L28 M2 L2 M2
114-11,L28 M2 L2 M3
114-12,L28 M2 L3 M0
114-13,L28 M2 L3 M1
114-14,L28 M2 L3 M2
114-15,L28 M2 L3 M3
114-16,L28 M2 L4 M0
114-17,L28 M2 L4 M1
114-18,L28 M2 L4 M2
114-19,L28 M2 L4 M3
114-20,L28 M2 L5 M0
114-21,L28 M2 L5 M1
114-22,L28 M2 L5 M2
114-23,L28 M2 L5 M3
114-24,L28 M2 L6 M0
114-25,L28 M2 L6 M1
114-26,L28 M2 L6 M2
114-27,L28 M2 L6 M3
114-28,L28 M2 L7 M0
114-29,L28 M2 L7 M1
114-30,L28 M2 L7 M2
114-31,L28 M2 L7 M3
114-32,L28 M2 L8 M0
114-33,L28 M2 L8 M1
114-34,L28 M2 L8 M2
114-35,L28 M2 L8 M3
114-36,L28 M2 L9 M0
114-37,L28 M2 L9 M1
114-38,L28 M2 L9 M2
114-39,L28 M2 L9 M3
114-40,L28 M2 L10 M0
114-41,L28 M2 L10 M1
114-42,L28 M2 L10 M2
114-43,L28 M2 L10 M3
114-44,L28 M2 L11 M0
114-45,L28 M2 L11 M1
114-46,L28 M2 L11 M2
114-47,L28 M2 L11 M3
114-48,L28 M2 L12 M0
114-49,L28 M2 L12 M1
114-50,L28 M2 L12 M2
114-51,L28 M2 L12 M3
114-52,L28 M2 L13 M0
114-53,L28 M2 L13 M1
114-54,L28 M2 L13 M2
114-55,L28 M2 L13 M3
114-56,L28 M2 L14 M0
114-57,L28 M2 L14 M1
114-58,L28 M2 L14 M2
114-59,L28 M2 L14 M3
114-60,L28 M2 L15 M0
114-61,L28 M2 L15 M1
114-62,L28 M2 L15 M2
114-63,L28 M2 L15 M3
114-64,L28 M2 L16 M0
114-65,L28 M2 L16 M1
114-66,L28 M2 L16 M2
114-67,L28 M2 L16 M3
114-68,L28 M2 L17 M0
114-69,L28 M2 L17 M1
114-70,L28 M2 L17 M2
114-71,L28 M2 L17 M3
114-72,L28 M2 L18 M0
114-73,L28 M2 L18 M1
114-74,L28 M2 L18 M2
114-75,L28 M2 L18 M3
114-76,L28 M2 L19 M0
114-77,L28 M2 L19 M1
114-78,L28 M2 L19 M2
114-79,L28 M2 L19 M3
114-80,L28 M2 L20 M0
114-81,L28 M2 L20 M1
114-82,L28 M2 L20 M2
114-83,L28 M2 L20 M3
114-84,L28 M2 L21 M0
114-85,L28 M2 L21 M1
114-86,L28 M2 L21 M2
114-87,L28 M2 L21 M3
114-88,L28 M2 L22 M0
114-89,L28 M2 L22 M1
114-90,L28 M2 L22 M2
114-91,L28 M2 L22 M3
114-92,L28 M2 L23 M0
114-93,L28 M2 L23 M1
114-94,L28 M2 L23 M2
114-95,L28 M2 L23 M3
114-96,L28 M2 L24 M0
114-97,L28 M2 L24 M1
114-98,L28 M2 L24 M2
114-99,L28 M2 L24 M3
114-100,L28 M2 L25 M0
114-101,L28 M2 L25 M1
114-102,L28 M2 L25 M2
114-103,L28 T2
114-104,L28 M2 L26 M0
114-105,L28 M2 L26 M1
114-106,L28 M2 L26 M2
114-107,L28 M2 L26 M3
114-108,L28 M2 L27 M0
114-109,L28 M2 L27 M1
114-110,L28 M2 L27 M2
114-111,L28 M2 L27
114-112,L28 M2 L28 M0
114-113,L28 M2 L28 M1
114-114,L28 M2 L28 M2
114-115,L28 M2 L28 M3
115-0,L28 M3 H0
115-1,L28 M3 H1
115-2,L28 M3 H2
115-3,L28 M3 H3
115-4,L28 M3 L1 M0
115-5,L28 M3 L1 M1
115-6,L28 M3 L1 M2
115-7,L28 M3 L1 M3
115-8,L28 M3 L2 M0
115-9,L28 M3 L2 M1
115-10,L28 M3 L2 M2
115-11,L28 M3 L2 M3
115-12,L28 M3 L3 M0
115-13,L28 M3 L3 M1
115-14,L28 M3 L3 M2
115-15,L28 M3 L3 M3
115-16,L28 M3 L4 M0
115-17,L28 M3 L4 M1
115-18,L28 M3 L4 M2
115-19,L28 M3 L4 M3
115-20,L28 M3 L5 M0
115-21,L28 M3 L5 M1
115-22,L28 M3 L5 M2
115-23,L28 M3 L5 M3
115-24,L28 M3 L6 M0
115-25,L28 M3 L6 M1
115-26,L28 M3 L6 M2
115-27,L28 M3 L6 M3
115-28,L28 M3 L7 M0
115-29,L28 M3 L7 M1
115-30,L28 M3 L7 M2
115-31,L28 M3 L7 M3
115-32,L28 M3 L8 M0
115-33,L28 M3 L8 M1
115-34,L28 M3 L8 M2
115-35,L28 M3 L8 M3
115-36,L28 M3 L9 M0
115-37,L28 M3 L9 M1
115-38,L28 M3 L9 M2
115-39,L28 M3 L9 M3
115-40,L28 M3 L10 M0
115-41,L28 M3 L10 M1
115-42,L28 M3 L10 M2
115-43,L28 M3 L10 M3
115-44,L28 M3 L11 M0
115-45,L28 M3 L11 M1
115-46,L28 M3 L11 M2
115-47,L28 M3 L11 M3
115-48,L28 M3 L12 M0
115-49,L28 M3 L12 M1
115-50,L28 M3 L12 M2
115-51,L28 M3 L12 M3
115-52,L28 M3 L13 M0
115-53,L28 M3 L13 M1
115-54,L28 M3 L13 M2
115-55,L28 M3 L13 M3
115-56,L28 M3 L14 M0
115-57,L28 M3 L14 M1
115-58,L28 M3 L14 M2
115-59,L28 M3 L14 M3
115-60,L28 M3 L15 M0
115-61,L28 M3 L15 M1
115-62,L28 M3 L15 M2
115-63,L28 M3 L15 M3
115-64,L28 M3 L16 M0
115-65,L28 M3 L16 M1
115-66,L28 M3 L16 M2
115-67,L28 M3 L16 M3
115-68,L28 M3 L17 M0
115-69,L28 M3 L17 M1
115-70,L28 M3 L17 M2
115-71,L28 M3 L17 M3
115-72,L28 M3 L18 M0
115-73,L28 M3 L18 M1
115-74,L28 M3 L18 M2
115-75,L28 M3 L18 M3
115-76,L28 M3 L19 M0
115-77,L28 M3 L19 M1
115-78,L28 M3 L19 M2
115-79,L28 M3 L19 M3
115-80,L28 M3 L20 M0
115-81,L28 M3 L20 M1
115-82,L28 M3 L20 M2
115-83,L28 M3 L20 M3
115-84,L28 M3 L21 M0
115-85,L28 M3 L21 M1
115-86,L28 M3 L21 M2
115-87,L28 M3 L21 M3
115-88,L28 M3 L22 M0
115-89,L28 M3 L22 M1
115-90,L28 M3 L22 M2
115-91,L28 M3 L22 M3
115-92,L28 M3 L23 M0
115-93,L28 M3 L23 M1
115-94,L28 M3 L23 M2
115-95,L28 M3 L23 M3
115-96,L28 M3 L24 M0
115-97,L28 M3 L24 M1
115-98,L28 M3 L24 M2
115-99,L28 M3 L24 M3
115-100,L28 M3 L25 M0
115-101,L28 M3 L25 M1
115-102,L28 M3 L25 M2
115-103,L28 M3 L25 M3
115-104,L28 M3 L26 M0
115-105,L28 M3 L26 M1
115-106,L28 M3 L26 M2
115-107,L28 M3 L26 M3
115-108,L28 M3 L27 M0
115-109,L28 M3 L27 M1
115-110,L28 M3 L27 M2
115-111,L28 M3 L27 M3
115-112,L28 M3 L28 M0
115-113,L28 M3 L28 M1
115-114,L28 M3 L28 M2
115-115,L28 M3 L28 M3
