width,0,1,2
width,1,7,9
width,2,14,17
,00
0,100010101
1,100110101
2,101010101
4,100000000
5,100100000
6,101000000
8,101100000
9,101010000
10,100010000
12,100110000
13,100001000
14,101110000
16,101001000
17,101101000
18,100101000
20,100011000
21,100111000
22,101011000
24,101111000
25,101000100
26,100000100
28,100100100
29,100010100
30,101100100
32,101010100
33,101110100
34,100110100
36,100001100
37,100101100
38,101001100
40,101101100
41,101011100
42,100011100
44,100111100
45,100000010
46,101111100
48,101000010
49,101100010
50,100100010
52,100010010
53,100110010
54,101010010
56,101110010
57,101001010
58,100001010
60,100101010
61,100011010
62,101101010
64,101011010
65,101111010
66,100111010
68,100000110
69,100100110
70,101000110
72,101100110
73,101010110
74,100010110
76,100110110
77,100001110
78,101110110
80,101001110
81,101101110
82,100101110
84,100011110
85,100111110
86,101011110
88,101111110
89,101000001
90,100000001
92,100100001
93,100010001
94,101100001
96,101010001
97,101110001
98,100110001
100,100001001
101,100101001
102,101001001
104,101101001
105,101011001
106,100011001
108,100111001
109,100000101
110,101111001
112,101000101
113,101100101
114,100100101
0-0,11000100110011001
0-1,11001100110011001
0-2,11010100110011001
0-3,11011000001011001
0-4,11000001000011001
0-5,11001001000011001
0-6,11010001000011001
0-7,11011100110011001
0-8,11011001000011001
0-9,11010101000011001
0-10,11000101000011001
0-11,11000010110011001
0-12,11001101000011001
0-13,11000011000011001
0-14,11011101000011001
0-15,11010010110011001
0-16,11010011000011001
0-17,11011011000011001
0-18,11001011000011001
0-19,11001010110011001
0-20,11000111000011001
0-21,11001111000011001
0-22,11010111000011001
0-23,11011010110011001
0-24,11011111000011001
0-25,11010000100011001
0-26,11000000100011001
0-27,11000110110011001
0-28,11001000100011001
0-29,11000100100011001
0-30,11011000100011001
0-31,11010110110011001
0-32,11010100100011001
0-33,11011100100011001
0-34,11001100100011001
0-35,11001110110011001
0-36,11000010100011001
0-37,11001010100011001
0-38,11010010100011001
0-39,11011110110011001
0-40,11011010100011001
0-41,11010110100011001
0-42,11000110100011001
0-43,11000001110011001
0-44,11001110100011001
0-45,11000001100011001
0-46,11011110100011001
0-47,11010001110011001
0-48,11010001100011001
0-49,11011001100011001
0-50,11001001100011001
0-51,11001001110011001
0-52,11000101100011001
0-53,11001101100011001
0-54,11010101100011001
0-55,11011001110011001
0-56,11011101100011001
0-57,11010011100011001
0-58,11000011100011001
0-59,11000101110011001
0-60,11001011100011001
0-61,11000111100011001
0-62,11011011100011001
0-63,11010101110011001
0-64,11010111100011001
0-65,11011111100011001
0-66,11001111100011001
0-67,11001101110011001
0-68,11000000010011001
0-69,11001000010011001
0-70,11010000010011001
0-71,11011101110011001
0-72,11011000010011001
0-73,11010100010011001
0-74,11000100010011001
0-75,11000011110011001
0-76,11001100010011001
0-77,11000010010011001
0-78,11011100010011001
0-79,11010011110011001
0-80,11010010010011001
0-81,11011010010011001
0-82,11001010010011001
0-83,11001011110011001
0-84,11000110010011001
0-85,11001110010011001
0-86,11010110010011001
0-87,11011011110011001
0-88,11011110010011001
0-89,11010001010011001
0-90,11000001010011001
0-91,11000111110011001
0-92,11001001010011001
0-93,11000101010011001
0-94,11011001010011001
0-95,11010111110011001
0-96,11010101010011001
0-97,11011101010011001
0-98,11001101010011001
0-99,11001111110011001
0-100,11000011010011001
0-101,11001011010011001
0-102,11010011010011001
0-103,11011111110011001
0-104,11011011010011001
0-105,11010111010011001
0-106,11000111010011001
0-107,11000000001011001
0-108,11001111010011001
0-109,11000000110011001
0-110,11011111010011001
0-111,11010000001011001
0-112,11010000110011001
0-113,11011000110011001
0-114,11001000110011001
0-115,11001000001011001
1-0,11000110010111001
1-1,11001110010111001
1-2,11010110010111001
1-3,11011010110111001
1-4,11000011111011001
1-5,11001011111011001
1-6,11010011111011001
1-7,11011110010111001
1-8,11011011111011001
1-9,11010111111011001
1-10,11000111111011001
1-11,11000001010111001
1-12,11001111111011001
1-13,11000000000111001
1-14,11011111111011001
1-15,11010001010111001
1-16,11010000000111001
1-17,11011000000111001
1-18,11001000000111001
1-19,11001001010111001
1-20,11000100000111001
1-21,11001100000111001
1-22,11010100000111001
1-23,11011001010111001
1-24,11011100000111001
1-25,11010010000111001
1-26,11000010000111001
1-27,11000101010111001
1-28,11001010000111001
1-29,11000110000111001
1-30,11011010000111001
1-31,11010101010111001
1-32,11010110000111001
1-33,11011110000111001
1-34,11001110000111001
1-35,11001101010111001
1-36,11000001000111001
1-37,11001001000111001
1-38,11010001000111001
1-39,11011101010111001
1-40,11011001000111001
1-41,11010101000111001
1-42,11000101000111001
1-43,11000011010111001
1-44,11001101000111001
1-45,11000011000111001
1-46,11011101000111001
1-47,11010011010111001
1-48,11010011000111001
1-49,11011011000111001
1-50,11001011000111001
1-51,11001011010111001
1-52,11000111000111001
1-53,11001111000111001
1-54,11010111000111001
1-55,11011011010111001
1-56,11011111000111001
1-57,11010000100111001
1-58,11000000100111001
1-59,11000111010111001
1-60,11001000100111001
1-61,11000100100111001
1-62,11011000100111001
1-63,11010111010111001
1-64,11010100100111001
1-65,11011100100111001
1-66,11001100100111001
1-67,11001111010111001
1-68,11000010100111001
1-69,11001010100111001
1-70,11010010100111001
1-71,11011111010111001
1-72,11011010100111001
1-73,11010110100111001
1-74,11000110100111001
1-75,11000000110111001
1-76,11001110100111001
1-77,11000001100111001
1-78,11011110100111001
1-79,11010000110111001
1-80,11010001100111001
1-81,11011001100111001
1-82,11001001100111001
1-83,11001000110111001
1-84,11000101100111001
1-85,11001101100111001
1-86,11010101100111001
1-87,11011000110111001
1-88,11011101100111001
1-89,11010011100111001
1-90,11000011100111001
1-91,11000100110111001
1-92,11001011100111001
1-93,11000111100111001
1-94,11011011100111001
1-95,11010100110111001
1-96,11010111100111001
1-97,11011111100111001
1-98,11001111100111001
1-99,11001100110111001
1-100,11000000010111001
1-101,11001000010111001
1-102,11010000010111001
1-103,11011100110111001
1-104,11011000010111001
1-105,11010100010111001
1-106,11000100010111001
1-107,11000010110111001
1-108,11001100010111001
1-109,11000010010111001
1-110,11011100010111001
1-111,11010010110111001
1-112,11010010010111001
1-113,11011010010111001
1-114,11001010010111001
1-115,11001010110111001
2-0,11000011011011001
2-1,11001011011011001
2-2,11010011011011001
2-3,11011101111011001
2-4,11000100001011001
2-5,11001100001011001
2-6,11010100001011001
2-7,11011011011011001
2-8,11011100001011001
2-9,11010010001011001
2-10,11000010001011001
2-11,11000111011011001
2-12,11001010001011001
2-13,11000110001011001
2-14,11011010001011001
2-15,11010111011011001
2-16,11010110001011001
2-17,11011110001011001
2-18,11001110001011001
2-19,11001111011011001
2-20,11000001001011001
2-21,11001001001011001
2-22,11010001001011001
2-23,11011111011011001
2-24,11011001001011001
2-25,11010101001011001
2-26,11000101001011001
2-27,11000000111011001
2-28,11001101001011001
2-29,11000011001011001
2-30,11011101001011001
2-31,11010000111011001
2-32,11010011001011001
2-33,11011011001011001
2-34,11001011001011001
2-35,11001000111011001
2-36,11000111001011001
2-37,11001111001011001
2-38,11010111001011001
2-39,11011000111011001
2-40,11011111001011001
2-41,11010000101011001
2-42,11000000101011001
2-43,11000100111011001
2-44,11001000101011001
2-45,11000100101011001
2-46,11011000101011001
2-47,11010100111011001
2-48,11010100101011001
2-49,11011100101011001
2-50,11001100101011001
2-51,11001100111011001
2-52,11000010101011001
2-53,11001010101011001
2-54,11010010101011001
2-55,11011100111011001
2-56,11011010101011001
2-57,11010110101011001
2-58,11000110101011001
2-59,11000010111011001
2-60,11001110101011001
2-61,11000001101011001
2-62,11011110101011001
2-63,11010010111011001
2-64,11010001101011001
2-65,11011001101011001
2-66,11001001101011001
2-67,11001010111011001
2-68,11000101101011001
2-69,11001101101011001
2-70,11010101101011001
2-71,11011010111011001
2-72,11011101101011001
2-73,11010011101011001
2-74,11000011101011001
2-75,11000110111011001
2-76,11001011101011001
2-77,11000111101011001
2-78,11011011101011001
2-79,11010110111011001
2-80,11010111101011001
2-81,11011111101011001
2-82,11001111101011001
2-83,11001110111011001
2-84,11000000011011001
2-85,11001000011011001
2-86,11010000011011001
2-87,11011110111011001
2-88,11011000011011001
2-89,11010100011011001
2-90,11000100011011001
2-91,11000001111011001
2-92,11001100011011001
2-93,11000010011011001
2-94,11011100011011001
2-95,11010001111011001
2-96,11010010011011001
2-97,11011010011011001
2-98,11001010011011001
2-99,11001001111011001
2-100,11000110011011001
2-101,11001110011011001
2-102,11010110011011001
2-103,11011001111011001
2-104,11011110011011001
2-105,11010001011011001
2-106,11000001011011001
2-107,11000101111011001
2-108,11001001011011001
2-109,11000101011011001
2-110,11011001011011001
2-111,11010101111011001
2-112,11010101011011001
2-113,11011101011011001
2-114,11001101011011001
2-115,11001101111011001
4-0,11000101010000000
4-1,11001101010000000
4-2,11010101010000000
4-3,11011001110000000
4-4,11000000000000000
4-5,11001000000000000
4-6,11010000000000000
4-7,11011101010000000
4-8,11011000000000000
4-9,11010100000000000
4-10,11000100000000000
4-11,11000011010000000
4-12,11001100000000000
4-13,11000010000000000
4-14,11011100000000000
4-15,11010011010000000
4-16,11010010000000000
4-17,11011010000000000
4-18,11001010000000000
4-19,11001011010000000
4-20,11000110000000000
4-21,11001110000000000
4-22,11010110000000000
4-23,11011011010000000
4-24,11011110000000000
4-25,11010001000000000
4-26,11000001000000000
4-27,11000111010000000
4-28,11001001000000000
4-29,11000101000000000
4-30,11011001000000000
4-31,11010111010000000
4-32,11010101000000000
4-33,11011101000000000
4-34,11001101000000000
4-35,11001111010000000
4-36,11000011000000000
4-37,11001011000000000
4-38,11010011000000000
4-39,11011111010000000
4-40,11011011000000000
4-41,11010111000000000
4-42,11000111000000000
4-43,11000000110000000
4-44,11001111000000000
4-45,11000000100000000
4-46,11011111000000000
4-47,11010000110000000
4-48,11010000100000000
4-49,11011000100000000
4-50,11001000100000000
4-51,11001000110000000
4-52,11000100100000000
4-53,11001100100000000
4-54,11010100100000000
4-55,11011000110000000
4-56,11011100100000000
4-57,11010010100000000
4-58,11000010100000000
4-59,11000100110000000
4-60,11001010100000000
4-61,11000110100000000
4-62,11011010100000000
4-63,11010100110000000
4-64,11010110100000000
4-65,11011110100000000
4-66,11001110100000000
4-67,11001100110000000
4-68,11000001100000000
4-69,11001001100000000
4-70,11010001100000000
4-71,11011100110000000
4-72,11011001100000000
4-73,11010101100000000
4-74,11000101100000000
4-75,11000010110000000
4-76,11001101100000000
4-77,11000011100000000
4-78,11011101100000000
4-79,11010010110000000
4-80,11010011100000000
4-81,11011011100000000
4-82,11001011100000000
4-83,11001010110000000
4-84,11000111100000000
4-85,11001111100000000
4-86,11010111100000000
4-87,11011010110000000
4-88,11011111100000000
4-89,11010000010000000
4-90,11000000010000000
4-91,11000110110000000
4-92,11001000010000000
4-93,11000100010000000
4-94,11011000010000000
4-95,11010110110000000
4-96,11010100010000000
4-97,11011100010000000
4-98,11001100010000000
4-99,11001110110000000
4-100,11000010010000000
4-101,11001010010000000
4-102,11010010010000000
4-103,11011110110000000
4-104,11011010010000000
4-105,11010110010000000
4-106,11000110010000000
4-107,11000001110000000
4-108,11001110010000000
4-109,11000001010000000
4-110,11011110010000000
4-111,11010001110000000
4-112,11010001010000000
4-113,11011001010000000
4-114,11001001010000000
4-115,11001001110000000
5-0,11000111100100000
5-1,11001111100100000
5-2,11010111100100000
5-3,11011011010100000
5-4,11000010111000000
5-5,11001010111000000
5-6,11010010111000000
5-7,11011111100100000
5-8,11011010111000000
5-9,11010110111000000
5-10,11000110111000000
5-11,11000000010100000
5-12,11001110111000000
5-13,11000001111000000
5-14,11011110111000000
5-15,11010000010100000
5-16,11010001111000000
5-17,11011001111000000
5-18,11001001111000000
5-19,11001000010100000
5-20,11000101111000000
5-21,11001101111000000
5-22,11010101111000000
5-23,11011000010100000
5-24,11011101111000000
5-25,11010011111000000
5-26,11000011111000000
5-27,11000100010100000
5-28,11001011111000000
5-29,11000111111000000
5-30,11011011111000000
5-31,11010100010100000
5-32,11010111111000000
5-33,11011111111000000
5-34,11001111111000000
5-35,11001100010100000
5-36,11000000000100000
5-37,11001000000100000
5-38,11010000000100000
5-39,11011100010100000
5-40,11011000000100000
5-41,11010100000100000
5-42,11000100000100000
5-43,11000010010100000
5-44,11001100000100000
5-45,11000010000100000
5-46,11011100000100000
5-47,11010010010100000
5-48,11010010000100000
5-49,11011010000100000
5-50,11001010000100000
5-51,11001010010100000
5-52,11000110000100000
5-53,11001110000100000
5-54,11010110000100000
5-55,11011010010100000
5-56,11011110000100000
5-57,11010001000100000
5-58,11000001000100000
5-59,11000110010100000
5-60,11001001000100000
5-61,11000101000100000
5-62,11011001000100000
5-63,11010110010100000
5-64,11010101000100000
5-65,11011101000100000
5-66,11001101000100000
5-67,11001110010100000
5-68,11000011000100000
5-69,11001011000100000
5-70,11010011000100000
5-71,11011110010100000
5-72,11011011000100000
5-73,11010111000100000
5-74,11000111000100000
5-75,11000001010100000
5-76,11001111000100000
5-77,11000000100100000
5-78,11011111000100000
5-79,11010001010100000
5-80,11010000100100000
5-81,11011000100100000
5-82,11001000100100000
5-83,11001001010100000
5-84,11000100100100000
5-85,11001100100100000
5-86,11010100100100000
5-87,11011001010100000
5-88,11011100100100000
5-89,11010010100100000
5-90,11000010100100000
5-91,11000101010100000
5-92,11001010100100000
5-93,11000110100100000
5-94,11011010100100000
5-95,11010101010100000
5-96,11010110100100000
5-97,11011110100100000
5-98,11001110100100000
5-99,11001101010100000
5-100,11000001100100000
5-101,11001001100100000
5-102,11010001100100000
5-103,11011101010100000
5-104,11011001100100000
5-105,11010101100100000
5-106,11000101100100000
5-107,11000011010100000
5-108,11001101100100000
5-109,11000011100100000
5-110,11011101100100000
5-111,11010011010100000
5-112,11010011100100000
5-113,11011011100100000
5-114,11001011100100000
5-115,11001011010100000
6-0,11000010011000000
6-1,11001010011000000
6-2,11010010011000000
6-3,11011100111000000
6-4,11000101110000000
6-5,11001101110000000
6-6,11010101110000000
6-7,11011010011000000
6-8,11011101110000000
6-9,11010011110000000
6-10,11000011110000000
6-11,11000110011000000
6-12,11001011110000000
6-13,11000111110000000
6-14,11011011110000000
6-15,11010110011000000
6-16,11010111110000000
6-17,11011111110000000
6-18,11001111110000000
6-19,11001110011000000
6-20,11000000001000000
6-21,11001000001000000
6-22,11010000001000000
6-23,11011110011000000
6-24,11011000001000000
6-25,11010100001000000
6-26,11000100001000000
6-27,11000001011000000
6-28,11001100001000000
6-29,11000010001000000
6-30,11011100001000000
6-31,11010001011000000
6-32,11010010001000000
6-33,11011010001000000
6-34,11001010001000000
6-35,11001001011000000
6-36,11000110001000000
6-37,11001110001000000
6-38,11010110001000000
6-39,11011001011000000
6-40,11011110001000000
6-41,11010001001000000
6-42,11000001001000000
6-43,11000101011000000
6-44,11001001001000000
6-45,11000101001000000
6-46,11011001001000000
6-47,11010101011000000
6-48,11010101001000000
6-49,11011101001000000
6-50,11001101001000000
6-51,11001101011000000
6-52,11000011001000000
6-53,11001011001000000
6-54,11010011001000000
6-55,11011101011000000
6-56,11011011001000000
6-57,11010111001000000
6-58,11000111001000000
6-59,11000011011000000
6-60,11001111001000000
6-61,11000000101000000
6-62,11011111001000000
6-63,11010011011000000
6-64,11010000101000000
6-65,11011000101000000
6-66,11001000101000000
6-67,11001011011000000
6-68,11000100101000000
6-69,11001100101000000
6-70,11010100101000000
6-71,11011011011000000
6-72,11011100101000000
6-73,11010010101000000
6-74,11000010101000000
6-75,11000111011000000
6-76,11001010101000000
6-77,11000110101000000
6-78,11011010101000000
6-79,11010111011000000
6-80,11010110101000000
6-81,11011110101000000
6-82,11001110101000000
6-83,11001111011000000
6-84,11000001101000000
6-85,11001001101000000
6-86,11010001101000000
6-87,11011111011000000
6-88,11011001101000000
6-89,11010101101000000
6-90,11000101101000000
6-91,11000000111000000
6-92,11001101101000000
6-93,11000011101000000
6-94,11011101101000000
6-95,11010000111000000
6-96,11010011101000000
6-97,11011011101000000
6-98,11001011101000000
6-99,11001000111000000
6-100,11000111101000000
6-101,11001111101000000
6-102,11010111101000000
6-103,11011000111000000
6-104,11011111101000000
6-105,11010000011000000
6-106,11000000011000000
6-107,11000100111000000
6-108,11001000011000000
6-109,11000100011000000
6-110,11011000011000000
6-111,11010100111000000
6-112,11010100011000000
6-113,11011100011000000
6-114,11001100011000000
6-115,11001100111000000
8-0,11000001101100000
8-1,11001001101100000
8-2,11010001101100000
8-3,11011110011100000
8-4,11000111010100000
8-5,11001111010100000
8-6,11010111010100000
8-7,11011001101100000
8-8,11011111010100000
8-9,11010000110100000
8-10,11000000110100000
8-11,11000101101100000
8-12,11001000110100000
8-13,11000100110100000
8-14,11011000110100000
8-15,11010101101100000
8-16,11010100110100000
8-17,11011100110100000
8-18,11001100110100000
8-19,11001101101100000
8-20,11000010110100000
8-21,11001010110100000
8-22,11010010110100000
8-23,11011101101100000
8-24,11011010110100000
8-25,11010110110100000
8-26,11000110110100000
8-27,11000011101100000
8-28,11001110110100000
8-29,11000001110100000
8-30,11011110110100000
8-31,11010011101100000
8-32,11010001110100000
8-33,11011001110100000
8-34,11001001110100000
8-35,11001011101100000
8-36,11000101110100000
8-37,11001101110100000
8-38,11010101110100000
8-39,11011011101100000
8-40,11011101110100000
8-41,11010011110100000
8-42,11000011110100000
8-43,11000111101100000
8-44,11001011110100000
8-45,11000111110100000
8-46,11011011110100000
8-47,11010111101100000
8-48,11010111110100000
8-49,11011111110100000
8-50,11001111110100000
8-51,11001111101100000
8-52,11000000001100000
8-53,11001000001100000
8-54,11010000001100000
8-55,11011111101100000
8-56,11011000001100000
8-57,11010100001100000
8-58,11000100001100000
8-59,11000000011100000
8-60,11001100001100000
8-61,11000010001100000
8-62,11011100001100000
8-63,11010000011100000
8-64,11010010001100000
8-65,11011010001100000
8-66,11001010001100000
8-67,11001000011100000
8-68,11000110001100000
8-69,11001110001100000
8-70,11010110001100000
8-71,11011000011100000
8-72,11011110001100000
8-73,11010001001100000
8-74,11000001001100000
8-75,11000100011100000
8-76,11001001001100000
8-77,11000101001100000
8-78,11011001001100000
8-79,11010100011100000
8-80,11010101001100000
8-81,11011101001100000
8-82,11001101001100000
8-83,11001100011100000
8-84,11000011001100000
8-85,11001011001100000
8-86,11010011001100000
8-87,11011100011100000
8-88,11011011001100000
8-89,11010111001100000
8-90,11000111001100000
8-91,11000010011100000
8-92,11001111001100000
8-93,11000000101100000
8-94,11011111001100000
8-95,11010010011100000
8-96,11010000101100000
8-97,11011000101100000
8-98,11001000101100000
8-99,11001010011100000
8-100,11000100101100000
8-101,11001100101100000
8-102,11010100101100000
8-103,11011010011100000
8-104,11011100101100000
8-105,11010010101100000
8-106,11000010101100000
8-107,11000110011100000
8-108,11001010101100000
8-109,11000110101100000
8-110,11011010101100000
8-111,11010110011100000
8-112,11010110101100000
8-113,11011110101100000
8-114,11001110101100000
8-115,11001110011100000
9-0,11000011001010000
9-1,11001011001010000
9-2,11010011001010000
9-3,11011101101010000
9-4,11000100010010000
9-5,11001100010010000
9-6,11010100010010000
9-7,11011011001010000
9-8,11011100010010000
9-9,11010010010010000
9-10,11000010010010000
9-11,11000111001010000
9-12,11001010010010000
9-13,11000110010010000
9-14,11011010010010000
9-15,11010111001010000
9-16,11010110010010000
9-17,11011110010010000
9-18,11001110010010000
9-19,11001111001010000
9-20,11000001010010000
9-21,11001001010010000
9-22,11010001010010000
9-23,11011111001010000
9-24,11011001010010000
9-25,11010101010010000
9-26,11000101010010000
9-27,11000000101010000
9-28,11001101010010000
9-29,11000011010010000
9-30,11011101010010000
9-31,11010000101010000
9-32,11010011010010000
9-33,11011011010010000
9-34,11001011010010000
9-35,11001000101010000
9-36,11000111010010000
9-37,11001111010010000
9-38,11010111010010000
9-39,11011000101010000
9-40,11011111010010000
9-41,11010000110010000
9-42,11000000110010000
9-43,11000100101010000
9-44,11001000110010000
9-45,11000100110010000
9-46,11011000110010000
9-47,11010100101010000
9-48,11010100110010000
9-49,11011100110010000
9-50,11001100110010000
9-51,11001100101010000
9-52,11000010110010000
9-53,11001010110010000
9-54,11010010110010000
9-55,11011100101010000
9-56,11011010110010000
9-57,11010110110010000
9-58,11000110110010000
9-59,11000010101010000
9-60,11001110110010000
9-61,11000001110010000
9-62,11011110110010000
9-63,11010010101010000
9-64,11010001110010000
9-65,11011001110010000
9-66,11001001110010000
9-67,11001010101010000
9-68,11000101110010000
9-69,11001101110010000
9-70,11010101110010000
9-71,11011010101010000
9-72,11011101110010000
9-73,11010011110010000
9-74,11000011110010000
9-75,11000110101010000
9-76,11001011110010000
9-77,11000111110010000
9-78,11011011110010000
9-79,11010110101010000
9-80,11010111110010000
9-81,11011111110010000
9-82,11001111110010000
9-83,11001110101010000
9-84,11000000001010000
9-85,11001000001010000
9-86,11010000001010000
9-87,11011110101010000
9-88,11011000001010000
9-89,11010100001010000
9-90,11000100001010000
9-91,11000001101010000
9-92,11001100001010000
9-93,11000010001010000
9-94,11011100001010000
9-95,11010001101010000
9-96,11010010001010000
9-97,11011010001010000
9-98,11001010001010000
9-99,11001001101010000
9-100,11000110001010000
9-101,11001110001010000
9-102,11010110001010000
9-103,11011001101010000
9-104,11011110001010000
9-105,11010001001010000
9-106,11000001001010000
9-107,11000101101010000
9-108,11001001001010000
9-109,11000101001010000
9-110,11011001001010000
9-111,11010101101010000
9-112,11010101001010000
9-113,11011101001010000
9-114,11001101001010000
9-115,11001101101010000
10-0,11000100100010000
10-1,11001100100010000
10-2,11010100100010000
10-3,11011000010010000
10-4,11000001011100000
10-5,11001001011100000
10-6,11010001011100000
10-7,11011100100010000
10-8,11011001011100000
10-9,11010101011100000
10-10,11000101011100000
10-11,11000010100010000
10-12,11001101011100000
10-13,11000011011100000
10-14,11011101011100000
10-15,11010010100010000
10-16,11010011011100000
10-17,11011011011100000
10-18,11001011011100000
10-19,11001010100010000
10-20,11000111011100000
10-21,11001111011100000
10-22,11010111011100000
10-23,11011010100010000
10-24,11011111011100000
10-25,11010000111100000
10-26,11000000111100000
10-27,11000110100010000
10-28,11001000111100000
10-29,11000100111100000
10-30,11011000111100000
10-31,11010110100010000
10-32,11010100111100000
10-33,11011100111100000
10-34,11001100111100000
10-35,11001110100010000
10-36,11000010111100000
10-37,11001010111100000
10-38,11010010111100000
10-39,11011110100010000
10-40,11011010111100000
10-41,11010110111100000
10-42,11000110111100000
10-43,11000001100010000
10-44,11001110111100000
10-45,11000001111100000
10-46,11011110111100000
10-47,11010001100010000
10-48,11010001111100000
10-49,11011001111100000
10-50,11001001111100000
10-51,11001001100010000
10-52,11000101111100000
10-53,11001101111100000
10-54,11010101111100000
10-55,11011001100010000
10-56,11011101111100000
10-57,11010011111100000
10-58,11000011111100000
10-59,11000101100010000
10-60,11001011111100000
10-61,11000111111100000
10-62,11011011111100000
10-63,11010101100010000
10-64,11010111111100000
10-65,11011111111100000
10-66,11001111111100000
10-67,11001101100010000
10-68,11000000000010000
10-69,11001000000010000
10-70,11010000000010000
10-71,11011101100010000
10-72,11011000000010000
10-73,11010100000010000
10-74,11000100000010000
10-75,11000011100010000
10-76,11001100000010000
10-77,11000010000010000
10-78,11011100000010000
10-79,11010011100010000
10-80,11010010000010000
10-81,11011010000010000
10-82,11001010000010000
10-83,11001011100010000
10-84,11000110000010000
10-85,11001110000010000
10-86,11010110000010000
10-87,11011011100010000
10-88,11011110000010000
10-89,11010001000010000
10-90,11000001000010000
10-91,11000111100010000
10-92,11001001000010000
10-93,11000101000010000
10-94,11011001000010000
10-95,11010111100010000
10-96,11010101000010000
10-97,11011101000010000
10-98,11001101000010000
10-99,11001111100010000
10-100,11000011000010000
10-101,11001011000010000
10-102,11010011000010000
10-103,11011111100010000
10-104,11011011000010000
10-105,11010111000010000
10-106,11000111000010000
10-107,11000000010010000
10-108,11001111000010000
10-109,11000000100010000
10-110,11011111000010000
10-111,11010000010010000
10-112,11010000100010000
10-113,11011000100010000
10-114,11001000100010000
10-115,11001000010010000
12-0,11000110000110000
12-1,11001110000110000
12-2,11010110000110000
12-3,11011010100110000
12-4,11000011101010000
12-5,11001011101010000
12-6,11010011101010000
12-7,11011110000110000
12-8,11011011101010000
12-9,11010111101010000
12-10,11000111101010000
12-11,11000001000110000
12-12,11001111101010000
12-13,11000000011010000
12-14,11011111101010000
12-15,11010001000110000
12-16,11010000011010000
12-17,11011000011010000
12-18,11001000011010000
12-19,11001001000110000
12-20,11000100011010000
12-21,11001100011010000
12-22,11010100011010000
12-23,11011001000110000
12-24,11011100011010000
12-25,11010010011010000
12-26,11000010011010000
12-27,11000101000110000
12-28,11001010011010000
12-29,11000110011010000
12-30,11011010011010000
12-31,11010101000110000
12-32,11010110011010000
12-33,11011110011010000
12-34,11001110011010000
12-35,11001101000110000
12-36,11000001011010000
12-37,11001001011010000
12-38,11010001011010000
12-39,11011101000110000
12-40,11011001011010000
12-41,11010101011010000
12-42,11000101011010000
12-43,11000011000110000
12-44,11001101011010000
12-45,11000011011010000
12-46,11011101011010000
12-47,11010011000110000
12-48,11010011011010000
12-49,11011011011010000
12-50,11001011011010000
12-51,11001011000110000
12-52,11000111011010000
12-53,11001111011010000
12-54,11010111011010000
12-55,11011011000110000
12-56,11011111011010000
12-57,11010000111010000
12-58,11000000111010000
12-59,11000111000110000
12-60,11001000111010000
12-61,11000100111010000
12-62,11011000111010000
12-63,11010111000110000
12-64,11010100111010000
12-65,11011100111010000
12-66,11001100111010000
12-67,11001111000110000
12-68,11000010111010000
12-69,11001010111010000
12-70,11010010111010000
12-71,11011111000110000
12-72,11011010111010000
12-73,11010110111010000
12-74,11000110111010000
12-75,11000000100110000
12-76,11001110111010000
12-77,11000001111010000
12-78,11011110111010000
12-79,11010000100110000
12-80,11010001111010000
12-81,11011001111010000
12-82,11001001111010000
12-83,11001000100110000
12-84,11000101111010000
12-85,11001101111010000
12-86,11010101111010000
12-87,11011000100110000
12-88,11011101111010000
12-89,11010011111010000
12-90,11000011111010000
12-91,11000100100110000
12-92,11001011111010000
12-93,11000111111010000
12-94,11011011111010000
12-95,11010100100110000
12-96,11010111111010000
12-97,11011111111010000
12-98,11001111111010000
12-99,11001100100110000
12-100,11000000000110000
12-101,11001000000110000
12-102,11010000000110000
12-103,11011100100110000
12-104,11011000000110000
12-105,11010100000110000
12-106,11000100000110000
12-107,11000010100110000
12-108,11001100000110000
12-109,11000010000110000
12-110,11011100000110000
12-111,11010010100110000
12-112,11010010000110000
12-113,11011010000110000
12-114,11001010000110000
12-115,11001010100110000
13-0,11000101111110000
13-1,11001101111110000
13-2,11010101111110000
13-3,11011001000001000
13-4,11000000101110000
13-5,11001000101110000
13-6,11010000101110000
13-7,11011101111110000
13-8,11011000101110000
13-9,11010100101110000
13-10,11000100101110000
13-11,11000011111110000
13-12,11001100101110000
13-13,11000010101110000
13-14,11011100101110000
13-15,11010011111110000
13-16,11010010101110000
13-17,11011010101110000
13-18,11001010101110000
13-19,11001011111110000
13-20,11000110101110000
13-21,11001110101110000
13-22,11010110101110000
13-23,11011011111110000
13-24,11011110101110000
13-25,11010001101110000
13-26,11000001101110000
13-27,11000111111110000
13-28,11001001101110000
13-29,11000101101110000
13-30,11011001101110000
13-31,11010111111110000
13-32,11010101101110000
13-33,11011101101110000
13-34,11001101101110000
13-35,11001111111110000
13-36,11000011101110000
13-37,11001011101110000
13-38,11010011101110000
13-39,11011111111110000
13-40,11011011101110000
13-41,11010111101110000
13-42,11000111101110000
13-43,11000000000001000
13-44,11001111101110000
13-45,11000000011110000
13-46,11011111101110000
13-47,11010000000001000
13-48,11010000011110000
13-49,11011000011110000
13-50,11001000011110000
13-51,11001000000001000
13-52,11000100011110000
13-53,11001100011110000
13-54,11010100011110000
13-55,11011000000001000
13-56,11011100011110000
13-57,11010010011110000
13-58,11000010011110000
13-59,11000100000001000
13-60,11001010011110000
13-61,11000110011110000
13-62,11011010011110000
13-63,11010100000001000
13-64,11010110011110000
13-65,11011110011110000
13-66,11001110011110000
13-67,11001100000001000
13-68,11000001011110000
13-69,11001001011110000
13-70,11010001011110000
13-71,11011100000001000
13-72,11011001011110000
13-73,11010101011110000
13-74,11000101011110000
13-75,11000010000001000
13-76,11001101011110000
13-77,11000011011110000
13-78,11011101011110000
13-79,11010010000001000
13-80,11010011011110000
13-81,11011011011110000
13-82,11001011011110000
13-83,11001010000001000
13-84,11000111011110000
13-85,11001111011110000
13-86,11010111011110000
13-87,11011010000001000
13-88,11011111011110000
13-89,11010000111110000
13-90,11000000111110000
13-91,11000110000001000
13-92,11001000111110000
13-93,11000100111110000
13-94,11011000111110000
13-95,11010110000001000
13-96,11010100111110000
13-97,11011100111110000
13-98,11001100111110000
13-99,11001110000001000
13-100,11000010111110000
13-101,11001010111110000
13-102,11010010111110000
13-103,11011110000001000
13-104,11011010111110000
13-105,11010110111110000
13-106,11000110111110000
13-107,11000001000001000
13-108,11001110111110000
13-109,11000001111110000
13-110,11011110111110000
13-111,11010001000001000
13-112,11010001111110000
13-113,11011001111110000
13-114,11001001111110000
13-115,11001001000001000
14-0,11000000001110000
14-1,11001000001110000
14-2,11010000001110000
14-3,11011111001110000
14-4,11000110100110000
14-5,11001110100110000
14-6,11010110100110000
14-7,11011000001110000
14-8,11011110100110000
14-9,11010001100110000
14-10,11000001100110000
14-11,11000100001110000
14-12,11001001100110000
14-13,11000101100110000
14-14,11011001100110000
14-15,11010100001110000
14-16,11010101100110000
14-17,11011101100110000
14-18,11001101100110000
14-19,11001100001110000
14-20,11000011100110000
14-21,11001011100110000
14-22,11010011100110000
14-23,11011100001110000
14-24,11011011100110000
14-25,11010111100110000
14-26,11000111100110000
14-27,11000010001110000
14-28,11001111100110000
14-29,11000000010110000
14-30,11011111100110000
14-31,11010010001110000
14-32,11010000010110000
14-33,11011000010110000
14-34,11001000010110000
14-35,11001010001110000
14-36,11000100010110000
14-37,11001100010110000
14-38,11010100010110000
14-39,11011010001110000
14-40,11011100010110000
14-41,11010010010110000
14-42,11000010010110000
14-43,11000110001110000
14-44,11001010010110000
14-45,11000110010110000
14-46,11011010010110000
14-47,11010110001110000
14-48,11010110010110000
14-49,11011110010110000
14-50,11001110010110000
14-51,11001110001110000
14-52,11000001010110000
14-53,11001001010110000
14-54,11010001010110000
14-55,11011110001110000
14-56,11011001010110000
14-57,11010101010110000
14-58,11000101010110000
14-59,11000001001110000
14-60,11001101010110000
14-61,11000011010110000
14-62,11011101010110000
14-63,11010001001110000
14-64,11010011010110000
14-65,11011011010110000
14-66,11001011010110000
14-67,11001001001110000
14-68,11000111010110000
14-69,11001111010110000
14-70,11010111010110000
14-71,11011001001110000
14-72,11011111010110000
14-73,11010000110110000
14-74,11000000110110000
14-75,11000101001110000
14-76,11001000110110000
14-77,11000100110110000
14-78,11011000110110000
14-79,11010101001110000
14-80,11010100110110000
14-81,11011100110110000
14-82,11001100110110000
14-83,11001101001110000
14-84,11000010110110000
14-85,11001010110110000
14-86,11010010110110000
14-87,11011101001110000
14-88,11011010110110000
14-89,11010110110110000
14-90,11000110110110000
14-91,11000011001110000
14-92,11001110110110000
14-93,11000001110110000
14-94,11011110110110000
14-95,11010011001110000
14-96,11010001110110000
14-97,11011001110110000
14-98,11001001110110000
14-99,11001011001110000
14-100,11000101110110000
14-101,11001101110110000
14-102,11010101110110000
14-103,11011011001110000
14-104,11011101110110000
14-105,11010011110110000
14-106,11000011110110000
14-107,11000111001110000
14-108,11001011110110000
14-109,11000111110110000
14-110,11011011110110000
14-111,11010111001110000
14-112,11010111110110000
14-113,11011111110110000
14-114,11001111110110000
14-115,11001111001110000
16-0,11000010110001000
16-1,11001010110001000
16-2,11010010110001000
16-3,11011100001001000
16-4,11000101000001000
16-5,11001101000001000
16-6,11010101000001000
16-7,11011010110001000
16-8,11011101000001000
16-9,11010011000001000
16-10,11000011000001000
16-11,11000110110001000
16-12,11001011000001000
16-13,11000111000001000
16-14,11011011000001000
16-15,11010110110001000
16-16,11010111000001000
16-17,11011111000001000
16-18,11001111000001000
16-19,11001110110001000
16-20,11000000100001000
16-21,11001000100001000
16-22,11010000100001000
16-23,11011110110001000
16-24,11011000100001000
16-25,11010100100001000
16-26,11000100100001000
16-27,11000001110001000
16-28,11001100100001000
16-29,11000010100001000
16-30,11011100100001000
16-31,11010001110001000
16-32,11010010100001000
16-33,11011010100001000
16-34,11001010100001000
16-35,11001001110001000
16-36,11000110100001000
16-37,11001110100001000
16-38,11010110100001000
16-39,11011001110001000
16-40,11011110100001000
16-41,11010001100001000
16-42,11000001100001000
16-43,11000101110001000
16-44,11001001100001000
16-45,11000101100001000
16-46,11011001100001000
16-47,11010101110001000
16-48,11010101100001000
16-49,11011101100001000
16-50,11001101100001000
16-51,11001101110001000
16-52,11000011100001000
16-53,11001011100001000
16-54,11010011100001000
16-55,11011101110001000
16-56,11011011100001000
16-57,11010111100001000
16-58,11000111100001000
16-59,11000011110001000
16-60,11001111100001000
16-61,11000000010001000
16-62,11011111100001000
16-63,11010011110001000
16-64,11010000010001000
16-65,11011000010001000
16-66,11001000010001000
16-67,11001011110001000
16-68,11000100010001000
16-69,11001100010001000
16-70,11010100010001000
16-71,11011011110001000
16-72,11011100010001000
16-73,11010010010001000
16-74,11000010010001000
16-75,11000111110001000
16-76,11001010010001000
16-77,11000110010001000
16-78,11011010010001000
16-79,11010111110001000
16-80,11010110010001000
16-81,11011110010001000
16-82,11001110010001000
16-83,11001111110001000
16-84,11000001010001000
16-85,11001001010001000
16-86,11010001010001000
16-87,11011111110001000
16-88,11011001010001000
16-89,11010101010001000
16-90,11000101010001000
16-91,11000000001001000
16-92,11001101010001000
16-93,11000011010001000
16-94,11011101010001000
16-95,11010000001001000
16-96,11010011010001000
16-97,11011011010001000
16-98,11001011010001000
16-99,11001000001001000
16-100,11000111010001000
16-101,11001111010001000
16-102,11010111010001000
16-103,11011000001001000
16-104,11011111010001000
16-105,11010000110001000
16-106,11000000110001000
16-107,11000100001001000
16-108,11001000110001000
16-109,11000100110001000
16-110,11011000110001000
16-111,11010100001001000
16-112,11010100110001000
16-113,11011100110001000
16-114,11001100110001000
16-115,11001100001001000
17-0,11000001010101000
17-1,11001001010101000
17-2,11010001010101000
17-3,11011110110101000
17-4,11000111111001000
17-5,11001111111001000
17-6,11010111111001000
17-7,11011001010101000
17-8,11011111111001000
17-9,11010000000101000
17-10,11000000000101000
17-11,11000101010101000
17-12,11001000000101000
17-13,11000100000101000
17-14,11011000000101000
17-15,11010101010101000
17-16,11010100000101000
17-17,11011100000101000
17-18,11001100000101000
17-19,11001101010101000
17-20,11000010000101000
17-21,11001010000101000
17-22,11010010000101000
17-23,11011101010101000
17-24,11011010000101000
17-25,11010110000101000
17-26,11000110000101000
17-27,11000011010101000
17-28,11001110000101000
17-29,11000001000101000
17-30,11011110000101000
17-31,11010011010101000
17-32,11010001000101000
17-33,11011001000101000
17-34,11001001000101000
17-35,11001011010101000
17-36,11000101000101000
17-37,11001101000101000
17-38,11010101000101000
17-39,11011011010101000
17-40,11011101000101000
17-41,11010011000101000
17-42,11000011000101000
17-43,11000111010101000
17-44,11001011000101000
17-45,11000111000101000
17-46,11011011000101000
17-47,11010111010101000
17-48,11010111000101000
17-49,11011111000101000
17-50,11001111000101000
17-51,11001111010101000
17-52,11000000100101000
17-53,11001000100101000
17-54,11010000100101000
17-55,11011111010101000
17-56,11011000100101000
17-57,11010100100101000
17-58,11000100100101000
17-59,11000000110101000
17-60,11001100100101000
17-61,11000010100101000
17-62,11011100100101000
17-63,11010000110101000
17-64,11010010100101000
17-65,11011010100101000
17-66,11001010100101000
17-67,11001000110101000
17-68,11000110100101000
17-69,11001110100101000
17-70,11010110100101000
17-71,11011000110101000
17-72,11011110100101000
17-73,11010001100101000
17-74,11000001100101000
17-75,11000100110101000
17-76,11001001100101000
17-77,11000101100101000
17-78,11011001100101000
17-79,11010100110101000
17-80,11010101100101000
17-81,11011101100101000
17-82,11001101100101000
17-83,11001100110101000
17-84,11000011100101000
17-85,11001011100101000
17-86,11010011100101000
17-87,11011100110101000
17-88,11011011100101000
17-89,11010111100101000
17-90,11000111100101000
17-91,11000010110101000
17-92,11001111100101000
17-93,11000000010101000
17-94,11011111100101000
17-95,11010010110101000
17-96,11010000010101000
17-97,11011000010101000
17-98,11001000010101000
17-99,11001010110101000
17-100,11000100010101000
17-101,11001100010101000
17-102,11010100010101000
17-103,11011010110101000
17-104,11011100010101000
17-105,11010010010101000
17-106,11000010010101000
17-107,11000110110101000
17-108,11001010010101000
17-109,11000110010101000
17-110,11011010010101000
17-111,11010110110101000
17-112,11010110010101000
17-113,11011110010101000
17-114,11001110010101000
17-115,11001110110101000
18-0,11000111011001000
18-1,11001111011001000
18-2,11010111011001000
18-3,11011011111001000
18-4,11000010001001000
18-5,11001010001001000
18-6,11010010001001000
18-7,11011111011001000
18-8,11011010001001000
18-9,11010110001001000
18-10,11000110001001000
18-11,11000000111001000
18-12,11001110001001000
18-13,11000001001001000
18-14,11011110001001000
18-15,11010000111001000
18-16,11010001001001000
18-17,11011001001001000
18-18,11001001001001000
18-19,11001000111001000
18-20,11000101001001000
18-21,11001101001001000
18-22,11010101001001000
18-23,11011000111001000
18-24,11011101001001000
18-25,11010011001001000
18-26,11000011001001000
18-27,11000100111001000
18-28,11001011001001000
18-29,11000111001001000
18-30,11011011001001000
18-31,11010100111001000
18-32,11010111001001000
18-33,11011111001001000
18-34,11001111001001000
18-35,11001100111001000
18-36,11000000101001000
18-37,11001000101001000
18-38,11010000101001000
18-39,11011100111001000
18-40,11011000101001000
18-41,11010100101001000
18-42,11000100101001000
18-43,11000010111001000
18-44,11001100101001000
18-45,11000010101001000
18-46,11011100101001000
18-47,11010010111001000
18-48,11010010101001000
18-49,11011010101001000
18-50,11001010101001000
18-51,11001010111001000
18-52,11000110101001000
18-53,11001110101001000
18-54,11010110101001000
18-55,11011010111001000
18-56,11011110101001000
18-57,11010001101001000
18-58,11000001101001000
18-59,11000110111001000
18-60,11001001101001000
18-61,11000101101001000
18-62,11011001101001000
18-63,11010110111001000
18-64,11010101101001000
18-65,11011101101001000
18-66,11001101101001000
18-67,11001110111001000
18-68,11000011101001000
18-69,11001011101001000
18-70,11010011101001000
18-71,11011110111001000
18-72,11011011101001000
18-73,11010111101001000
18-74,11000111101001000
18-75,11000001111001000
18-76,11001111101001000
18-77,11000000011001000
18-78,11011111101001000
18-79,11010001111001000
18-80,11010000011001000
18-81,11011000011001000
18-82,11001000011001000
18-83,11001001111001000
18-84,11000100011001000
18-85,11001100011001000
18-86,11010100011001000
18-87,11011001111001000
18-88,11011100011001000
18-89,11010010011001000
18-90,11000010011001000
18-91,11000101111001000
18-92,11001010011001000
18-93,11000110011001000
18-94,11011010011001000
18-95,11010101111001000
18-96,11010110011001000
18-97,11011110011001000
18-98,11001110011001000
18-99,11001101111001000
18-100,11000001011001000
18-101,11001001011001000
18-102,11010001011001000
18-103,11011101111001000
18-104,11011001011001000
18-105,11010101011001000
18-106,11000101011001000
18-107,11000011111001000
18-108,11001101011001000
18-109,11000011011001000
18-110,11011101011001000
18-111,11010011111001000
18-112,11010011011001000
18-113,11011011011001000
18-114,11001011011001000
18-115,11001011111001000
20-0,11000100011101000
20-1,11001100011101000
20-2,11010100011101000
20-3,11011000111101000
20-4,11000001110101000
20-5,11001001110101000
20-6,11010001110101000
20-7,11011100011101000
20-8,11011001110101000
20-9,11010101110101000
20-10,11000101110101000
20-11,11000010011101000
20-12,11001101110101000
20-13,11000011110101000
20-14,11011101110101000
20-15,11010010011101000
20-16,11010011110101000
20-17,11011011110101000
20-18,11001011110101000
20-19,11001010011101000
20-20,11000111110101000
20-21,11001111110101000
20-22,11010111110101000
20-23,11011010011101000
20-24,11011111110101000
20-25,11010000001101000
20-26,11000000001101000
20-27,11000110011101000
20-28,11001000001101000
20-29,11000100001101000
20-30,11011000001101000
20-31,11010110011101000
20-32,11010100001101000
20-33,11011100001101000
20-34,11001100001101000
20-35,11001110011101000
20-36,11000010001101000
20-37,11001010001101000
20-38,11010010001101000
20-39,11011110011101000
20-40,11011010001101000
20-41,11010110001101000
20-42,11000110001101000
20-43,11000001011101000
20-44,11001110001101000
20-45,11000001001101000
20-46,11011110001101000
20-47,11010001011101000
20-48,11010001001101000
20-49,11011001001101000
20-50,11001001001101000
20-51,11001001011101000
20-52,11000101001101000
20-53,11001101001101000
20-54,11010101001101000
20-55,11011001011101000
20-56,11011101001101000
20-57,11010011001101000
20-58,11000011001101000
20-59,11000101011101000
20-60,11001011001101000
20-61,11000111001101000
20-62,11011011001101000
20-63,11010101011101000
20-64,11010111001101000
20-65,11011111001101000
20-66,11001111001101000
20-67,11001101011101000
20-68,11000000101101000
20-69,11001000101101000
20-70,11010000101101000
20-71,11011101011101000
20-72,11011000101101000
20-73,11010100101101000
20-74,11000100101101000
20-75,11000011011101000
20-76,11001100101101000
20-77,11000010101101000
20-78,11011100101101000
20-79,11010011011101000
20-80,11010010101101000
20-81,11011010101101000
20-82,11001010101101000
20-83,11001011011101000
20-84,11000110101101000
20-85,11001110101101000
20-86,11010110101101000
20-87,11011011011101000
20-88,11011110101101000
20-89,11010001101101000
20-90,11000001101101000
20-91,11000111011101000
20-92,11001001101101000
20-93,11000101101101000
20-94,11011001101101000
20-95,11010111011101000
20-96,11010101101101000
20-97,11011101101101000
20-98,11001101101101000
20-99,11001111011101000
20-100,11000011101101000
20-101,11001011101101000
20-102,11010011101101000
20-103,11011111011101000
20-104,11011011101101000
20-105,11010111101101000
20-106,11000111101101000
20-107,11000000111101000
20-108,11001111101101000
20-109,11000000011101000
20-110,11011111101101000
20-111,11010000111101000
20-112,11010000011101000
20-113,11011000011101000
20-114,11001000011101000
20-115,11001000111101000
21-0,11000110101011000
21-1,11001110101011000
21-2,11010110101011000
21-3,11011010011011000
21-4,11000011010011000
21-5,11001011010011000
21-6,11010011010011000
21-7,11011110101011000
21-8,11011011010011000
21-9,11010111010011000
21-10,11000111010011000
21-11,11000001101011000
21-12,11001111010011000
21-13,11000000110011000
21-14,11011111010011000
21-15,11010001101011000
21-16,11010000110011000
21-17,11011000110011000
21-18,11001000110011000
21-19,11001001101011000
21-20,11000100110011000
21-21,11001100110011000
21-22,11010100110011000
21-23,11011001101011000
21-24,11011100110011000
21-25,11010010110011000
21-26,11000010110011000
21-27,11000101101011000
21-28,11001010110011000
21-29,11000110110011000
21-30,11011010110011000
21-31,11010101101011000
21-32,11010110110011000
21-33,11011110110011000
21-34,11001110110011000
21-35,11001101101011000
21-36,11000001110011000
21-37,11001001110011000
21-38,11010001110011000
21-39,11011101101011000
21-40,11011001110011000
21-41,11010101110011000
21-42,11000101110011000
21-43,11000011101011000
21-44,11001101110011000
21-45,11000011110011000
21-46,11011101110011000
21-47,11010011101011000
21-48,11010011110011000
21-49,11011011110011000
21-50,11001011110011000
21-51,11001011101011000
21-52,11000111110011000
21-53,11001111110011000
21-54,11010111110011000
21-55,11011011101011000
21-56,11011111110011000
21-57,11010000001011000
21-58,11000000001011000
21-59,11000111101011000
21-60,11001000001011000
21-61,11000100001011000
21-62,11011000001011000
21-63,11010111101011000
21-64,11010100001011000
21-65,11011100001011000
21-66,11001100001011000
21-67,11001111101011000
21-68,11000010001011000
21-69,11001010001011000
21-70,11010010001011000
21-71,11011111101011000
21-72,11011010001011000
21-73,11010110001011000
21-74,11000110001011000
21-75,11000000011011000
21-76,11001110001011000
21-77,11000001001011000
21-78,11011110001011000
21-79,11010000011011000
21-80,11010001001011000
21-81,11011001001011000
21-82,11001001001011000
21-83,11001000011011000
21-84,11000101001011000
21-85,11001101001011000
21-86,11010101001011000
21-87,11011000011011000
21-88,11011101001011000
21-89,11010011001011000
21-90,11000011001011000
21-91,11000100011011000
21-92,11001011001011000
21-93,11000111001011000
21-94,11011011001011000
21-95,11010100011011000
21-96,11010111001011000
21-97,11011111001011000
21-98,11001111001011000
21-99,11001100011011000
21-100,11000000101011000
21-101,11001000101011000
21-102,11010000101011000
21-103,11011100011011000
21-104,11011000101011000
21-105,11010100101011000
21-106,11000100101011000
21-107,11000010011011000
21-108,11001100101011000
21-109,11000010101011000
21-110,11011100101011000
21-111,11010010011011000
21-112,11010010101011000
21-113,11011010101011000
21-114,11001010101011000
21-115,11001010011011000
22-0,11000011100011000
22-1,11001011100011000
22-2,11010011100011000
22-3,11011101010011000
22-4,11000100111101000
22-5,11001100111101000
22-6,11010100111101000
22-7,11011011100011000
22-8,11011100111101000
22-9,11010010111101000
22-10,11000010111101000
22-11,11000111100011000
22-12,11001010111101000
22-13,11000110111101000
22-14,11011010111101000
22-15,11010111100011000
22-16,11010110111101000
22-17,11011110111101000
22-18,11001110111101000
22-19,11001111100011000
22-20,11000001111101000
22-21,11001001111101000
22-22,11010001111101000
22-23,11011111100011000
22-24,11011001111101000
22-25,11010101111101000
22-26,11000101111101000
22-27,11000000010011000
22-28,11001101111101000
22-29,11000011111101000
22-30,11011101111101000
22-31,11010000010011000
22-32,11010011111101000
22-33,11011011111101000
22-34,11001011111101000
22-35,11001000010011000
22-36,11000111111101000
22-37,11001111111101000
22-38,11010111111101000
22-39,11011000010011000
22-40,11011111111101000
22-41,11010000000011000
22-42,11000000000011000
22-43,11000100010011000
22-44,11001000000011000
22-45,11000100000011000
22-46,11011000000011000
22-47,11010100010011000
22-48,11010100000011000
22-49,11011100000011000
22-50,11001100000011000
22-51,11001100010011000
22-52,11000010000011000
22-53,11001010000011000
22-54,11010010000011000
22-55,11011100010011000
22-56,11011010000011000
22-57,11010110000011000
22-58,11000110000011000
22-59,11000010010011000
22-60,11001110000011000
22-61,11000001000011000
22-62,11011110000011000
22-63,11010010010011000
22-64,11010001000011000
22-65,11011001000011000
22-66,11001001000011000
22-67,11001010010011000
22-68,11000101000011000
22-69,11001101000011000
22-70,11010101000011000
22-71,11011010010011000
22-72,11011101000011000
22-73,11010011000011000
22-74,11000011000011000
22-75,11000110010011000
22-76,11001011000011000
22-77,11000111000011000
22-78,11011011000011000
22-79,11010110010011000
22-80,11010111000011000
22-81,11011111000011000
22-82,11001111000011000
22-83,11001110010011000
22-84,11000000100011000
22-85,11001000100011000
22-86,11010000100011000
22-87,11011110010011000
22-88,11011000100011000
22-89,11010100100011000
22-90,11000100100011000
22-91,11000001010011000
22-92,11001100100011000
22-93,11000010100011000
22-94,11011100100011000
22-95,11010001010011000
22-96,11010010100011000
22-97,11011010100011000
22-98,11001010100011000
22-99,11001001010011000
22-100,11000110100011000
22-101,11001110100011000
22-102,11010110100011000
22-103,11011001010011000
22-104,11011110100011000
22-105,11010001100011000
22-106,11000001100011000
22-107,11000101010011000
22-108,11001001100011000
22-109,11000101100011000
22-110,11011001100011000
22-111,11010101010011000
22-112,11010101100011000
22-113,11011101100011000
22-114,11001101100011000
22-115,11001101010011000
24-0,11000000100111000
24-1,11001000100111000
24-2,11010000100111000
24-3,11011111100111000
24-4,11000110011011000
24-5,11001110011011000
24-6,11010110011011000
24-7,11011000100111000
24-8,11011110011011000
24-9,11010001011011000
24-10,11000001011011000
24-11,11000100100111000
24-12,11001001011011000
24-13,11000101011011000
24-14,11011001011011000
24-15,11010100100111000
24-16,11010101011011000
24-17,11011101011011000
24-18,11001101011011000
24-19,11001100100111000
24-20,11000011011011000
24-21,11001011011011000
24-22,11010011011011000
24-23,11011100100111000
24-24,11011011011011000
24-25,11010111011011000
24-26,11000111011011000
24-27,11000010100111000
24-28,11001111011011000
24-29,11000000111011000
24-30,11011111011011000
24-31,11010010100111000
24-32,11010000111011000
24-33,11011000111011000
24-34,11001000111011000
24-35,11001010100111000
24-36,11000100111011000
24-37,11001100111011000
24-38,11010100111011000
24-39,11011010100111000
24-40,11011100111011000
24-41,11010010111011000
24-42,11000010111011000
24-43,11000110100111000
24-44,11001010111011000
24-45,11000110111011000
24-46,11011010111011000
24-47,11010110100111000
24-48,11010110111011000
24-49,11011110111011000
24-50,11001110111011000
24-51,11001110100111000
24-52,11000001111011000
24-53,11001001111011000
24-54,11010001111011000
24-55,11011110100111000
24-56,11011001111011000
24-57,11010101111011000
24-58,11000101111011000
24-59,11000001100111000
24-60,11001101111011000
24-61,11000011111011000
24-62,11011101111011000
24-63,11010001100111000
24-64,11010011111011000
24-65,11011011111011000
24-66,11001011111011000
24-67,11001001100111000
24-68,11000111111011000
24-69,11001111111011000
24-70,11010111111011000
24-71,11011001100111000
24-72,11011111111011000
24-73,11010000000111000
24-74,11000000000111000
24-75,11000101100111000
24-76,11001000000111000
24-77,11000100000111000
24-78,11011000000111000
24-79,11010101100111000
24-80,11010100000111000
24-81,11011100000111000
24-82,11001100000111000
24-83,11001101100111000
24-84,11000010000111000
24-85,11001010000111000
24-86,11010010000111000
24-87,11011101100111000
24-88,11011010000111000
24-89,11010110000111000
24-90,11000110000111000
24-91,11000011100111000
24-92,11001110000111000
24-93,11000001000111000
24-94,11011110000111000
24-95,11010011100111000
24-96,11010001000111000
24-97,11011001000111000
24-98,11001001000111000
24-99,11001011100111000
24-100,11000101000111000
24-101,11001101000111000
24-102,11010101000111000
24-103,11011011100111000
24-104,11011101000111000
24-105,11010011000111000
24-106,11000011000111000
24-107,11000111100111000
24-108,11001011000111000
24-109,11000111000111000
24-110,11011011000111000
24-111,11010111100111000
24-112,11010111000111000
24-113,11011111000111000
24-114,11001111000111000
24-115,11001111100111000
25-0,11000010000000100
25-1,11001010000000100
25-2,11010010000000100
25-3,11011100100000100
25-4,11000101101111000
25-5,11001101101111000
25-6,11010101101111000
25-7,11011010000000100
25-8,11011101101111000
25-9,11010011101111000
25-10,11000011101111000
25-11,11000110000000100
25-12,11001011101111000
25-13,11000111101111000
25-14,11011011101111000
25-15,11010110000000100
25-16,11010111101111000
25-17,11011111101111000
25-18,11001111101111000
25-19,11001110000000100
25-20,11000000011111000
25-21,11001000011111000
25-22,11010000011111000
25-23,11011110000000100
25-24,11011000011111000
25-25,11010100011111000
25-26,11000100011111000
25-27,11000001000000100
25-28,11001100011111000
25-29,11000010011111000
25-30,11011100011111000
25-31,11010001000000100
25-32,11010010011111000
25-33,11011010011111000
25-34,11001010011111000
25-35,11001001000000100
25-36,11000110011111000
25-37,11001110011111000
25-38,11010110011111000
25-39,11011001000000100
25-40,11011110011111000
25-41,11010001011111000
25-42,11000001011111000
25-43,11000101000000100
25-44,11001001011111000
25-45,11000101011111000
25-46,11011001011111000
25-47,11010101000000100
25-48,11010101011111000
25-49,11011101011111000
25-50,11001101011111000
25-51,11001101000000100
25-52,11000011011111000
25-53,11001011011111000
25-54,11010011011111000
25-55,11011101000000100
25-56,11011011011111000
25-57,11010111011111000
25-58,11000111011111000
25-59,11000011000000100
25-60,11001111011111000
25-61,11000000111111000
25-62,11011111011111000
25-63,11010011000000100
25-64,11010000111111000
25-65,11011000111111000
25-66,11001000111111000
25-67,11001011000000100
25-68,11000100111111000
25-69,11001100111111000
25-70,11010100111111000
25-71,11011011000000100
25-72,11011100111111000
25-73,11010010111111000
25-74,11000010111111000
25-75,11000111000000100
25-76,11001010111111000
25-77,11000110111111000
25-78,11011010111111000
25-79,11010111000000100
25-80,11010110111111000
25-81,11011110111111000
25-82,11001110111111000
25-83,11001111000000100
25-84,11000001111111000
25-85,11001001111111000
25-86,11010001111111000
25-87,11011111000000100
25-88,11011001111111000
25-89,11010101111111000
25-90,11000101111111000
25-91,11000000100000100
25-92,11001101111111000
25-93,11000011111111000
25-94,11011101111111000
25-95,11010000100000100
25-96,11010011111111000
25-97,11011011111111000
25-98,11001011111111000
25-99,11001000100000100
25-100,11000111111111000
25-101,11001111111111000
25-102,11010111111111000
25-103,11011000100000100
25-104,11011111111111000
25-105,11010000000000100
25-106,11000000000000100
25-107,11000100100000100
25-108,11001000000000100
25-109,11000100000000100
25-110,11011000000000100
25-111,11010100100000100
25-112,11010100000000100
25-113,11011100000000100
25-114,11001100000000100
25-115,11001100100000100
26-0,11000101001111000
26-1,11001101001111000
26-2,11010101001111000
26-3,11011001101111000
26-4,11000000010111000
26-5,11001000010111000
26-6,11010000010111000
26-7,11011101001111000
26-8,11011000010111000
26-9,11010100010111000
26-10,11000100010111000
26-11,11000011001111000
26-12,11001100010111000
26-13,11000010010111000
26-14,11011100010111000
26-15,11010011001111000
26-16,11010010010111000
26-17,11011010010111000
26-18,11001010010111000
26-19,11001011001111000
26-20,11000110010111000
26-21,11001110010111000
26-22,11010110010111000
26-23,11011011001111000
26-24,11011110010111000
26-25,11010001010111000
26-26,11000001010111000
26-27,11000111001111000
26-28,11001001010111000
26-29,11000101010111000
26-30,11011001010111000
26-31,11010111001111000
26-32,11010101010111000
26-33,11011101010111000
26-34,11001101010111000
26-35,11001111001111000
26-36,11000011010111000
26-37,11001011010111000
26-38,11010011010111000
26-39,11011111001111000
26-40,11011011010111000
26-41,11010111010111000
26-42,11000111010111000
26-43,11000000101111000
26-44,11001111010111000
26-45,11000000110111000
26-46,11011111010111000
26-47,11010000101111000
26-48,11010000110111000
26-49,11011000110111000
26-50,11001000110111000
26-51,11001000101111000
26-52,11000100110111000
26-53,11001100110111000
26-54,11010100110111000
26-55,11011000101111000
26-56,11011100110111000
26-57,11010010110111000
26-58,11000010110111000
26-59,11000100101111000
26-60,11001010110111000
26-61,11000110110111000
26-62,11011010110111000
26-63,11010100101111000
26-64,11010110110111000
26-65,11011110110111000
26-66,11001110110111000
26-67,11001100101111000
26-68,11000001110111000
26-69,11001001110111000
26-70,11010001110111000
26-71,11011100101111000
26-72,11011001110111000
26-73,11010101110111000
26-74,11000101110111000
26-75,11000010101111000
26-76,11001101110111000
26-77,11000011110111000
26-78,11011101110111000
26-79,11010010101111000
26-80,11010011110111000
26-81,11011011110111000
26-82,11001011110111000
26-83,11001010101111000
26-84,11000111110111000
26-85,11001111110111000
26-86,11010111110111000
26-87,11011010101111000
26-88,11011111110111000
26-89,11010000001111000
26-90,11000000001111000
26-91,11000110101111000
26-92,11001000001111000
26-93,11000100001111000
26-94,11011000001111000
26-95,11010110101111000
26-96,11010100001111000
26-97,11011100001111000
26-98,11001100001111000
26-99,11001110101111000
26-100,11000010001111000
26-101,11001010001111000
26-102,11010010001111000
26-103,11011110101111000
26-104,11011010001111000
26-105,11010110001111000
26-106,11000110001111000
26-107,11000001101111000
26-108,11001110001111000
26-109,11000001001111000
26-110,11011110001111000
26-111,11010001101111000
26-112,11010001001111000
26-113,11011001001111000
26-114,11001001001111000
26-115,11001001101111000
28-0,11000111110000100
28-1,11001111110000100
28-2,11010111110000100
28-3,11011011001000100
28-4,11000010100000100
28-5,11001010100000100
28-6,11010010100000100
28-7,11011111110000100
28-8,11011010100000100
28-9,11010110100000100
28-10,11000110100000100
28-11,11000000001000100
28-12,11001110100000100
28-13,11000001100000100
28-14,11011110100000100
28-15,11010000001000100
28-16,11010001100000100
28-17,11011001100000100
28-18,11001001100000100
28-19,11001000001000100
28-20,11000101100000100
28-21,11001101100000100
28-22,11010101100000100
28-23,11011000001000100
28-24,11011101100000100
28-25,11010011100000100
28-26,11000011100000100
28-27,11000100001000100
28-28,11001011100000100
28-29,11000111100000100
28-30,11011011100000100
28-31,11010100001000100
28-32,11010111100000100
28-33,11011111100000100
28-34,11001111100000100
28-35,11001100001000100
28-36,11000000010000100
28-37,11001000010000100
28-38,11010000010000100
28-39,11011100001000100
28-40,11011000010000100
28-41,11010100010000100
28-42,11000100010000100
28-43,11000010001000100
28-44,11001100010000100
28-45,11000010010000100
28-46,11011100010000100
28-47,11010010001000100
28-48,11010010010000100
28-49,11011010010000100
28-50,11001010010000100
28-51,11001010001000100
28-52,11000110010000100
28-53,11001110010000100
28-54,11010110010000100
28-55,11011010001000100
28-56,11011110010000100
28-57,11010001010000100
28-58,11000001010000100
28-59,11000110001000100
28-60,11001001010000100
28-61,11000101010000100
28-62,11011001010000100
28-63,11010110001000100
28-64,11010101010000100
28-65,11011101010000100
28-66,11001101010000100
28-67,11001110001000100
28-68,11000011010000100
28-69,11001011010000100
28-70,11010011010000100
28-71,11011110001000100
28-72,11011011010000100
28-73,11010111010000100
28-74,11000111010000100
28-75,11000001001000100
28-76,11001111010000100
28-77,11000000110000100
28-78,11011111010000100
28-79,11010001001000100
28-80,11010000110000100
28-81,11011000110000100
28-82,11001000110000100
28-83,11001001001000100
28-84,11000100110000100
28-85,11001100110000100
28-86,11010100110000100
28-87,11011001001000100
28-88,11011100110000100
28-89,11010010110000100
28-90,11000010110000100
28-91,11000101001000100
28-92,11001010110000100
28-93,11000110110000100
28-94,11011010110000100
28-95,11010101001000100
28-96,11010110110000100
28-97,11011110110000100
28-98,11001110110000100
28-99,11001101001000100
28-100,11000001110000100
28-101,11001001110000100
28-102,11010001110000100
28-103,11011101001000100
28-104,11011001110000100
28-105,11010101110000100
28-106,11000101110000100
28-107,11000011001000100
28-108,11001101110000100
28-109,11000011110000100
28-110,11011101110000100
28-111,11010011001000100
28-112,11010011110000100
28-113,11011011110000100
28-114,11001011110000100
28-115,11001011001000100
29-0,11000100110100100
29-1,11001100110100100
29-2,11010100110100100
29-3,11011000001100100
29-4,11000001000100100
29-5,11001001000100100
29-6,11010001000100100
29-7,11011100110100100
29-8,11011001000100100
29-9,11010101000100100
29-10,11000101000100100
29-11,11000010110100100
29-12,11001101000100100
29-13,11000011000100100
29-14,11011101000100100
29-15,11010010110100100
29-16,11010011000100100
29-17,11011011000100100
29-18,11001011000100100
29-19,11001010110100100
29-20,11000111000100100
29-21,11001111000100100
29-22,11010111000100100
29-23,11011010110100100
29-24,11011111000100100
29-25,11010000100100100
29-26,11000000100100100
29-27,11000110110100100
29-28,11001000100100100
29-29,11000100100100100
29-30,11011000100100100
29-31,11010110110100100
29-32,11010100100100100
29-33,11011100100100100
29-34,11001100100100100
29-35,11001110110100100
29-36,11000010100100100
29-37,11001010100100100
29-38,11010010100100100
29-39,11011110110100100
29-40,11011010100100100
29-41,11010110100100100
29-42,11000110100100100
29-43,11000001110100100
29-44,11001110100100100
29-45,11000001100100100
29-46,11011110100100100
29-47,11010001110100100
29-48,11010001100100100
29-49,11011001100100100
29-50,11001001100100100
29-51,11001001110100100
29-52,11000101100100100
29-53,11001101100100100
29-54,11010101100100100
29-55,11011001110100100
29-56,11011101100100100
29-57,11010011100100100
29-58,11000011100100100
29-59,11000101110100100
29-60,11001011100100100
29-61,11000111100100100
29-62,11011011100100100
29-63,11010101110100100
29-64,11010111100100100
29-65,11011111100100100
29-66,11001111100100100
29-67,11001101110100100
29-68,11000000010100100
29-69,11001000010100100
29-70,11010000010100100
29-71,11011101110100100
29-72,11011000010100100
29-73,11010100010100100
29-74,11000100010100100
29-75,11000011110100100
29-76,11001100010100100
29-77,11000010010100100
29-78,11011100010100100
29-79,11010011110100100
29-80,11010010010100100
29-81,11011010010100100
29-82,11001010010100100
29-83,11001011110100100
29-84,11000110010100100
29-85,11001110010100100
29-86,11010110010100100
29-87,11011011110100100
29-88,11011110010100100
29-89,11010001010100100
29-90,11000001010100100
29-91,11000111110100100
29-92,11001001010100100
29-93,11000101010100100
29-94,11011001010100100
29-95,11010111110100100
29-96,11010101010100100
29-97,11011101010100100
29-98,11001101010100100
29-99,11001111110100100
29-100,11000011010100100
29-101,11001011010100100
29-102,11010011010100100
29-103,11011111110100100
29-104,11011011010100100
29-105,11010111010100100
29-106,11000111010100100
29-107,11000000001100100
29-108,11001111010100100
29-109,11000000110100100
29-110,11011111010100100
29-111,11010000001100100
29-112,11010000110100100
29-113,11011000110100100
29-114,11001000110100100
29-115,11001000001100100
30-0,11000001111000100
30-1,11001001111000100
30-2,11010001111000100
30-3,11011110000100100
30-4,11000111001000100
30-5,11001111001000100
30-6,11010111001000100
30-7,11011001111000100
30-8,11011111001000100
30-9,11010000101000100
30-10,11000000101000100
30-11,11000101111000100
30-12,11001000101000100
30-13,11000100101000100
30-14,11011000101000100
30-15,11010101111000100
30-16,11010100101000100
30-17,11011100101000100
30-18,11001100101000100
30-19,11001101111000100
30-20,11000010101000100
30-21,11001010101000100
30-22,11010010101000100
30-23,11011101111000100
30-24,11011010101000100
30-25,11010110101000100
30-26,11000110101000100
30-27,11000011111000100
30-28,11001110101000100
30-29,11000001101000100
30-30,11011110101000100
30-31,11010011111000100
30-32,11010001101000100
30-33,11011001101000100
30-34,11001001101000100
30-35,11001011111000100
30-36,11000101101000100
30-37,11001101101000100
30-38,11010101101000100
30-39,11011011111000100
30-40,11011101101000100
30-41,11010011101000100
30-42,11000011101000100
30-43,11000111111000100
30-44,11001011101000100
30-45,11000111101000100
30-46,11011011101000100
30-47,11010111111000100
30-48,11010111101000100
30-49,11011111101000100
30-50,11001111101000100
30-51,11001111111000100
30-52,11000000011000100
30-53,11001000011000100
30-54,11010000011000100
30-55,11011111111000100
30-56,11011000011000100
30-57,11010100011000100
30-58,11000100011000100
30-59,11000000000100100
30-60,11001100011000100
30-61,11000010011000100
30-62,11011100011000100
30-63,11010000000100100
30-64,11010010011000100
30-65,11011010011000100
30-66,11001010011000100
30-67,11001000000100100
30-68,11000110011000100
30-69,11001110011000100
30-70,11010110011000100
30-71,11011000000100100
30-72,11011110011000100
30-73,11010001011000100
30-74,11000001011000100
30-75,11000100000100100
30-76,11001001011000100
30-77,11000101011000100
30-78,11011001011000100
30-79,11010100000100100
30-80,11010101011000100
30-81,11011101011000100
30-82,11001101011000100
30-83,11001100000100100
30-84,11000011011000100
30-85,11001011011000100
30-86,11010011011000100
30-87,11011100000100100
30-88,11011011011000100
30-89,11010111011000100
30-90,11000111011000100
30-91,11000010000100100
30-92,11001111011000100
30-93,11000000111000100
30-94,11011111011000100
30-95,11010010000100100
30-96,11010000111000100
30-97,11011000111000100
30-98,11001000111000100
30-99,11001010000100100
30-100,11000100111000100
30-101,11001100111000100
30-102,11010100111000100
30-103,11011010000100100
30-104,11011100111000100
30-105,11010010111000100
30-106,11000010111000100
30-107,11000110000100100
30-108,11001010111000100
30-109,11000110111000100
30-110,11011010111000100
30-111,11010110000100100
30-112,11010110111000100
30-113,11011110111000100
30-114,11001110111000100
30-115,11001110000100100
32-0,11000011011100100
32-1,11001011011100100
32-2,11010011011100100
32-3,11011101111100100
32-4,11000100001100100
32-5,11001100001100100
32-6,11010100001100100
32-7,11011011011100100
32-8,11011100001100100
32-9,11010010001100100
32-10,11000010001100100
32-11,11000111011100100
32-12,11001010001100100
32-13,11000110001100100
32-14,11011010001100100
32-15,11010111011100100
32-16,11010110001100100
32-17,11011110001100100
32-18,11001110001100100
32-19,11001111011100100
32-20,11000001001100100
32-21,11001001001100100
32-22,11010001001100100
32-23,11011111011100100
32-24,11011001001100100
32-25,11010101001100100
32-26,11000101001100100
32-27,11000000111100100
32-28,11001101001100100
32-29,11000011001100100
32-30,11011101001100100
32-31,11010000111100100
32-32,11010011001100100
32-33,11011011001100100
32-34,11001011001100100
32-35,11001000111100100
32-36,11000111001100100
32-37,11001111001100100
32-38,11010111001100100
32-39,11011000111100100
32-40,11011111001100100
32-41,11010000101100100
32-42,11000000101100100
32-43,11000100111100100
32-44,11001000101100100
32-45,11000100101100100
32-46,11011000101100100
32-47,11010100111100100
32-48,11010100101100100
32-49,11011100101100100
32-50,11001100101100100
32-51,11001100111100100
32-52,11000010101100100
32-53,11001010101100100
32-54,11010010101100100
32-55,11011100111100100
32-56,11011010101100100
32-57,11010110101100100
32-58,11000110101100100
32-59,11000010111100100
32-60,11001110101100100
32-61,11000001101100100
32-62,11011110101100100
32-63,11010010111100100
32-64,11010001101100100
32-65,11011001101100100
32-66,11001001101100100
32-67,11001010111100100
32-68,11000101101100100
32-69,11001101101100100
32-70,11010101101100100
32-71,11011010111100100
32-72,11011101101100100
32-73,11010011101100100
32-74,11000011101100100
32-75,11000110111100100
32-76,11001011101100100
32-77,11000111101100100
32-78,11011011101100100
32-79,11010110111100100
32-80,11010111101100100
32-81,11011111101100100
32-82,11001111101100100
32-83,11001110111100100
32-84,11000000011100100
32-85,11001000011100100
32-86,11010000011100100
32-87,11011110111100100
32-88,11011000011100100
32-89,11010100011100100
32-90,11000100011100100
32-91,11000001111100100
32-92,11001100011100100
32-93,11000010011100100
32-94,11011100011100100
32-95,11010001111100100
32-96,11010010011100100
32-97,11011010011100100
32-98,11001010011100100
32-99,11001001111100100
32-100,11000110011100100
32-101,11001110011100100
32-102,11010110011100100
32-103,11011001111100100
32-104,11011110011100100
32-105,11010001011100100
32-106,11000001011100100
32-107,11000101111100100
32-108,11001001011100100
32-109,11000101011100100
32-110,11011001011100100
32-111,11010101111100100
32-112,11010101011100100
32-113,11011101011100100
32-114,11001101011100100
32-115,11001101111100100
33-0,11000000011010100
33-1,11001000011010100
33-2,11010000011010100
33-3,11011111011010100
33-4,11000110110010100
33-5,11001110110010100
33-6,11010110110010100
33-7,11011000011010100
33-8,11011110110010100
33-9,11010001110010100
33-10,11000001110010100
33-11,11000100011010100
33-12,11001001110010100
33-13,11000101110010100
33-14,11011001110010100
33-15,11010100011010100
33-16,11010101110010100
33-17,11011101110010100
33-18,11001101110010100
33-19,11001100011010100
33-20,11000011110010100
33-21,11001011110010100
33-22,11010011110010100
33-23,11011100011010100
33-24,11011011110010100
33-25,11010111110010100
33-26,11000111110010100
33-27,11000010011010100
33-28,11001111110010100
33-29,11000000001010100
33-30,11011111110010100
33-31,11010010011010100
33-32,11010000001010100
33-33,11011000001010100
33-34,11001000001010100
33-35,11001010011010100
33-36,11000100001010100
33-37,11001100001010100
33-38,11010100001010100
33-39,11011010011010100
33-40,11011100001010100
33-41,11010010001010100
33-42,11000010001010100
33-43,11000110011010100
33-44,11001010001010100
33-45,11000110001010100
33-46,11011010001010100
33-47,11010110011010100
33-48,11010110001010100
33-49,11011110001010100
33-50,11001110001010100
33-51,11001110011010100
33-52,11000001001010100
33-53,11001001001010100
33-54,11010001001010100
33-55,11011110011010100
33-56,11011001001010100
33-57,11010101001010100
33-58,11000101001010100
33-59,11000001011010100
33-60,11001101001010100
33-61,11000011001010100
33-62,11011101001010100
33-63,11010001011010100
33-64,11010011001010100
33-65,11011011001010100
33-66,11001011001010100
33-67,11001001011010100
33-68,11000111001010100
33-69,11001111001010100
33-70,11010111001010100
33-71,11011001011010100
33-72,11011111001010100
33-73,11010000101010100
33-74,11000000101010100
33-75,11000101011010100
33-76,11001000101010100
33-77,11000100101010100
33-78,11011000101010100
33-79,11010101011010100
33-80,11010100101010100
33-81,11011100101010100
33-82,11001100101010100
33-83,11001101011010100
33-84,11000010101010100
33-85,11001010101010100
33-86,11010010101010100
33-87,11011101011010100
33-88,11011010101010100
33-89,11010110101010100
33-90,11000110101010100
33-91,11000011011010100
33-92,11001110101010100
33-93,11000001101010100
33-94,11011110101010100
33-95,11010011011010100
33-96,11010001101010100
33-97,11011001101010100
33-98,11001001101010100
33-99,11001011011010100
33-100,11000101101010100
33-101,11001101101010100
33-102,11010101101010100
33-103,11011011011010100
33-104,11011101101010100
33-105,11010011101010100
33-106,11000011101010100
33-107,11000111011010100
33-108,11001011101010100
33-109,11000111101010100
33-110,11011011101010100
33-111,11010111011010100
33-112,11010111101010100
33-113,11011111101010100
33-114,11001111101010100
33-115,11001111011010100
34-0,11000110010010100
34-1,11001110010010100
34-2,11010110010010100
34-3,11011010110010100
34-4,11000011111100100
34-5,11001011111100100
34-6,11010011111100100
34-7,11011110010010100
34-8,11011011111100100
34-9,11010111111100100
34-10,11000111111100100
34-11,11000001010010100
34-12,11001111111100100
34-13,11000000000010100
34-14,11011111111100100
34-15,11010001010010100
34-16,11010000000010100
34-17,11011000000010100
34-18,11001000000010100
34-19,11001001010010100
34-20,11000100000010100
34-21,11001100000010100
34-22,11010100000010100
34-23,11011001010010100
34-24,11011100000010100
34-25,11010010000010100
34-26,11000010000010100
34-27,11000101010010100
34-28,11001010000010100
34-29,11000110000010100
34-30,11011010000010100
34-31,11010101010010100
34-32,11010110000010100
34-33,11011110000010100
34-34,11001110000010100
34-35,11001101010010100
34-36,11000001000010100
34-37,11001001000010100
34-38,11010001000010100
34-39,11011101010010100
34-40,11011001000010100
34-41,11010101000010100
34-42,11000101000010100
34-43,11000011010010100
34-44,11001101000010100
34-45,11000011000010100
34-46,11011101000010100
34-47,11010011010010100
34-48,11010011000010100
34-49,11011011000010100
34-50,11001011000010100
34-51,11001011010010100
34-52,11000111000010100
34-53,11001111000010100
34-54,11010111000010100
34-55,11011011010010100
34-56,11011111000010100
34-57,11010000100010100
34-58,11000000100010100
34-59,11000111010010100
34-60,11001000100010100
34-61,11000100100010100
34-62,11011000100010100
34-63,11010111010010100
34-64,11010100100010100
34-65,11011100100010100
34-66,11001100100010100
34-67,11001111010010100
34-68,11000010100010100
34-69,11001010100010100
34-70,11010010100010100
34-71,11011111010010100
34-72,11011010100010100
34-73,11010110100010100
34-74,11000110100010100
34-75,11000000110010100
34-76,11001110100010100
34-77,11000001100010100
34-78,11011110100010100
34-79,11010000110010100
34-80,11010001100010100
34-81,11011001100010100
34-82,11001001100010100
34-83,11001000110010100
34-84,11000101100010100
34-85,11001101100010100
34-86,11010101100010100
34-87,11011000110010100
34-88,11011101100010100
34-89,11010011100010100
34-90,11000011100010100
34-91,11000100110010100
34-92,11001011100010100
34-93,11000111100010100
34-94,11011011100010100
34-95,11010100110010100
34-96,11010111100010100
34-97,11011111100010100
34-98,11001111100010100
34-99,11001100110010100
34-100,11000000010010100
34-101,11001000010010100
34-102,11010000010010100
34-103,11011100110010100
34-104,11011000010010100
34-105,11010100010010100
34-106,11000100010010100
34-107,11000010110010100
34-108,11001100010010100
34-109,11000010010010100
34-110,11011100010010100
34-111,11010010110010100
34-112,11010010010010100
34-113,11011010010010100
34-114,11001010010010100
34-115,11001010110010100
36-0,11000101100110100
36-1,11001101100110100
36-2,11010101100110100
36-3,11011001010110100
36-4,11000000111010100
36-5,11001000111010100
36-6,11010000111010100
36-7,11011101100110100
36-8,11011000111010100
36-9,11010100111010100
36-10,11000100111010100
36-11,11000011100110100
36-12,11001100111010100
36-13,11000010111010100
36-14,11011100111010100
36-15,11010011100110100
36-16,11010010111010100
36-17,11011010111010100
36-18,11001010111010100
36-19,11001011100110100
36-20,11000110111010100
36-21,11001110111010100
36-22,11010110111010100
36-23,11011011100110100
36-24,11011110111010100
36-25,11010001111010100
36-26,11000001111010100
36-27,11000111100110100
36-28,11001001111010100
36-29,11000101111010100
36-30,11011001111010100
36-31,11010111100110100
36-32,11010101111010100
36-33,11011101111010100
36-34,11001101111010100
36-35,11001111100110100
36-36,11000011111010100
36-37,11001011111010100
36-38,11010011111010100
36-39,11011111100110100
36-40,11011011111010100
36-41,11010111111010100
36-42,11000111111010100
36-43,11000000010110100
36-44,11001111111010100
36-45,11000000000110100
36-46,11011111111010100
36-47,11010000010110100
36-48,11010000000110100
36-49,11011000000110100
36-50,11001000000110100
36-51,11001000010110100
36-52,11000100000110100
36-53,11001100000110100
36-54,11010100000110100
36-55,11011000010110100
36-56,11011100000110100
36-57,11010010000110100
36-58,11000010000110100
36-59,11000100010110100
36-60,11001010000110100
36-61,11000110000110100
36-62,11011010000110100
36-63,11010100010110100
36-64,11010110000110100
36-65,11011110000110100
36-66,11001110000110100
36-67,11001100010110100
36-68,11000001000110100
36-69,11001001000110100
36-70,11010001000110100
36-71,11011100010110100
36-72,11011001000110100
36-73,11010101000110100
36-74,11000101000110100
36-75,11000010010110100
36-76,11001101000110100
36-77,11000011000110100
36-78,11011101000110100
36-79,11010010010110100
36-80,11010011000110100
36-81,11011011000110100
36-82,11001011000110100
36-83,11001010010110100
36-84,11000111000110100
36-85,11001111000110100
36-86,11010111000110100
36-87,11011010010110100
36-88,11011111000110100
36-89,11010000100110100
36-90,11000000100110100
36-91,11000110010110100
36-92,11001000100110100
36-93,11000100100110100
36-94,11011000100110100
36-95,11010110010110100
36-96,11010100100110100
36-97,11011100100110100
36-98,11001100100110100
36-99,11001110010110100
36-100,11000010100110100
36-101,11001010100110100
36-102,11010010100110100
36-103,11011110010110100
36-104,11011010100110100
36-105,11010110100110100
36-106,11000110100110100
36-107,11000001010110100
36-108,11001110100110100
36-109,11000001100110100
36-110,11011110100110100
36-111,11010001010110100
36-112,11010001100110100
36-113,11011001100110100
36-114,11001001100110100
36-115,11001001010110100
37-0,11000111000001100
37-1,11001111000001100
37-2,11010111000001100
37-3,11011011100001100
37-4,11000010011110100
37-5,11001010011110100
37-6,11010010011110100
37-7,11011111000001100
37-8,11011010011110100
37-9,11010110011110100
37-10,11000110011110100
37-11,11000000100001100
37-12,11001110011110100
37-13,11000001011110100
37-14,11011110011110100
37-15,11010000100001100
37-16,11010001011110100
37-17,11011001011110100
37-18,11001001011110100
37-19,11001000100001100
37-20,11000101011110100
37-21,11001101011110100
37-22,11010101011110100
37-23,11011000100001100
37-24,11011101011110100
37-25,11010011011110100
37-26,11000011011110100
37-27,11000100100001100
37-28,11001011011110100
37-29,11000111011110100
37-30,11011011011110100
37-31,11010100100001100
37-32,11010111011110100
37-33,11011111011110100
37-34,11001111011110100
37-35,11001100100001100
37-36,11000000111110100
37-37,11001000111110100
37-38,11010000111110100
37-39,11011100100001100
37-40,11011000111110100
37-41,11010100111110100
37-42,11000100111110100
37-43,11000010100001100
37-44,11001100111110100
37-45,11000010111110100
37-46,11011100111110100
37-47,11010010100001100
37-48,11010010111110100
37-49,11011010111110100
37-50,11001010111110100
37-51,11001010100001100
37-52,11000110111110100
37-53,11001110111110100
37-54,11010110111110100
37-55,11011010100001100
37-56,11011110111110100
37-57,11010001111110100
37-58,11000001111110100
37-59,11000110100001100
37-60,11001001111110100
37-61,11000101111110100
37-62,11011001111110100
37-63,11010110100001100
37-64,11010101111110100
37-65,11011101111110100
37-66,11001101111110100
37-67,11001110100001100
37-68,11000011111110100
37-69,11001011111110100
37-70,11010011111110100
37-71,11011110100001100
37-72,11011011111110100
37-73,11010111111110100
37-74,11000111111110100
37-75,11000001100001100
37-76,11001111111110100
37-77,11000000000001100
37-78,11011111111110100
37-79,11010001100001100
37-80,11010000000001100
37-81,11011000000001100
37-82,11001000000001100
37-83,11001001100001100
37-84,11000100000001100
37-85,11001100000001100
37-86,11010100000001100
37-87,11011001100001100
37-88,11011100000001100
37-89,11010010000001100
37-90,11000010000001100
37-91,11000101100001100
37-92,11001010000001100
37-93,11000110000001100
37-94,11011010000001100
37-95,11010101100001100
37-96,11010110000001100
37-97,11011110000001100
37-98,11001110000001100
37-99,11001101100001100
37-100,11000001000001100
37-101,11001001000001100
37-102,11010001000001100
37-103,11011101100001100
37-104,11011001000001100
37-105,11010101000001100
37-106,11000101000001100
37-107,11000011100001100
37-108,11001101000001100
37-109,11000011000001100
37-110,11011101000001100
37-111,11010011100001100
37-112,11010011000001100
37-113,11011011000001100
37-114,11001011000001100
37-115,11001011100001100
38-0,11000010101110100
38-1,11001010101110100
38-2,11010010101110100
38-3,11011100011110100
38-4,11000101010110100
38-5,11001101010110100
38-6,11010101010110100
38-7,11011010101110100
38-8,11011101010110100
38-9,11010011010110100
38-10,11000011010110100
38-11,11000110101110100
38-12,11001011010110100
38-13,11000111010110100
38-14,11011011010110100
38-15,11010110101110100
38-16,11010111010110100
38-17,11011111010110100
38-18,11001111010110100
38-19,11001110101110100
38-20,11000000110110100
38-21,11001000110110100
38-22,11010000110110100
38-23,11011110101110100
38-24,11011000110110100
38-25,11010100110110100
38-26,11000100110110100
38-27,11000001101110100
38-28,11001100110110100
38-29,11000010110110100
38-30,11011100110110100
38-31,11010001101110100
38-32,11010010110110100
38-33,11011010110110100
38-34,11001010110110100
38-35,11001001101110100
38-36,11000110110110100
38-37,11001110110110100
38-38,11010110110110100
38-39,11011001101110100
38-40,11011110110110100
38-41,11010001110110100
38-42,11000001110110100
38-43,11000101101110100
38-44,11001001110110100
38-45,11000101110110100
38-46,11011001110110100
38-47,11010101101110100
38-48,11010101110110100
38-49,11011101110110100
38-50,11001101110110100
38-51,11001101101110100
38-52,11000011110110100
38-53,11001011110110100
38-54,11010011110110100
38-55,11011101101110100
38-56,11011011110110100
38-57,11010111110110100
38-58,11000111110110100
38-59,11000011101110100
38-60,11001111110110100
38-61,11000000001110100
38-62,11011111110110100
38-63,11010011101110100
38-64,11010000001110100
38-65,11011000001110100
38-66,11001000001110100
38-67,11001011101110100
38-68,11000100001110100
38-69,11001100001110100
38-70,11010100001110100
38-71,11011011101110100
38-72,11011100001110100
38-73,11010010001110100
38-74,11000010001110100
38-75,11000111101110100
38-76,11001010001110100
38-77,11000110001110100
38-78,11011010001110100
38-79,11010111101110100
38-80,11010110001110100
38-81,11011110001110100
38-82,11001110001110100
38-83,11001111101110100
38-84,11000001001110100
38-85,11001001001110100
38-86,11010001001110100
38-87,11011111101110100
38-88,11011001001110100
38-89,11010101001110100
38-90,11000101001110100
38-91,11000000011110100
38-92,11001101001110100
38-93,11000011001110100
38-94,11011101001110100
38-95,11010000011110100
38-96,11010011001110100
38-97,11011011001110100
38-98,11001011001110100
38-99,11001000011110100
38-100,11000111001110100
38-101,11001111001110100
38-102,11010111001110100
38-103,11011000011110100
38-104,11011111001110100
38-105,11010000101110100
38-106,11000000101110100
38-107,11000100011110100
38-108,11001000101110100
38-109,11000100101110100
38-110,11011000101110100
38-111,11010100011110100
38-112,11010100101110100
38-113,11011100101110100
38-114,11001100101110100
38-115,11001100011110100
40-0,11000001001001100
40-1,11001001001001100
40-2,11010001001001100
40-3,11011110101001100
40-4,11000111100001100
40-5,11001111100001100
40-6,11010111100001100
40-7,11011001001001100
40-8,11011111100001100
40-9,11010000010001100
40-10,11000000010001100
40-11,11000101001001100
40-12,11001000010001100
40-13,11000100010001100
40-14,11011000010001100
40-15,11010101001001100
40-16,11010100010001100
40-17,11011100010001100
40-18,11001100010001100
40-19,11001101001001100
40-20,11000010010001100
40-21,11001010010001100
40-22,11010010010001100
40-23,11011101001001100
40-24,11011010010001100
40-25,11010110010001100
40-26,11000110010001100
40-27,11000011001001100
40-28,11001110010001100
40-29,11000001010001100
40-30,11011110010001100
40-31,11010011001001100
40-32,11010001010001100
40-33,11011001010001100
40-34,11001001010001100
40-35,11001011001001100
40-36,11000101010001100
40-37,11001101010001100
40-38,11010101010001100
40-39,11011011001001100
40-40,11011101010001100
40-41,11010011010001100
40-42,11000011010001100
40-43,11000111001001100
40-44,11001011010001100
40-45,11000111010001100
40-46,11011011010001100
40-47,11010111001001100
40-48,11010111010001100
40-49,11011111010001100
40-50,11001111010001100
40-51,11001111001001100
40-52,11000000110001100
40-53,11001000110001100
40-54,11010000110001100
40-55,11011111001001100
40-56,11011000110001100
40-57,11010100110001100
40-58,11000100110001100
40-59,11000000101001100
40-60,11001100110001100
40-61,11000010110001100
40-62,11011100110001100
40-63,11010000101001100
40-64,11010010110001100
40-65,11011010110001100
40-66,11001010110001100
40-67,11001000101001100
40-68,11000110110001100
40-69,11001110110001100
40-70,11010110110001100
40-71,11011000101001100
40-72,11011110110001100
40-73,11010001110001100
40-74,11000001110001100
40-75,11000100101001100
40-76,11001001110001100
40-77,11000101110001100
40-78,11011001110001100
40-79,11010100101001100
40-80,11010101110001100
40-81,11011101110001100
40-82,11001101110001100
40-83,11001100101001100
40-84,11000011110001100
40-85,11001011110001100
40-86,11010011110001100
40-87,11011100101001100
40-88,11011011110001100
40-89,11010111110001100
40-90,11000111110001100
40-91,11000010101001100
40-92,11001111110001100
40-93,11000000001001100
40-94,11011111110001100
40-95,11010010101001100
40-96,11010000001001100
40-97,11011000001001100
40-98,11001000001001100
40-99,11001010101001100
40-100,11000100001001100
40-101,11001100001001100
40-102,11010100001001100
40-103,11011010101001100
40-104,11011100001001100
40-105,11010010001001100
40-106,11000010001001100
40-107,11000110101001100
40-108,11001010001001100
40-109,11000110001001100
40-110,11011010001001100
40-111,11010110101001100
40-112,11010110001001100
40-113,11011110001001100
40-114,11001110001001100
40-115,11001110101001100
41-0,11000011110101100
41-1,11001011110101100
41-2,11010011110101100
41-3,11011101001101100
41-4,11000100100101100
41-5,11001100100101100
41-6,11010100100101100
41-7,11011011110101100
41-8,11011100100101100
41-9,11010010100101100
41-10,11000010100101100
41-11,11000111110101100
41-12,11001010100101100
41-13,11000110100101100
41-14,11011010100101100
41-15,11010111110101100
41-16,11010110100101100
41-17,11011110100101100
41-18,11001110100101100
41-19,11001111110101100
41-20,11000001100101100
41-21,11001001100101100
41-22,11010001100101100
41-23,11011111110101100
41-24,11011001100101100
41-25,11010101100101100
41-26,11000101100101100
41-27,11000000001101100
41-28,11001101100101100
41-29,11000011100101100
41-30,11011101100101100
41-31,11010000001101100
41-32,11010011100101100
41-33,11011011100101100
41-34,11001011100101100
41-35,11001000001101100
41-36,11000111100101100
41-37,11001111100101100
41-38,11010111100101100
41-39,11011000001101100
41-40,11011111100101100
41-41,11010000010101100
41-42,11000000010101100
41-43,11000100001101100
41-44,11001000010101100
41-45,11000100010101100
41-46,11011000010101100
41-47,11010100001101100
41-48,11010100010101100
41-49,11011100010101100
41-50,11001100010101100
41-51,11001100001101100
41-52,11000010010101100
41-53,11001010010101100
41-54,11010010010101100
41-55,11011100001101100
41-56,11011010010101100
41-57,11010110010101100
41-58,11000110010101100
41-59,11000010001101100
41-60,11001110010101100
41-61,11000001010101100
41-62,11011110010101100
41-63,11010010001101100
41-64,11010001010101100
41-65,11011001010101100
41-66,11001001010101100
41-67,11001010001101100
41-68,11000101010101100
41-69,11001101010101100
41-70,11010101010101100
41-71,11011010001101100
41-72,11011101010101100
41-73,11010011010101100
41-74,11000011010101100
41-75,11000110001101100
41-76,11001011010101100
41-77,11000111010101100
41-78,11011011010101100
41-79,11010110001101100
41-80,11010111010101100
41-81,11011111010101100
41-82,11001111010101100
41-83,11001110001101100
41-84,11000000110101100
41-85,11001000110101100
41-86,11010000110101100
41-87,11011110001101100
41-88,11011000110101100
41-89,11010100110101100
41-90,11000100110101100
41-91,11000001001101100
41-92,11001100110101100
41-93,11000010110101100
41-94,11011100110101100
41-95,11010001001101100
41-96,11010010110101100
41-97,11011010110101100
41-98,11001010110101100
41-99,11001001001101100
41-100,11000110110101100
41-101,11001110110101100
41-102,11010110110101100
41-103,11011001001101100
41-104,11011110110101100
41-105,11010001110101100
41-106,11000001110101100
41-107,11000101001101100
41-108,11001001110101100
41-109,11000101110101100
41-110,11011001110101100
41-111,11010101001101100
41-112,11010101110101100
41-113,11011101110101100
41-114,11001101110101100
41-115,11001101001101100
42-0,11000100000101100
42-1,11001100000101100
42-2,11010100000101100
42-3,11011000100101100
42-4,11000001101001100
42-5,11001001101001100
42-6,11010001101001100
42-7,11011100000101100
42-8,11011001101001100
42-9,11010101101001100
42-10,11000101101001100
42-11,11000010000101100
42-12,11001101101001100
42-13,11000011101001100
42-14,11011101101001100
42-15,11010010000101100
42-16,11010011101001100
42-17,11011011101001100
42-18,11001011101001100
42-19,11001010000101100
42-20,11000111101001100
42-21,11001111101001100
42-22,11010111101001100
42-23,11011010000101100
42-24,11011111101001100
42-25,11010000011001100
42-26,11000000011001100
42-27,11000110000101100
42-28,11001000011001100
42-29,11000100011001100
42-30,11011000011001100
42-31,11010110000101100
42-32,11010100011001100
42-33,11011100011001100
42-34,11001100011001100
42-35,11001110000101100
42-36,11000010011001100
42-37,11001010011001100
42-38,11010010011001100
42-39,11011110000101100
42-40,11011010011001100
42-41,11010110011001100
42-42,11000110011001100
42-43,11000001000101100
42-44,11001110011001100
42-45,11000001011001100
42-46,11011110011001100
42-47,11010001000101100
42-48,11010001011001100
42-49,11011001011001100
42-50,11001001011001100
42-51,11001001000101100
42-52,11000101011001100
42-53,11001101011001100
42-54,11010101011001100
42-55,11011001000101100
42-56,11011101011001100
42-57,11010011011001100
42-58,11000011011001100
42-59,11000101000101100
42-60,11001011011001100
42-61,11000111011001100
42-62,11011011011001100
42-63,11010101000101100
42-64,11010111011001100
42-65,11011111011001100
42-66,11001111011001100
42-67,11001101000101100
42-68,11000000111001100
42-69,11001000111001100
42-70,11010000111001100
42-71,11011101000101100
42-72,11011000111001100
42-73,11010100111001100
42-74,11000100111001100
42-75,11000011000101100
42-76,11001100111001100
42-77,11000010111001100
42-78,11011100111001100
42-79,11010011000101100
42-80,11010010111001100
42-81,11011010111001100
42-82,11001010111001100
42-83,11001011000101100
42-84,11000110111001100
42-85,11001110111001100
42-86,11010110111001100
42-87,11011011000101100
42-88,11011110111001100
42-89,11010001111001100
42-90,11000001111001100
42-91,11000111000101100
42-92,11001001111001100
42-93,11000101111001100
42-94,11011001111001100
42-95,11010111000101100
42-96,11010101111001100
42-97,11011101111001100
42-98,11001101111001100
42-99,11001111000101100
42-100,11000011111001100
42-101,11001011111001100
42-102,11010011111001100
42-103,11011111000101100
42-104,11011011111001100
42-105,11010111111001100
42-106,11000111111001100
42-107,11000000100101100
42-108,11001111111001100
42-109,11000000000101100
42-110,11011111111001100
42-111,11010000100101100
42-112,11010000000101100
42-113,11011000000101100
42-114,11001000000101100
42-115,11001000100101100
44-0,11000110111101100
44-1,11001110111101100
44-2,11010110111101100
44-3,11011010000011100
44-4,11000011001101100
44-5,11001011001101100
44-6,11010011001101100
44-7,11011110111101100
44-8,11011011001101100
44-9,11010111001101100
44-10,11000111001101100
44-11,11000001111101100
44-12,11001111001101100
44-13,11000000101101100
44-14,11011111001101100
44-15,11010001111101100
44-16,11010000101101100
44-17,11011000101101100
44-18,11001000101101100
44-19,11001001111101100
44-20,11000100101101100
44-21,11001100101101100
44-22,11010100101101100
44-23,11011001111101100
44-24,11011100101101100
44-25,11010010101101100
44-26,11000010101101100
44-27,11000101111101100
44-28,11001010101101100
44-29,11000110101101100
44-30,11011010101101100
44-31,11010101111101100
44-32,11010110101101100
44-33,11011110101101100
44-34,11001110101101100
44-35,11001101111101100
44-36,11000001101101100
44-37,11001001101101100
44-38,11010001101101100
44-39,11011101111101100
44-40,11011001101101100
44-41,11010101101101100
44-42,11000101101101100
44-43,11000011111101100
44-44,11001101101101100
44-45,11000011101101100
44-46,11011101101101100
44-47,11010011111101100
44-48,11010011101101100
44-49,11011011101101100
44-50,11001011101101100
44-51,11001011111101100
44-52,11000111101101100
44-53,11001111101101100
44-54,11010111101101100
44-55,11011011111101100
44-56,11011111101101100
44-57,11010000011101100
44-58,11000000011101100
44-59,11000111111101100
44-60,11001000011101100
44-61,11000100011101100
44-62,11011000011101100
44-63,11010111111101100
44-64,11010100011101100
44-65,11011100011101100
44-66,11001100011101100
44-67,11001111111101100
44-68,11000010011101100
44-69,11001010011101100
44-70,11010010011101100
44-71,11011111111101100
44-72,11011010011101100
44-73,11010110011101100
44-74,11000110011101100
44-75,11000000000011100
44-76,11001110011101100
44-77,11000001011101100
44-78,11011110011101100
44-79,11010000000011100
44-80,11010001011101100
44-81,11011001011101100
44-82,11001001011101100
44-83,11001000000011100
44-84,11000101011101100
44-85,11001101011101100
44-86,11010101011101100
44-87,11011000000011100
44-88,11011101011101100
44-89,11010011011101100
44-90,11000011011101100
44-91,11000100000011100
44-92,11001011011101100
44-93,11000111011101100
44-94,11011011011101100
44-95,11010100000011100
44-96,11010111011101100
44-97,11011111011101100
44-98,11001111011101100
44-99,11001100000011100
44-100,11000000111101100
44-101,11001000111101100
44-102,11010000111101100
44-103,11011100000011100
44-104,11011000111101100
44-105,11010100111101100
44-106,11000100111101100
44-107,11000010000011100
44-108,11001100111101100
44-109,11000010111101100
44-110,11011100111101100
44-111,11010010000011100
44-112,11010010111101100
44-113,11011010111101100
44-114,11001010111101100
44-115,11001010000011100
45-0,11000101011011100
45-1,11001101011011100
45-2,11010101011011100
45-3,11011001111011100
45-4,11000000001011100
45-5,11001000001011100
45-6,11010000001011100
45-7,11011101011011100
45-8,11011000001011100
45-9,11010100001011100
45-10,11000100001011100
45-11,11000011011011100
45-12,11001100001011100
45-13,11000010001011100
45-14,11011100001011100
45-15,11010011011011100
45-16,11010010001011100
45-17,11011010001011100
45-18,11001010001011100
45-19,11001011011011100
45-20,11000110001011100
45-21,11001110001011100
45-22,11010110001011100
45-23,11011011011011100
45-24,11011110001011100
45-25,11010001001011100
45-26,11000001001011100
45-27,11000111011011100
45-28,11001001001011100
45-29,11000101001011100
45-30,11011001001011100
45-31,11010111011011100
45-32,11010101001011100
45-33,11011101001011100
45-34,11001101001011100
45-35,11001111011011100
45-36,11000011001011100
45-37,11001011001011100
45-38,11010011001011100
45-39,11011111011011100
45-40,11011011001011100
45-41,11010111001011100
45-42,11000111001011100
45-43,11000000111011100
45-44,11001111001011100
45-45,11000000101011100
45-46,11011111001011100
45-47,11010000111011100
45-48,11010000101011100
45-49,11011000101011100
45-50,11001000101011100
45-51,11001000111011100
45-52,11000100101011100
45-53,11001100101011100
45-54,11010100101011100
45-55,11011000111011100
45-56,11011100101011100
45-57,11010010101011100
45-58,11000010101011100
45-59,11000100111011100
45-60,11001010101011100
45-61,11000110101011100
45-62,11011010101011100
45-63,11010100111011100
45-64,11010110101011100
45-65,11011110101011100
45-66,11001110101011100
45-67,11001100111011100
45-68,11000001101011100
45-69,11001001101011100
45-70,11010001101011100
45-71,11011100111011100
45-72,11011001101011100
45-73,11010101101011100
45-74,11000101101011100
45-75,11000010111011100
45-76,11001101101011100
45-77,11000011101011100
45-78,11011101101011100
45-79,11010010111011100
45-80,11010011101011100
45-81,11011011101011100
45-82,11001011101011100
45-83,11001010111011100
45-84,11000111101011100
45-85,11001111101011100
45-86,11010111101011100
45-87,11011010111011100
45-88,11011111101011100
45-89,11010000011011100
45-90,11000000011011100
45-91,11000110111011100
45-92,11001000011011100
45-93,11000100011011100
45-94,11011000011011100
45-95,11010110111011100
45-96,11010100011011100
45-97,11011100011011100
45-98,11001100011011100
45-99,11001110111011100
45-100,11000010011011100
45-101,11001010011011100
45-102,11010010011011100
45-103,11011110111011100
45-104,11011010011011100
45-105,11010110011011100
45-106,11000110011011100
45-107,11000001111011100
45-108,11001110011011100
45-109,11000001011011100
45-110,11011110011011100
45-111,11010001111011100
45-112,11010001011011100
45-113,11011001011011100
45-114,11001001011011100
45-115,11001001111011100
46-0,11000000110011100
46-1,11001000110011100
46-2,11010000110011100
46-3,11011111110011100
46-4,11000110000011100
46-5,11001110000011100
46-6,11010110000011100
46-7,11011000110011100
46-8,11011110000011100
46-9,11010001000011100
46-10,11000001000011100
46-11,11000100110011100
46-12,11001001000011100
46-13,11000101000011100
46-14,11011001000011100
46-15,11010100110011100
46-16,11010101000011100
46-17,11011101000011100
46-18,11001101000011100
46-19,11001100110011100
46-20,11000011000011100
46-21,11001011000011100
46-22,11010011000011100
46-23,11011100110011100
46-24,11011011000011100
46-25,11010111000011100
46-26,11000111000011100
46-27,11000010110011100
46-28,11001111000011100
46-29,11000000100011100
46-30,11011111000011100
46-31,11010010110011100
46-32,11010000100011100
46-33,11011000100011100
46-34,11001000100011100
46-35,11001010110011100
46-36,11000100100011100
46-37,11001100100011100
46-38,11010100100011100
46-39,11011010110011100
46-40,11011100100011100
46-41,11010010100011100
46-42,11000010100011100
46-43,11000110110011100
46-44,11001010100011100
46-45,11000110100011100
46-46,11011010100011100
46-47,11010110110011100
46-48,11010110100011100
46-49,11011110100011100
46-50,11001110100011100
46-51,11001110110011100
46-52,11000001100011100
46-53,11001001100011100
46-54,11010001100011100
46-55,11011110110011100
46-56,11011001100011100
46-57,11010101100011100
46-58,11000101100011100
46-59,11000001110011100
46-60,11001101100011100
46-61,11000011100011100
46-62,11011101100011100
46-63,11010001110011100
46-64,11010011100011100
46-65,11011011100011100
46-66,11001011100011100
46-67,11001001110011100
46-68,11000111100011100
46-69,11001111100011100
46-70,11010111100011100
46-71,11011001110011100
46-72,11011111100011100
46-73,11010000010011100
46-74,11000000010011100
46-75,11000101110011100
46-76,11001000010011100
46-77,11000100010011100
46-78,11011000010011100
46-79,11010101110011100
46-80,11010100010011100
46-81,11011100010011100
46-82,11001100010011100
46-83,11001101110011100
46-84,11000010010011100
46-85,11001010010011100
46-86,11010010010011100
46-87,11011101110011100
46-88,11011010010011100
46-89,11010110010011100
46-90,11000110010011100
46-91,11000011110011100
46-92,11001110010011100
46-93,11000001010011100
46-94,11011110010011100
46-95,11010011110011100
46-96,11010001010011100
46-97,11011001010011100
46-98,11001001010011100
46-99,11001011110011100
46-100,11000101010011100
46-101,11001101010011100
46-102,11010101010011100
46-103,11011011110011100
46-104,11011101010011100
46-105,11010011010011100
46-106,11000011010011100
46-107,11000111110011100
46-108,11001011010011100
46-109,11000111010011100
46-110,11011011010011100
46-111,11010111110011100
46-112,11010111010011100
46-113,11011111010011100
46-114,11001111010011100
46-115,11001111110011100
48-0,11000010010111100
48-1,11001010010111100
48-2,11010010010111100
48-3,11011100110111100
48-4,11000101111011100
48-5,11001101111011100
48-6,11010101111011100
48-7,11011010010111100
48-8,11011101111011100
48-9,11010011111011100
48-10,11000011111011100
48-11,11000110010111100
48-12,11001011111011100
48-13,11000111111011100
48-14,11011011111011100
48-15,11010110010111100
48-16,11010111111011100
48-17,11011111111011100
48-18,11001111111011100
48-19,11001110010111100
48-20,11000000000111100
48-21,11001000000111100
48-22,11010000000111100
48-23,11011110010111100
48-24,11011000000111100
48-25,11010100000111100
48-26,11000100000111100
48-27,11000001010111100
48-28,11001100000111100
48-29,11000010000111100
48-30,11011100000111100
48-31,11010001010111100
48-32,11010010000111100
48-33,11011010000111100
48-34,11001010000111100
48-35,11001001010111100
48-36,11000110000111100
48-37,11001110000111100
48-38,11010110000111100
48-39,11011001010111100
48-40,11011110000111100
48-41,11010001000111100
48-42,11000001000111100
48-43,11000101010111100
48-44,11001001000111100
48-45,11000101000111100
48-46,11011001000111100
48-47,11010101010111100
48-48,11010101000111100
48-49,11011101000111100
48-50,11001101000111100
48-51,11001101010111100
48-52,11000011000111100
48-53,11001011000111100
48-54,11010011000111100
48-55,11011101010111100
48-56,11011011000111100
48-57,11010111000111100
48-58,11000111000111100
48-59,11000011010111100
48-60,11001111000111100
48-61,11000000100111100
48-62,11011111000111100
48-63,11010011010111100
48-64,11010000100111100
48-65,11011000100111100
48-66,11001000100111100
48-67,11001011010111100
48-68,11000100100111100
48-69,11001100100111100
48-70,11010100100111100
48-71,11011011010111100
48-72,11011100100111100
48-73,11010010100111100
48-74,11000010100111100
48-75,11000111010111100
48-76,11001010100111100
48-77,11000110100111100
48-78,11011010100111100
48-79,11010111010111100
48-80,11010110100111100
48-81,11011110100111100
48-82,11001110100111100
48-83,11001111010111100
48-84,11000001100111100
48-85,11001001100111100
48-86,11010001100111100
48-87,11011111010111100
48-88,11011001100111100
48-89,11010101100111100
48-90,11000101100111100
48-91,11000000110111100
48-92,11001101100111100
48-93,11000011100111100
48-94,11011101100111100
48-95,11010000110111100
48-96,11010011100111100
48-97,11011011100111100
48-98,11001011100111100
48-99,11001000110111100
48-100,11000111100111100
48-101,11001111100111100
48-102,11010111100111100
48-103,11011000110111100
48-104,11011111100111100
48-105,11010000010111100
48-106,11000000010111100
48-107,11000100110111100
48-108,11001000010111100
48-109,11000100010111100
48-110,11011000010111100
48-111,11010100110111100
48-112,11010100010111100
48-113,11011100010111100
48-114,11001100010111100
48-115,11001100110111100
49-0,11000001100000010
49-1,11001001100000010
49-2,11010001100000010
49-3,11011110010000010
49-4,11000111011111100
49-5,11001111011111100
49-6,11010111011111100
49-7,11011001100000010
49-8,11011111011111100
49-9,11010000111111100
49-10,11000000111111100
49-11,11000101100000010
49-12,11001000111111100
49-13,11000100111111100
49-14,11011000111111100
49-15,11010101100000010
49-16,11010100111111100
49-17,11011100111111100
49-18,11001100111111100
49-19,11001101100000010
49-20,11000010111111100
49-21,11001010111111100
49-22,11010010111111100
49-23,11011101100000010
49-24,11011010111111100
49-25,11010110111111100
49-26,11000110111111100
49-27,11000011100000010
49-28,11001110111111100
49-29,11000001111111100
49-30,11011110111111100
49-31,11010011100000010
49-32,11010001111111100
49-33,11011001111111100
49-34,11001001111111100
49-35,11001011100000010
49-36,11000101111111100
49-37,11001101111111100
49-38,11010101111111100
49-39,11011011100000010
49-40,11011101111111100
49-41,11010011111111100
49-42,11000011111111100
49-43,11000111100000010
49-44,11001011111111100
49-45,11000111111111100
49-46,11011011111111100
49-47,11010111100000010
49-48,11010111111111100
49-49,11011111111111100
49-50,11001111111111100
49-51,11001111100000010
49-52,11000000000000010
49-53,11001000000000010
49-54,11010000000000010
49-55,11011111100000010
49-56,11011000000000010
49-57,11010100000000010
49-58,11000100000000010
49-59,11000000010000010
49-60,11001100000000010
49-61,11000010000000010
49-62,11011100000000010
49-63,11010000010000010
49-64,11010010000000010
49-65,11011010000000010
49-66,11001010000000010
49-67,11001000010000010
49-68,11000110000000010
49-69,11001110000000010
49-70,11010110000000010
49-71,11011000010000010
49-72,11011110000000010
49-73,11010001000000010
49-74,11000001000000010
49-75,11000100010000010
49-76,11001001000000010
49-77,11000101000000010
49-78,11011001000000010
49-79,11010100010000010
49-80,11010101000000010
49-81,11011101000000010
49-82,11001101000000010
49-83,11001100010000010
49-84,11000011000000010
49-85,11001011000000010
49-86,11010011000000010
49-87,11011100010000010
49-88,11011011000000010
49-89,11010111000000010
49-90,11000111000000010
49-91,11000010010000010
49-92,11001111000000010
49-93,11000000100000010
49-94,11011111000000010
49-95,11010010010000010
49-96,11010000100000010
49-97,11011000100000010
49-98,11001000100000010
49-99,11001010010000010
49-100,11000100100000010
49-101,11001100100000010
49-102,11010100100000010
49-103,11011010010000010
49-104,11011100100000010
49-105,11010010100000010
49-106,11000010100000010
49-107,11000110010000010
49-108,11001010100000010
49-109,11000110100000010
49-110,11011010100000010
49-111,11010110010000010
49-112,11010110100000010
49-113,11011110100000010
49-114,11001110100000010
49-115,11001110010000010
50-0,11000111101111100
50-1,11001111101111100
50-2,11010111101111100
50-3,11011011011111100
50-4,11000010110111100
50-5,11001010110111100
50-6,11010010110111100
50-7,11011111101111100
50-8,11011010110111100
50-9,11010110110111100
50-10,11000110110111100
50-11,11000000011111100
50-12,11001110110111100
50-13,11000001110111100
50-14,11011110110111100
50-15,11010000011111100
50-16,11010001110111100
50-17,11011001110111100
50-18,11001001110111100
50-19,11001000011111100
50-20,11000101110111100
50-21,11001101110111100
50-22,11010101110111100
50-23,11011000011111100
50-24,11011101110111100
50-25,11010011110111100
50-26,11000011110111100
50-27,11000100011111100
50-28,11001011110111100
50-29,11000111110111100
50-30,11011011110111100
50-31,11010100011111100
50-32,11010111110111100
50-33,11011111110111100
50-34,11001111110111100
50-35,11001100011111100
50-36,11000000001111100
50-37,11001000001111100
50-38,11010000001111100
50-39,11011100011111100
50-40,11011000001111100
50-41,11010100001111100
50-42,11000100001111100
50-43,11000010011111100
50-44,11001100001111100
50-45,11000010001111100
50-46,11011100001111100
50-47,11010010011111100
50-48,11010010001111100
50-49,11011010001111100
50-50,11001010001111100
50-51,11001010011111100
50-52,11000110001111100
50-53,11001110001111100
50-54,11010110001111100
50-55,11011010011111100
50-56,11011110001111100
50-57,11010001001111100
50-58,11000001001111100
50-59,11000110011111100
50-60,11001001001111100
50-61,11000101001111100
50-62,11011001001111100
50-63,11010110011111100
50-64,11010101001111100
50-65,11011101001111100
50-66,11001101001111100
50-67,11001110011111100
50-68,11000011001111100
50-69,11001011001111100
50-70,11010011001111100
50-71,11011110011111100
50-72,11011011001111100
50-73,11010111001111100
50-74,11000111001111100
50-75,11000001011111100
50-76,11001111001111100
50-77,11000000101111100
50-78,11011111001111100
50-79,11010001011111100
50-80,11010000101111100
50-81,11011000101111100
50-82,11001000101111100
50-83,11001001011111100
50-84,11000100101111100
50-85,11001100101111100
50-86,11010100101111100
50-87,11011001011111100
50-88,11011100101111100
50-89,11010010101111100
50-90,11000010101111100
50-91,11000101011111100
50-92,11001010101111100
50-93,11000110101111100
50-94,11011010101111100
50-95,11010101011111100
50-96,11010110101111100
50-97,11011110101111100
50-98,11001110101111100
50-99,11001101011111100
50-100,11000001101111100
50-101,11001001101111100
50-102,11010001101111100
50-103,11011101011111100
50-104,11011001101111100
50-105,11010101101111100
50-106,11000101101111100
50-107,11000011011111100
50-108,11001101101111100
50-109,11000011101111100
50-110,11011101101111100
50-111,11010011011111100
50-112,11010011101111100
50-113,11011011101111100
50-114,11001011101111100
50-115,11001011011111100
52-0,11000100101000010
52-1,11001100101000010
52-2,11010100101000010
52-3,11011000011000010
52-4,11000001010000010
52-5,11001001010000010
52-6,11010001010000010
52-7,11011100101000010
52-8,11011001010000010
52-9,11010101010000010
52-10,11000101010000010
52-11,11000010101000010
52-12,11001101010000010
52-13,11000011010000010
52-14,11011101010000010
52-15,11010010101000010
52-16,11010011010000010
52-17,11011011010000010
52-18,11001011010000010
52-19,11001010101000010
52-20,11000111010000010
52-21,11001111010000010
52-22,11010111010000010
52-23,11011010101000010
52-24,11011111010000010
52-25,11010000110000010
52-26,11000000110000010
52-27,11000110101000010
52-28,11001000110000010
52-29,11000100110000010
52-30,11011000110000010
52-31,11010110101000010
52-32,11010100110000010
52-33,11011100110000010
52-34,11001100110000010
52-35,11001110101000010
52-36,11000010110000010
52-37,11001010110000010
52-38,11010010110000010
52-39,11011110101000010
52-40,11011010110000010
52-41,11010110110000010
52-42,11000110110000010
52-43,11000001101000010
52-44,11001110110000010
52-45,11000001110000010
52-46,11011110110000010
52-47,11010001101000010
52-48,11010001110000010
52-49,11011001110000010
52-50,11001001110000010
52-51,11001001101000010
52-52,11000101110000010
52-53,11001101110000010
52-54,11010101110000010
52-55,11011001101000010
52-56,11011101110000010
52-57,11010011110000010
52-58,11000011110000010
52-59,11000101101000010
52-60,11001011110000010
52-61,11000111110000010
52-62,11011011110000010
52-63,11010101101000010
52-64,11010111110000010
52-65,11011111110000010
52-66,11001111110000010
52-67,11001101101000010
52-68,11000000001000010
52-69,11001000001000010
52-70,11010000001000010
52-71,11011101101000010
52-72,11011000001000010
52-73,11010100001000010
52-74,11000100001000010
52-75,11000011101000010
52-76,11001100001000010
52-77,11000010001000010
52-78,11011100001000010
52-79,11010011101000010
52-80,11010010001000010
52-81,11011010001000010
52-82,11001010001000010
52-83,11001011101000010
52-84,11000110001000010
52-85,11001110001000010
52-86,11010110001000010
52-87,11011011101000010
52-88,11011110001000010
52-89,11010001001000010
52-90,11000001001000010
52-91,11000111101000010
52-92,11001001001000010
52-93,11000101001000010
52-94,11011001001000010
52-95,11010111101000010
52-96,11010101001000010
52-97,11011101001000010
52-98,11001101001000010
52-99,11001111101000010
52-100,11000011001000010
52-101,11001011001000010
52-102,11010011001000010
52-103,11011111101000010
52-104,11011011001000010
52-105,11010111001000010
52-106,11000111001000010
52-107,11000000011000010
52-108,11001111001000010
52-109,11000000101000010
52-110,11011111001000010
52-111,11010000011000010
52-112,11010000101000010
52-113,11011000101000010
52-114,11001000101000010
52-115,11001000011000010
53-0,11000110001100010
53-1,11001110001100010
53-2,11010110001100010
53-3,11011010101100010
53-4,11000011100100010
53-5,11001011100100010
53-6,11010011100100010
53-7,11011110001100010
53-8,11011011100100010
53-9,11010111100100010
53-10,11000111100100010
53-11,11000001001100010
53-12,11001111100100010
53-13,11000000010100010
53-14,11011111100100010
53-15,11010001001100010
53-16,11010000010100010
53-17,11011000010100010
53-18,11001000010100010
53-19,11001001001100010
53-20,11000100010100010
53-21,11001100010100010
53-22,11010100010100010
53-23,11011001001100010
53-24,11011100010100010
53-25,11010010010100010
53-26,11000010010100010
53-27,11000101001100010
53-28,11001010010100010
53-29,11000110010100010
53-30,11011010010100010
53-31,11010101001100010
53-32,11010110010100010
53-33,11011110010100010
53-34,11001110010100010
53-35,11001101001100010
53-36,11000001010100010
53-37,11001001010100010
53-38,11010001010100010
53-39,11011101001100010
53-40,11011001010100010
53-41,11010101010100010
53-42,11000101010100010
53-43,11000011001100010
53-44,11001101010100010
53-45,11000011010100010
53-46,11011101010100010
53-47,11010011001100010
53-48,11010011010100010
53-49,11011011010100010
53-50,11001011010100010
53-51,11001011001100010
53-52,11000111010100010
53-53,11001111010100010
53-54,11010111010100010
53-55,11011011001100010
53-56,11011111010100010
53-57,11010000110100010
53-58,11000000110100010
53-59,11000111001100010
53-60,11001000110100010
53-61,11000100110100010
53-62,11011000110100010
53-63,11010111001100010
53-64,11010100110100010
53-65,11011100110100010
53-66,11001100110100010
53-67,11001111001100010
53-68,11000010110100010
53-69,11001010110100010
53-70,11010010110100010
53-71,11011111001100010
53-72,11011010110100010
53-73,11010110110100010
53-74,11000110110100010
53-75,11000000101100010
53-76,11001110110100010
53-77,11000001110100010
53-78,11011110110100010
53-79,11010000101100010
53-80,11010001110100010
53-81,11011001110100010
53-82,11001001110100010
53-83,11001000101100010
53-84,11000101110100010
53-85,11001101110100010
53-86,11010101110100010
53-87,11011000101100010
53-88,11011101110100010
53-89,11010011110100010
53-90,11000011110100010
53-91,11000100101100010
53-92,11001011110100010
53-93,11000111110100010
53-94,11011011110100010
53-95,11010100101100010
53-96,11010111110100010
53-97,11011111110100010
53-98,11001111110100010
53-99,11001100101100010
53-100,11000000001100010
53-101,11001000001100010
53-102,11010000001100010
53-103,11011100101100010
53-104,11011000001100010
53-105,11010100001100010
53-106,11000100001100010
53-107,11000010101100010
53-108,11001100001100010
53-109,11000010001100010
53-110,11011100001100010
53-111,11010010101100010
53-112,11010010001100010
53-113,11011010001100010
53-114,11001010001100010
53-115,11001010101100010
54-0,11000011000100010
54-1,11001011000100010
54-2,11010011000100010
54-3,11011101100100010
54-4,11000100011000010
54-5,11001100011000010
54-6,11010100011000010
54-7,11011011000100010
54-8,11011100011000010
54-9,11010010011000010
54-10,11000010011000010
54-11,11000111000100010
54-12,11001010011000010
54-13,11000110011000010
54-14,11011010011000010
54-15,11010111000100010
54-16,11010110011000010
54-17,11011110011000010
54-18,11001110011000010
54-19,11001111000100010
54-20,11000001011000010
54-21,11001001011000010
54-22,11010001011000010
54-23,11011111000100010
54-24,11011001011000010
54-25,11010101011000010
54-26,11000101011000010
54-27,11000000100100010
54-28,11001101011000010
54-29,11000011011000010
54-30,11011101011000010
54-31,11010000100100010
54-32,11010011011000010
54-33,11011011011000010
54-34,11001011011000010
54-35,11001000100100010
54-36,11000111011000010
54-37,11001111011000010
54-38,11010111011000010
54-39,11011000100100010
54-40,11011111011000010
54-41,11010000111000010
54-42,11000000111000010
54-43,11000100100100010
54-44,11001000111000010
54-45,11000100111000010
54-46,11011000111000010
54-47,11010100100100010
54-48,11010100111000010
54-49,11011100111000010
54-50,11001100111000010
54-51,11001100100100010
54-52,11000010111000010
54-53,11001010111000010
54-54,11010010111000010
54-55,11011100100100010
54-56,11011010111000010
54-57,11010110111000010
54-58,11000110111000010
54-59,11000010100100010
54-60,11001110111000010
54-61,11000001111000010
54-62,11011110111000010
54-63,11010010100100010
54-64,11010001111000010
54-65,11011001111000010
54-66,11001001111000010
54-67,11001010100100010
54-68,11000101111000010
54-69,11001101111000010
54-70,11010101111000010
54-71,11011010100100010
54-72,11011101111000010
54-73,11010011111000010
54-74,11000011111000010
54-75,11000110100100010
54-76,11001011111000010
54-77,11000111111000010
54-78,11011011111000010
54-79,11010110100100010
54-80,11010111111000010
54-81,11011111111000010
54-82,11001111111000010
54-83,11001110100100010
54-84,11000000000100010
54-85,11001000000100010
54-86,11010000000100010
54-87,11011110100100010
54-88,11011000000100010
54-89,11010100000100010
54-90,11000100000100010
54-91,11000001100100010
54-92,11001100000100010
54-93,11000010000100010
54-94,11011100000100010
54-95,11010001100100010
54-96,11010010000100010
54-97,11011010000100010
54-98,11001010000100010
54-99,11001001100100010
54-100,11000110000100010
54-101,11001110000100010
54-102,11010110000100010
54-103,11011001100100010
54-104,11011110000100010
54-105,11010001000100010
54-106,11000001000100010
54-107,11000101100100010
54-108,11001001000100010
54-109,11000101000100010
54-110,11011001000100010
54-111,11010101100100010
54-112,11010101000100010
54-113,11011101000100010
54-114,11001101000100010
54-115,11001101100100010
56-0,11000000000010010
56-1,11001000000010010
56-2,11010000000010010
56-3,11011111000010010
56-4,11000110101100010
56-5,11001110101100010
56-6,11010110101100010
56-7,11011000000010010
56-8,11011110101100010
56-9,11010001101100010
56-10,11000001101100010
56-11,11000100000010010
56-12,11001001101100010
56-13,11000101101100010
56-14,11011001101100010
56-15,11010100000010010
56-16,11010101101100010
56-17,11011101101100010
56-18,11001101101100010
56-19,11001100000010010
56-20,11000011101100010
56-21,11001011101100010
56-22,11010011101100010
56-23,11011100000010010
56-24,11011011101100010
56-25,11010111101100010
56-26,11000111101100010
56-27,11000010000010010
56-28,11001111101100010
56-29,11000000011100010
56-30,11011111101100010
56-31,11010010000010010
56-32,11010000011100010
56-33,11011000011100010
56-34,11001000011100010
56-35,11001010000010010
56-36,11000100011100010
56-37,11001100011100010
56-38,11010100011100010
56-39,11011010000010010
56-40,11011100011100010
56-41,11010010011100010
56-42,11000010011100010
56-43,11000110000010010
56-44,11001010011100010
56-45,11000110011100010
56-46,11011010011100010
56-47,11010110000010010
56-48,11010110011100010
56-49,11011110011100010
56-50,11001110011100010
56-51,11001110000010010
56-52,11000001011100010
56-53,11001001011100010
56-54,11010001011100010
56-55,11011110000010010
56-56,11011001011100010
56-57,11010101011100010
56-58,11000101011100010
56-59,11000001000010010
56-60,11001101011100010
56-61,11000011011100010
56-62,11011101011100010
56-63,11010001000010010
56-64,11010011011100010
56-65,11011011011100010
56-66,11001011011100010
56-67,11001001000010010
56-68,11000111011100010
56-69,11001111011100010
56-70,11010111011100010
56-71,11011001000010010
56-72,11011111011100010
56-73,11010000111100010
56-74,11000000111100010
56-75,11000101000010010
56-76,11001000111100010
56-77,11000100111100010
56-78,11011000111100010
56-79,11010101000010010
56-80,11010100111100010
56-81,11011100111100010
56-82,11001100111100010
56-83,11001101000010010
56-84,11000010111100010
56-85,11001010111100010
56-86,11010010111100010
56-87,11011101000010010
56-88,11011010111100010
56-89,11010110111100010
56-90,11000110111100010
56-91,11000011000010010
56-92,11001110111100010
56-93,11000001111100010
56-94,11011110111100010
56-95,11010011000010010
56-96,11010001111100010
56-97,11011001111100010
56-98,11001001111100010
56-99,11001011000010010
56-100,11000101111100010
56-101,11001101111100010
56-102,11010101111100010
56-103,11011011000010010
56-104,11011101111100010
56-105,11010011111100010
56-106,11000011111100010
56-107,11000111000010010
56-108,11001011111100010
56-109,11000111111100010
56-110,11011011111100010
56-111,11010111000010010
56-112,11010111111100010
56-113,11011111111100010
56-114,11001111111100010
56-115,11001111000010010
57-0,11000010111010010
57-1,11001010111010010
57-2,11010010111010010
57-3,11011100000110010
57-4,11000101001010010
57-5,11001101001010010
57-6,11010101001010010
57-7,11011010111010010
57-8,11011101001010010
57-9,11010011001010010
57-10,11000011001010010
57-11,11000110111010010
57-12,11001011001010010
57-13,11000111001010010
57-14,11011011001010010
57-15,11010110111010010
57-16,11010111001010010
57-17,11011111001010010
57-18,11001111001010010
57-19,11001110111010010
57-20,11000000101010010
57-21,11001000101010010
57-22,11010000101010010
57-23,11011110111010010
57-24,11011000101010010
57-25,11010100101010010
57-26,11000100101010010
57-27,11000001111010010
57-28,11001100101010010
57-29,11000010101010010
57-30,11011100101010010
57-31,11010001111010010
57-32,11010010101010010
57-33,11011010101010010
57-34,11001010101010010
57-35,11001001111010010
57-36,11000110101010010
57-37,11001110101010010
57-38,11010110101010010
57-39,11011001111010010
57-40,11011110101010010
57-41,11010001101010010
57-42,11000001101010010
57-43,11000101111010010
57-44,11001001101010010
57-45,11000101101010010
57-46,11011001101010010
57-47,11010101111010010
57-48,11010101101010010
57-49,11011101101010010
57-50,11001101101010010
57-51,11001101111010010
57-52,11000011101010010
57-53,11001011101010010
57-54,11010011101010010
57-55,11011101111010010
57-56,11011011101010010
57-57,11010111101010010
57-58,11000111101010010
57-59,11000011111010010
57-60,11001111101010010
57-61,11000000011010010
57-62,11011111101010010
57-63,11010011111010010
57-64,11010000011010010
57-65,11011000011010010
57-66,11001000011010010
57-67,11001011111010010
57-68,11000100011010010
57-69,11001100011010010
57-70,11010100011010010
57-71,11011011111010010
57-72,11011100011010010
57-73,11010010011010010
57-74,11000010011010010
57-75,11000111111010010
57-76,11001010011010010
57-77,11000110011010010
57-78,11011010011010010
57-79,11010111111010010
57-80,11010110011010010
57-81,11011110011010010
57-82,11001110011010010
57-83,11001111111010010
57-84,11000001011010010
57-85,11001001011010010
57-86,11010001011010010
57-87,11011111111010010
57-88,11011001011010010
57-89,11010101011010010
57-90,11000101011010010
57-91,11000000000110010
57-92,11001101011010010
57-93,11000011011010010
57-94,11011101011010010
57-95,11010000000110010
57-96,11010011011010010
57-97,11011011011010010
57-98,11001011011010010
57-99,11001000000110010
57-100,11000111011010010
57-101,11001111011010010
57-102,11010111011010010
57-103,11011000000110010
57-104,11011111011010010
57-105,11010000111010010
57-106,11000000111010010
57-107,11000100000110010
57-108,11001000111010010
57-109,11000100111010010
57-110,11011000111010010
57-111,11010100000110010
57-112,11010100111010010
57-113,11011100111010010
57-114,11001100111010010
57-115,11001100000110010
58-0,11000101110010010
58-1,11001101110010010
58-2,11010101110010010
58-3,11011001001010010
58-4,11000000100010010
58-5,11001000100010010
58-6,11010000100010010
58-7,11011101110010010
58-8,11011000100010010
58-9,11010100100010010
58-10,11000100100010010
58-11,11000011110010010
58-12,11001100100010010
58-13,11000010100010010
58-14,11011100100010010
58-15,11010011110010010
58-16,11010010100010010
58-17,11011010100010010
58-18,11001010100010010
58-19,11001011110010010
58-20,11000110100010010
58-21,11001110100010010
58-22,11010110100010010
58-23,11011011110010010
58-24,11011110100010010
58-25,11010001100010010
58-26,11000001100010010
58-27,11000111110010010
58-28,11001001100010010
58-29,11000101100010010
58-30,11011001100010010
58-31,11010111110010010
58-32,11010101100010010
58-33,11011101100010010
58-34,11001101100010010
58-35,11001111110010010
58-36,11000011100010010
58-37,11001011100010010
58-38,11010011100010010
58-39,11011111110010010
58-40,11011011100010010
58-41,11010111100010010
58-42,11000111100010010
58-43,11000000001010010
58-44,11001111100010010
58-45,11000000010010010
58-46,11011111100010010
58-47,11010000001010010
58-48,11010000010010010
58-49,11011000010010010
58-50,11001000010010010
58-51,11001000001010010
58-52,11000100010010010
58-53,11001100010010010
58-54,11010100010010010
58-55,11011000001010010
58-56,11011100010010010
58-57,11010010010010010
58-58,11000010010010010
58-59,11000100001010010
58-60,11001010010010010
58-61,11000110010010010
58-62,11011010010010010
58-63,11010100001010010
58-64,11010110010010010
58-65,11011110010010010
58-66,11001110010010010
58-67,11001100001010010
58-68,11000001010010010
58-69,11001001010010010
58-70,11010001010010010
58-71,11011100001010010
58-72,11011001010010010
58-73,11010101010010010
58-74,11000101010010010
58-75,11000010001010010
58-76,11001101010010010
58-77,11000011010010010
58-78,11011101010010010
58-79,11010010001010010
58-80,11010011010010010
58-81,11011011010010010
58-82,11001011010010010
58-83,11001010001010010
58-84,11000111010010010
58-85,11001111010010010
58-86,11010111010010010
58-87,11011010001010010
58-88,11011111010010010
58-89,11010000110010010
58-90,11000000110010010
58-91,11000110001010010
58-92,11001000110010010
58-93,11000100110010010
58-94,11011000110010010
58-95,11010110001010010
58-96,11010100110010010
58-97,11011100110010010
58-98,11001100110010010
58-99,11001110001010010
58-100,11000010110010010
58-101,11001010110010010
58-102,11010010110010010
58-103,11011110001010010
58-104,11011010110010010
58-105,11010110110010010
58-106,11000110110010010
58-107,11000001001010010
58-108,11001110110010010
58-109,11000001110010010
58-110,11011110110010010
58-111,11010001001010010
58-112,11010001110010010
58-113,11011001110010010
58-114,11001001110010010
58-115,11001001001010010
60-0,11000111010110010
60-1,11001111010110010
60-2,11010111010110010
60-3,11011011110110010
60-4,11000010000110010
60-5,11001010000110010
60-6,11010010000110010
60-7,11011111010110010
60-8,11011010000110010
60-9,11010110000110010
60-10,11000110000110010
60-11,11000000110110010
60-12,11001110000110010
60-13,11000001000110010
60-14,11011110000110010
60-15,11010000110110010
60-16,11010001000110010
60-17,11011001000110010
60-18,11001001000110010
60-19,11001000110110010
60-20,11000101000110010
60-21,11001101000110010
60-22,11010101000110010
60-23,11011000110110010
60-24,11011101000110010
60-25,11010011000110010
60-26,11000011000110010
60-27,11000100110110010
60-28,11001011000110010
60-29,11000111000110010
60-30,11011011000110010
60-31,11010100110110010
60-32,11010111000110010
60-33,11011111000110010
60-34,11001111000110010
60-35,11001100110110010
60-36,11000000100110010
60-37,11001000100110010
60-38,11010000100110010
60-39,11011100110110010
60-40,11011000100110010
60-41,11010100100110010
60-42,11000100100110010
60-43,11000010110110010
60-44,11001100100110010
60-45,11000010100110010
60-46,11011100100110010
60-47,11010010110110010
60-48,11010010100110010
60-49,11011010100110010
60-50,11001010100110010
60-51,11001010110110010
60-52,11000110100110010
60-53,11001110100110010
60-54,11010110100110010
60-55,11011010110110010
60-56,11011110100110010
60-57,11010001100110010
60-58,11000001100110010
60-59,11000110110110010
60-60,11001001100110010
60-61,11000101100110010
60-62,11011001100110010
60-63,11010110110110010
60-64,11010101100110010
60-65,11011101100110010
60-66,11001101100110010
60-67,11001110110110010
60-68,11000011100110010
60-69,11001011100110010
60-70,11010011100110010
60-71,11011110110110010
60-72,11011011100110010
60-73,11010111100110010
60-74,11000111100110010
60-75,11000001110110010
60-76,11001111100110010
60-77,11000000010110010
60-78,11011111100110010
60-79,11010001110110010
60-80,11010000010110010
60-81,11011000010110010
60-82,11001000010110010
60-83,11001001110110010
60-84,11000100010110010
60-85,11001100010110010
60-86,11010100010110010
60-87,11011001110110010
60-88,11011100010110010
60-89,11010010010110010
60-90,11000010010110010
60-91,11000101110110010
60-92,11001010010110010
60-93,11000110010110010
60-94,11011010010110010
60-95,11010101110110010
60-96,11010110010110010
60-97,11011110010110010
60-98,11001110010110010
60-99,11001101110110010
60-100,11000001010110010
60-101,11001001010110010
60-102,11010001010110010
60-103,11011101110110010
60-104,11011001010110010
60-105,11010101010110010
60-106,11000101010110010
60-107,11000011110110010
60-108,11001101010110010
60-109,11000011010110010
60-110,11011101010110010
60-111,11010011110110010
60-112,11010011010110010
60-113,11011011010110010
60-114,11001011010110010
60-115,11001011110110010
61-0,11000100010001010
61-1,11001100010001010
61-2,11010100010001010
61-3,11011000110001010
61-4,11000001111110010
61-5,11001001111110010
61-6,11010001111110010
61-7,11011100010001010
61-8,11011001111110010
61-9,11010101111110010
61-10,11000101111110010
61-11,11000010010001010
61-12,11001101111110010
61-13,11000011111110010
61-14,11011101111110010
61-15,11010010010001010
61-16,11010011111110010
61-17,11011011111110010
61-18,11001011111110010
61-19,11001010010001010
61-20,11000111111110010
61-21,11001111111110010
61-22,11010111111110010
61-23,11011010010001010
61-24,11011111111110010
61-25,11010000000001010
61-26,11000000000001010
61-27,11000110010001010
61-28,11001000000001010
61-29,11000100000001010
61-30,11011000000001010
61-31,11010110010001010
61-32,11010100000001010
61-33,11011100000001010
61-34,11001100000001010
61-35,11001110010001010
61-36,11000010000001010
61-37,11001010000001010
61-38,11010010000001010
61-39,11011110010001010
61-40,11011010000001010
61-41,11010110000001010
61-42,11000110000001010
61-43,11000001010001010
61-44,11001110000001010
61-45,11000001000001010
61-46,11011110000001010
61-47,11010001010001010
61-48,11010001000001010
61-49,11011001000001010
61-50,11001001000001010
61-51,11001001010001010
61-52,11000101000001010
61-53,11001101000001010
61-54,11010101000001010
61-55,11011001010001010
61-56,11011101000001010
61-57,11010011000001010
61-58,11000011000001010
61-59,11000101010001010
61-60,11001011000001010
61-61,11000111000001010
61-62,11011011000001010
61-63,11010101010001010
61-64,11010111000001010
61-65,11011111000001010
61-66,11001111000001010
61-67,11001101010001010
61-68,11000000100001010
61-69,11001000100001010
61-70,11010000100001010
61-71,11011101010001010
61-72,11011000100001010
61-73,11010100100001010
61-74,11000100100001010
61-75,11000011010001010
61-76,11001100100001010
61-77,11000010100001010
61-78,11011100100001010
61-79,11010011010001010
61-80,11010010100001010
61-81,11011010100001010
61-82,11001010100001010
61-83,11001011010001010
61-84,11000110100001010
61-85,11001110100001010
61-86,11010110100001010
61-87,11011011010001010
61-88,11011110100001010
61-89,11010001100001010
61-90,11000001100001010
61-91,11000111010001010
61-92,11001001100001010
61-93,11000101100001010
61-94,11011001100001010
61-95,11010111010001010
61-96,11010101100001010
61-97,11011101100001010
61-98,11001101100001010
61-99,11001111010001010
61-100,11000011100001010
61-101,11001011100001010
61-102,11010011100001010
61-103,11011111010001010
61-104,11011011100001010
61-105,11010111100001010
61-106,11000111100001010
61-107,11000000110001010
61-108,11001111100001010
61-109,11000000010001010
61-110,11011111100001010
61-111,11010000110001010
61-112,11010000010001010
61-113,11011000010001010
61-114,11001000010001010
61-115,11001000110001010
62-0,11000001011110010
62-1,11001001011110010
62-2,11010001011110010
62-3,11011110111110010
62-4,11000111110110010
62-5,11001111110110010
62-6,11010111110110010
62-7,11011001011110010
62-8,11011111110110010
62-9,11010000001110010
62-10,11000000001110010
62-11,11000101011110010
62-12,11001000001110010
62-13,11000100001110010
62-14,11011000001110010
62-15,11010101011110010
62-16,11010100001110010
62-17,11011100001110010
62-18,11001100001110010
62-19,11001101011110010
62-20,11000010001110010
62-21,11001010001110010
62-22,11010010001110010
62-23,11011101011110010
62-24,11011010001110010
62-25,11010110001110010
62-26,11000110001110010
62-27,11000011011110010
62-28,11001110001110010
62-29,11000001001110010
62-30,11011110001110010
62-31,11010011011110010
62-32,11010001001110010
62-33,11011001001110010
62-34,11001001001110010
62-35,11001011011110010
62-36,11000101001110010
62-37,11001101001110010
62-38,11010101001110010
62-39,11011011011110010
62-40,11011101001110010
62-41,11010011001110010
62-42,11000011001110010
62-43,11000111011110010
62-44,11001011001110010
62-45,11000111001110010
62-46,11011011001110010
62-47,11010111011110010
62-48,11010111001110010
62-49,11011111001110010
62-50,11001111001110010
62-51,11001111011110010
62-52,11000000101110010
62-53,11001000101110010
62-54,11010000101110010
62-55,11011111011110010
62-56,11011000101110010
62-57,11010100101110010
62-58,11000100101110010
62-59,11000000111110010
62-60,11001100101110010
62-61,11000010101110010
62-62,11011100101110010
62-63,11010000111110010
62-64,11010010101110010
62-65,11011010101110010
62-66,11001010101110010
62-67,11001000111110010
62-68,11000110101110010
62-69,11001110101110010
62-70,11010110101110010
62-71,11011000111110010
62-72,11011110101110010
62-73,11010001101110010
62-74,11000001101110010
62-75,11000100111110010
62-76,11001001101110010
62-77,11000101101110010
62-78,11011001101110010
62-79,11010100111110010
62-80,11010101101110010
62-81,11011101101110010
62-82,11001101101110010
62-83,11001100111110010
62-84,11000011101110010
62-85,11001011101110010
62-86,11010011101110010
62-87,11011100111110010
62-88,11011011101110010
62-89,11010111101110010
62-90,11000111101110010
62-91,11000010111110010
62-92,11001111101110010
62-93,11000000011110010
62-94,11011111101110010
62-95,11010010111110010
62-96,11010000011110010
62-97,11011000011110010
62-98,11001000011110010
62-99,11001010111110010
62-100,11000100011110010
62-101,11001100011110010
62-102,11010100011110010
62-103,11011010111110010
62-104,11011100011110010
62-105,11010010011110010
62-106,11000010011110010
62-107,11000110111110010
62-108,11001010011110010
62-109,11000110011110010
62-110,11011010011110010
62-111,11010110111110010
62-112,11010110011110010
62-113,11011110011110010
62-114,11001110011110010
62-115,11001110111110010
64-0,11000011101001010
64-1,11001011101001010
64-2,11010011101001010
64-3,11011101011001010
64-4,11000100110001010
64-5,11001100110001010
64-6,11010100110001010
64-7,11011011101001010
64-8,11011100110001010
64-9,11010010110001010
64-10,11000010110001010
64-11,11000111101001010
64-12,11001010110001010
64-13,11000110110001010
64-14,11011010110001010
64-15,11010111101001010
64-16,11010110110001010
64-17,11011110110001010
64-18,11001110110001010
64-19,11001111101001010
64-20,11000001110001010
64-21,11001001110001010
64-22,11010001110001010
64-23,11011111101001010
64-24,11011001110001010
64-25,11010101110001010
64-26,11000101110001010
64-27,11000000011001010
64-28,11001101110001010
64-29,11000011110001010
64-30,11011101110001010
64-31,11010000011001010
64-32,11010011110001010
64-33,11011011110001010
64-34,11001011110001010
64-35,11001000011001010
64-36,11000111110001010
64-37,11001111110001010
64-38,11010111110001010
64-39,11011000011001010
64-40,11011111110001010
64-41,11010000001001010
64-42,11000000001001010
64-43,11000100011001010
64-44,11001000001001010
64-45,11000100001001010
64-46,11011000001001010
64-47,11010100011001010
64-48,11010100001001010
64-49,11011100001001010
64-50,11001100001001010
64-51,11001100011001010
64-52,11000010001001010
64-53,11001010001001010
64-54,11010010001001010
64-55,11011100011001010
64-56,11011010001001010
64-57,11010110001001010
64-58,11000110001001010
64-59,11000010011001010
64-60,11001110001001010
64-61,11000001001001010
64-62,11011110001001010
64-63,11010010011001010
64-64,11010001001001010
64-65,11011001001001010
64-66,11001001001001010
64-67,11001010011001010
64-68,11000101001001010
64-69,11001101001001010
64-70,11010101001001010
64-71,11011010011001010
64-72,11011101001001010
64-73,11010011001001010
64-74,11000011001001010
64-75,11000110011001010
64-76,11001011001001010
64-77,11000111001001010
64-78,11011011001001010
64-79,11010110011001010
64-80,11010111001001010
64-81,11011111001001010
64-82,11001111001001010
64-83,11001110011001010
64-84,11000000101001010
64-85,11001000101001010
64-86,11010000101001010
64-87,11011110011001010
64-88,11011000101001010
64-89,11010100101001010
64-90,11000100101001010
64-91,11000001011001010
64-92,11001100101001010
64-93,11000010101001010
64-94,11011100101001010
64-95,11010001011001010
64-96,11010010101001010
64-97,11011010101001010
64-98,11001010101001010
64-99,11001001011001010
64-100,11000110101001010
64-101,11001110101001010
64-102,11010110101001010
64-103,11011001011001010
64-104,11011110101001010
64-105,11010001101001010
64-106,11000001101001010
64-107,11000101011001010
64-108,11001001101001010
64-109,11000101101001010
64-110,11011001101001010
64-111,11010101011001010
64-112,11010101101001010
64-113,11011101101001010
64-114,11001101101001010
64-115,11001101011001010
65-0,11000000101101010
65-1,11001000101101010
65-2,11010000101101010
65-3,11011111101101010
65-4,11000110010101010
65-5,11001110010101010
65-6,11010110010101010
65-7,11011000101101010
65-8,11011110010101010
65-9,11010001010101010
65-10,11000001010101010
65-11,11000100101101010
65-12,11001001010101010
65-13,11000101010101010
65-14,11011001010101010
65-15,11010100101101010
65-16,11010101010101010
65-17,11011101010101010
65-18,11001101010101010
65-19,11001100101101010
65-20,11000011010101010
65-21,11001011010101010
65-22,11010011010101010
65-23,11011100101101010
65-24,11011011010101010
65-25,11010111010101010
65-26,11000111010101010
65-27,11000010101101010
65-28,11001111010101010
65-29,11000000110101010
65-30,11011111010101010
65-31,11010010101101010
65-32,11010000110101010
65-33,11011000110101010
65-34,11001000110101010
65-35,11001010101101010
65-36,11000100110101010
65-37,11001100110101010
65-38,11010100110101010
65-39,11011010101101010
65-40,11011100110101010
65-41,11010010110101010
65-42,11000010110101010
65-43,11000110101101010
65-44,11001010110101010
65-45,11000110110101010
65-46,11011010110101010
65-47,11010110101101010
65-48,11010110110101010
65-49,11011110110101010
65-50,11001110110101010
65-51,11001110101101010
65-52,11000001110101010
65-53,11001001110101010
65-54,11010001110101010
65-55,11011110101101010
65-56,11011001110101010
65-57,11010101110101010
65-58,11000101110101010
65-59,11000001101101010
65-60,11001101110101010
65-61,11000011110101010
65-62,11011101110101010
65-63,11010001101101010
65-64,11010011110101010
65-65,11011011110101010
65-66,11001011110101010
65-67,11001001101101010
65-68,11000111110101010
65-69,11001111110101010
65-70,11010111110101010
65-71,11011001101101010
65-72,11011111110101010
65-73,11010000001101010
65-74,11000000001101010
65-75,11000101101101010
65-76,11001000001101010
65-77,11000100001101010
65-78,11011000001101010
65-79,11010101101101010
65-80,11010100001101010
65-81,11011100001101010
65-82,11001100001101010
65-83,11001101101101010
65-84,11000010001101010
65-85,11001010001101010
65-86,11010010001101010
65-87,11011101101101010
65-88,11011010001101010
65-89,11010110001101010
65-90,11000110001101010
65-91,11000011101101010
65-92,11001110001101010
65-93,11000001001101010
65-94,11011110001101010
65-95,11010011101101010
65-96,11010001001101010
65-97,11011001001101010
65-98,11001001001101010
65-99,11001011101101010
65-100,11000101001101010
65-101,11001101001101010
65-102,11010101001101010
65-103,11011011101101010
65-104,11011101001101010
65-105,11010011001101010
65-106,11000011001101010
65-107,11000111101101010
65-108,11001011001101010
65-109,11000111001101010
65-110,11011011001101010
65-111,11010111101101010
65-112,11010111001101010
65-113,11011111001101010
65-114,11001111001101010
65-115,11001111101101010
66-0,11000110100101010
66-1,11001110100101010
66-2,11010110100101010
66-3,11011010010101010
66-4,11000011011001010
66-5,11001011011001010
66-6,11010011011001010
66-7,11011110100101010
66-8,11011011011001010
66-9,11010111011001010
66-10,11000111011001010
66-11,11000001100101010
66-12,11001111011001010
66-13,11000000111001010
66-14,11011111011001010
66-15,11010001100101010
66-16,11010000111001010
66-17,11011000111001010
66-18,11001000111001010
66-19,11001001100101010
66-20,11000100111001010
66-21,11001100111001010
66-22,11010100111001010
66-23,11011001100101010
66-24,11011100111001010
66-25,11010010111001010
66-26,11000010111001010
66-27,11000101100101010
66-28,11001010111001010
66-29,11000110111001010
66-30,11011010111001010
66-31,11010101100101010
66-32,11010110111001010
66-33,11011110111001010
66-34,11001110111001010
66-35,11001101100101010
66-36,11000001111001010
66-37,11001001111001010
66-38,11010001111001010
66-39,11011101100101010
66-40,11011001111001010
66-41,11010101111001010
66-42,11000101111001010
66-43,11000011100101010
66-44,11001101111001010
66-45,11000011111001010
66-46,11011101111001010
66-47,11010011100101010
66-48,11010011111001010
66-49,11011011111001010
66-50,11001011111001010
66-51,11001011100101010
66-52,11000111111001010
66-53,11001111111001010
66-54,11010111111001010
66-55,11011011100101010
66-56,11011111111001010
66-57,11010000000101010
66-58,11000000000101010
66-59,11000111100101010
66-60,11001000000101010
66-61,11000100000101010
66-62,11011000000101010
66-63,11010111100101010
66-64,11010100000101010
66-65,11011100000101010
66-66,11001100000101010
66-67,11001111100101010
66-68,11000010000101010
66-69,11001010000101010
66-70,11010010000101010
66-71,11011111100101010
66-72,11011010000101010
66-73,11010110000101010
66-74,11000110000101010
66-75,11000000010101010
66-76,11001110000101010
66-77,11000001000101010
66-78,11011110000101010
66-79,11010000010101010
66-80,11010001000101010
66-81,11011001000101010
66-82,11001001000101010
66-83,11001000010101010
66-84,11000101000101010
66-85,11001101000101010
66-86,11010101000101010
66-87,11011000010101010
66-88,11011101000101010
66-89,11010011000101010
66-90,11000011000101010
66-91,11000100010101010
66-92,11001011000101010
66-93,11000111000101010
66-94,11011011000101010
66-95,11010100010101010
66-96,11010111000101010
66-97,11011111000101010
66-98,11001111000101010
66-99,11001100010101010
66-100,11000000100101010
66-101,11001000100101010
66-102,11010000100101010
66-103,11011100010101010
66-104,11011000100101010
66-105,11010100100101010
66-106,11000100100101010
66-107,11000010010101010
66-108,11001100100101010
66-109,11000010100101010
66-110,11011100100101010
66-111,11010010010101010
66-112,11010010100101010
66-113,11011010100101010
66-114,11001010100101010
66-115,11001010010101010
68-0,11000101000011010
68-1,11001101000011010
68-2,11010101000011010
68-3,11011001100011010
68-4,11000000011101010
68-5,11001000011101010
68-6,11010000011101010
68-7,11011101000011010
68-8,11011000011101010
68-9,11010100011101010
68-10,11000100011101010
68-11,11000011000011010
68-12,11001100011101010
68-13,11000010011101010
68-14,11011100011101010
68-15,11010011000011010
68-16,11010010011101010
68-17,11011010011101010
68-18,11001010011101010
68-19,11001011000011010
68-20,11000110011101010
68-21,11001110011101010
68-22,11010110011101010
68-23,11011011000011010
68-24,11011110011101010
68-25,11010001011101010
68-26,11000001011101010
68-27,11000111000011010
68-28,11001001011101010
68-29,11000101011101010
68-30,11011001011101010
68-31,11010111000011010
68-32,11010101011101010
68-33,11011101011101010
68-34,11001101011101010
68-35,11001111000011010
68-36,11000011011101010
68-37,11001011011101010
68-38,11010011011101010
68-39,11011111000011010
68-40,11011011011101010
68-41,11010111011101010
68-42,11000111011101010
68-43,11000000100011010
68-44,11001111011101010
68-45,11000000111101010
68-46,11011111011101010
68-47,11010000100011010
68-48,11010000111101010
68-49,11011000111101010
68-50,11001000111101010
68-51,11001000100011010
68-52,11000100111101010
68-53,11001100111101010
68-54,11010100111101010
68-55,11011000100011010
68-56,11011100111101010
68-57,11010010111101010
68-58,11000010111101010
68-59,11000100100011010
68-60,11001010111101010
68-61,11000110111101010
68-62,11011010111101010
68-63,11010100100011010
68-64,11010110111101010
68-65,11011110111101010
68-66,11001110111101010
68-67,11001100100011010
68-68,11000001111101010
68-69,11001001111101010
68-70,11010001111101010
68-71,11011100100011010
68-72,11011001111101010
68-73,11010101111101010
68-74,11000101111101010
68-75,11000010100011010
68-76,11001101111101010
68-77,11000011111101010
68-78,11011101111101010
68-79,11010010100011010
68-80,11010011111101010
68-81,11011011111101010
68-82,11001011111101010
68-83,11001010100011010
68-84,11000111111101010
68-85,11001111111101010
68-86,11010111111101010
68-87,11011010100011010
68-88,11011111111101010
68-89,11010000000011010
68-90,11000000000011010
68-91,11000110100011010
68-92,11001000000011010
68-93,11000100000011010
68-94,11011000000011010
68-95,11010110100011010
68-96,11010100000011010
68-97,11011100000011010
68-98,11001100000011010
68-99,11001110100011010
68-100,11000010000011010
68-101,11001010000011010
68-102,11010010000011010
68-103,11011110100011010
68-104,11011010000011010
68-105,11010110000011010
68-106,11000110000011010
68-107,11000001100011010
68-108,11001110000011010
68-109,11000001000011010
68-110,11011110000011010
68-111,11010001100011010
68-112,11010001000011010
68-113,11011001000011010
68-114,11001001000011010
68-115,11001001100011010
69-0,11000111111011010
69-1,11001111111011010
69-2,11010111111011010
69-3,11011011000111010
69-4,11000010101011010
69-5,11001010101011010
69-6,11010010101011010
69-7,11011111111011010
69-8,11011010101011010
69-9,11010110101011010
69-10,11000110101011010
69-11,11000000000111010
69-12,11001110101011010
69-13,11000001101011010
69-14,11011110101011010
69-15,11010000000111010
69-16,11010001101011010
69-17,11011001101011010
69-18,11001001101011010
69-19,11001000000111010
69-20,11000101101011010
69-21,11001101101011010
69-22,11010101101011010
69-23,11011000000111010
69-24,11011101101011010
69-25,11010011101011010
69-26,11000011101011010
69-27,11000100000111010
69-28,11001011101011010
69-29,11000111101011010
69-30,11011011101011010
69-31,11010100000111010
69-32,11010111101011010
69-33,11011111101011010
69-34,11001111101011010
69-35,11001100000111010
69-36,11000000011011010
69-37,11001000011011010
69-38,11010000011011010
69-39,11011100000111010
69-40,11011000011011010
69-41,11010100011011010
69-42,11000100011011010
69-43,11000010000111010
69-44,11001100011011010
69-45,11000010011011010
69-46,11011100011011010
69-47,11010010000111010
69-48,11010010011011010
69-49,11011010011011010
69-50,11001010011011010
69-51,11001010000111010
69-52,11000110011011010
69-53,11001110011011010
69-54,11010110011011010
69-55,11011010000111010
69-56,11011110011011010
69-57,11010001011011010
69-58,11000001011011010
69-59,11000110000111010
69-60,11001001011011010
69-61,11000101011011010
69-62,11011001011011010
69-63,11010110000111010
69-64,11010101011011010
69-65,11011101011011010
69-66,11001101011011010
69-67,11001110000111010
69-68,11000011011011010
69-69,11001011011011010
69-70,11010011011011010
69-71,11011110000111010
69-72,11011011011011010
69-73,11010111011011010
69-74,11000111011011010
69-75,11000001000111010
69-76,11001111011011010
69-77,11000000111011010
69-78,11011111011011010
69-79,11010001000111010
69-80,11010000111011010
69-81,11011000111011010
69-82,11001000111011010
69-83,11001001000111010
69-84,11000100111011010
69-85,11001100111011010
69-86,11010100111011010
69-87,11011001000111010
69-88,11011100111011010
69-89,11010010111011010
69-90,11000010111011010
69-91,11000101000111010
69-92,11001010111011010
69-93,11000110111011010
69-94,11011010111011010
69-95,11010101000111010
69-96,11010110111011010
69-97,11011110111011010
69-98,11001110111011010
69-99,11001101000111010
69-100,11000001111011010
69-101,11001001111011010
69-102,11010001111011010
69-103,11011101000111010
69-104,11011001111011010
69-105,11010101111011010
69-106,11000101111011010
69-107,11000011000111010
69-108,11001101111011010
69-109,11000011111011010
69-110,11011101111011010
69-111,11010011000111010
69-112,11010011111011010
69-113,11011011111011010
69-114,11001011111011010
69-115,11001011000111010
70-0,11000010001011010
70-1,11001010001011010
70-2,11010010001011010
70-3,11011100101011010
70-4,11000101100011010
70-5,11001101100011010
70-6,11010101100011010
70-7,11011010001011010
70-8,11011101100011010
70-9,11010011100011010
70-10,11000011100011010
70-11,11000110001011010
70-12,11001011100011010
70-13,11000111100011010
70-14,11011011100011010
70-15,11010110001011010
70-16,11010111100011010
70-17,11011111100011010
70-18,11001111100011010
70-19,11001110001011010
70-20,11000000010011010
70-21,11001000010011010
70-22,11010000010011010
70-23,11011110001011010
70-24,11011000010011010
70-25,11010100010011010
70-26,11000100010011010
70-27,11000001001011010
70-28,11001100010011010
70-29,11000010010011010
70-30,11011100010011010
70-31,11010001001011010
70-32,11010010010011010
70-33,11011010010011010
70-34,11001010010011010
70-35,11001001001011010
70-36,11000110010011010
70-37,11001110010011010
70-38,11010110010011010
70-39,11011001001011010
70-40,11011110010011010
70-41,11010001010011010
70-42,11000001010011010
70-43,11000101001011010
70-44,11001001010011010
70-45,11000101010011010
70-46,11011001010011010
70-47,11010101001011010
70-48,11010101010011010
70-49,11011101010011010
70-50,11001101010011010
70-51,11001101001011010
70-52,11000011010011010
70-53,11001011010011010
70-54,11010011010011010
70-55,11011101001011010
70-56,11011011010011010
70-57,11010111010011010
70-58,11000111010011010
70-59,11000011001011010
70-60,11001111010011010
70-61,11000000110011010
70-62,11011111010011010
70-63,11010011001011010
70-64,11010000110011010
70-65,11011000110011010
70-66,11001000110011010
70-67,11001011001011010
70-68,11000100110011010
70-69,11001100110011010
70-70,11010100110011010
70-71,11011011001011010
70-72,11011100110011010
70-73,11010010110011010
70-74,11000010110011010
70-75,11000111001011010
70-76,11001010110011010
70-77,11000110110011010
70-78,11011010110011010
70-79,11010111001011010
70-80,11010110110011010
70-81,11011110110011010
70-82,11001110110011010
70-83,11001111001011010
70-84,11000001110011010
70-85,11001001110011010
70-86,11010001110011010
70-87,11011111001011010
70-88,11011001110011010
70-89,11010101110011010
70-90,11000101110011010
70-91,11000000101011010
70-92,11001101110011010
70-93,11000011110011010
70-94,11011101110011010
70-95,11010000101011010
70-96,11010011110011010
70-97,11011011110011010
70-98,11001011110011010
70-99,11001000101011010
70-100,11000111110011010
70-101,11001111110011010
70-102,11010111110011010
70-103,11011000101011010
70-104,11011111110011010
70-105,11010000001011010
70-106,11000000001011010
70-107,11000100101011010
70-108,11001000001011010
70-109,11000100001011010
70-110,11011000001011010
70-111,11010100101011010
70-112,11010100001011010
70-113,11011100001011010
70-114,11001100001011010
70-115,11001100101011010
72-0,11000001110111010
72-1,11001001110111010
72-2,11010001110111010
72-3,11011110001111010
72-4,11000111000111010
72-5,11001111000111010
72-6,11010111000111010
72-7,11011001110111010
72-8,11011111000111010
72-9,11010000100111010
72-10,11000000100111010
72-11,11000101110111010
72-12,11001000100111010
72-13,11000100100111010
72-14,11011000100111010
72-15,11010101110111010
72-16,11010100100111010
72-17,11011100100111010
72-18,11001100100111010
72-19,11001101110111010
72-20,11000010100111010
72-21,11001010100111010
72-22,11010010100111010
72-23,11011101110111010
72-24,11011010100111010
72-25,11010110100111010
72-26,11000110100111010
72-27,11000011110111010
72-28,11001110100111010
72-29,11000001100111010
72-30,11011110100111010
72-31,11010011110111010
72-32,11010001100111010
72-33,11011001100111010
72-34,11001001100111010
72-35,11001011110111010
72-36,11000101100111010
72-37,11001101100111010
72-38,11010101100111010
72-39,11011011110111010
72-40,11011101100111010
72-41,11010011100111010
72-42,11000011100111010
72-43,11000111110111010
72-44,11001011100111010
72-45,11000111100111010
72-46,11011011100111010
72-47,11010111110111010
72-48,11010111100111010
72-49,11011111100111010
72-50,11001111100111010
72-51,11001111110111010
72-52,11000000010111010
72-53,11001000010111010
72-54,11010000010111010
72-55,11011111110111010
72-56,11011000010111010
72-57,11010100010111010
72-58,11000100010111010
72-59,11000000001111010
72-60,11001100010111010
72-61,11000010010111010
72-62,11011100010111010
72-63,11010000001111010
72-64,11010010010111010
72-65,11011010010111010
72-66,11001010010111010
72-67,11001000001111010
72-68,11000110010111010
72-69,11001110010111010
72-70,11010110010111010
72-71,11011000001111010
72-72,11011110010111010
72-73,11010001010111010
72-74,11000001010111010
72-75,11000100001111010
72-76,11001001010111010
72-77,11000101010111010
72-78,11011001010111010
72-79,11010100001111010
72-80,11010101010111010
72-81,11011101010111010
72-82,11001101010111010
72-83,11001100001111010
72-84,11000011010111010
72-85,11001011010111010
72-86,11010011010111010
72-87,11011100001111010
72-88,11011011010111010
72-89,11010111010111010
72-90,11000111010111010
72-91,11000010001111010
72-92,11001111010111010
72-93,11000000110111010
72-94,11011111010111010
72-95,11010010001111010
72-96,11010000110111010
72-97,11011000110111010
72-98,11001000110111010
72-99,11001010001111010
72-100,11000100110111010
72-101,11001100110111010
72-102,11010100110111010
72-103,11011010001111010
72-104,11011100110111010
72-105,11010010110111010
72-106,11000010110111010
72-107,11000110001111010
72-108,11001010110111010
72-109,11000110110111010
72-110,11011010110111010
72-111,11010110001111010
72-112,11010110110111010
72-113,11011110110111010
72-114,11001110110111010
72-115,11001110001111010
73-0,11000011010000110
73-1,11001011010000110
73-2,11010011010000110
73-3,11011101110000110
73-4,11000100000000110
73-5,11001100000000110
73-6,11010100000000110
73-7,11011011010000110
73-8,11011100000000110
73-9,11010010000000110
73-10,11000010000000110
73-11,11000111010000110
73-12,11001010000000110
73-13,11000110000000110
73-14,11011010000000110
73-15,11010111010000110
73-16,11010110000000110
73-17,11011110000000110
73-18,11001110000000110
73-19,11001111010000110
73-20,11000001000000110
73-21,11001001000000110
73-22,11010001000000110
73-23,11011111010000110
73-24,11011001000000110
73-25,11010101000000110
73-26,11000101000000110
73-27,11000000110000110
73-28,11001101000000110
73-29,11000011000000110
73-30,11011101000000110
73-31,11010000110000110
73-32,11010011000000110
73-33,11011011000000110
73-34,11001011000000110
73-35,11001000110000110
73-36,11000111000000110
73-37,11001111000000110
73-38,11010111000000110
73-39,11011000110000110
73-40,11011111000000110
73-41,11010000100000110
73-42,11000000100000110
73-43,11000100110000110
73-44,11001000100000110
73-45,11000100100000110
73-46,11011000100000110
73-47,11010100110000110
73-48,11010100100000110
73-49,11011100100000110
73-50,11001100100000110
73-51,11001100110000110
73-52,11000010100000110
73-53,11001010100000110
73-54,11010010100000110
73-55,11011100110000110
73-56,11011010100000110
73-57,11010110100000110
73-58,11000110100000110
73-59,11000010110000110
73-60,11001110100000110
73-61,11000001100000110
73-62,11011110100000110
73-63,11010010110000110
73-64,11010001100000110
73-65,11011001100000110
73-66,11001001100000110
73-67,11001010110000110
73-68,11000101100000110
73-69,11001101100000110
73-70,11010101100000110
73-71,11011010110000110
73-72,11011101100000110
73-73,11010011100000110
73-74,11000011100000110
73-75,11000110110000110
73-76,11001011100000110
73-77,11000111100000110
73-78,11011011100000110
73-79,11010110110000110
73-80,11010111100000110
73-81,11011111100000110
73-82,11001111100000110
73-83,11001110110000110
73-84,11000000010000110
73-85,11001000010000110
73-86,11010000010000110
73-87,11011110110000110
73-88,11011000010000110
73-89,11010100010000110
73-90,11000100010000110
73-91,11000001110000110
73-92,11001100010000110
73-93,11000010010000110
73-94,11011100010000110
73-95,11010001110000110
73-96,11010010010000110
73-97,11011010010000110
73-98,11001010010000110
73-99,11001001110000110
73-100,11000110010000110
73-101,11001110010000110
73-102,11010110010000110
73-103,11011001110000110
73-104,11011110010000110
73-105,11010001010000110
73-106,11000001010000110
73-107,11000101110000110
73-108,11001001010000110
73-109,11000101010000110
73-110,11011001010000110
73-111,11010101110000110
73-112,11010101010000110
73-113,11011101010000110
73-114,11001101010000110
73-115,11001101110000110
74-0,11000100111111010
74-1,11001100111111010
74-2,11010100111111010
74-3,11011000000000110
74-4,11000001001111010
74-5,11001001001111010
74-6,11010001001111010
74-7,11011100111111010
74-8,11011001001111010
74-9,11010101001111010
74-10,11000101001111010
74-11,11000010111111010
74-12,11001101001111010
74-13,11000011001111010
74-14,11011101001111010
74-15,11010010111111010
74-16,11010011001111010
74-17,11011011001111010
74-18,11001011001111010
74-19,11001010111111010
74-20,11000111001111010
74-21,11001111001111010
74-22,11010111001111010
74-23,11011010111111010
74-24,11011111001111010
74-25,11010000101111010
74-26,11000000101111010
74-27,11000110111111010
74-28,11001000101111010
74-29,11000100101111010
74-30,11011000101111010
74-31,11010110111111010
74-32,11010100101111010
74-33,11011100101111010
74-34,11001100101111010
74-35,11001110111111010
74-36,11000010101111010
74-37,11001010101111010
74-38,11010010101111010
74-39,11011110111111010
74-40,11011010101111010
74-41,11010110101111010
74-42,11000110101111010
74-43,11000001111111010
74-44,11001110101111010
74-45,11000001101111010
74-46,11011110101111010
74-47,11010001111111010
74-48,11010001101111010
74-49,11011001101111010
74-50,11001001101111010
74-51,11001001111111010
74-52,11000101101111010
74-53,11001101101111010
74-54,11010101101111010
74-55,11011001111111010
74-56,11011101101111010
74-57,11010011101111010
74-58,11000011101111010
74-59,11000101111111010
74-60,11001011101111010
74-61,11000111101111010
74-62,11011011101111010
74-63,11010101111111010
74-64,11010111101111010
74-65,11011111101111010
74-66,11001111101111010
74-67,11001101111111010
74-68,11000000011111010
74-69,11001000011111010
74-70,11010000011111010
74-71,11011101111111010
74-72,11011000011111010
74-73,11010100011111010
74-74,11000100011111010
74-75,11000011111111010
74-76,11001100011111010
74-77,11000010011111010
74-78,11011100011111010
74-79,11010011111111010
74-80,11010010011111010
74-81,11011010011111010
74-82,11001010011111010
74-83,11001011111111010
74-84,11000110011111010
74-85,11001110011111010
74-86,11010110011111010
74-87,11011011111111010
74-88,11011110011111010
74-89,11010001011111010
74-90,11000001011111010
74-91,11000111111111010
74-92,11001001011111010
74-93,11000101011111010
74-94,11011001011111010
74-95,11010111111111010
74-96,11010101011111010
74-97,11011101011111010
74-98,11001101011111010
74-99,11001111111111010
74-100,11000011011111010
74-101,11001011011111010
74-102,11010011011111010
74-103,11011111111111010
74-104,11011011011111010
74-105,11010111011111010
74-106,11000111011111010
74-107,11000000000000110
74-108,11001111011111010
74-109,11000000111111010
74-110,11011111011111010
74-111,11010000000000110
74-112,11010000111111010
74-113,11011000111111010
74-114,11001000111111010
74-115,11001000000000110
76-0,11000110011000110
76-1,11001110011000110
76-2,11010110011000110
76-3,11011010111000110
76-4,11000011110000110
76-5,11001011110000110
76-6,11010011110000110
76-7,11011110011000110
76-8,11011011110000110
76-9,11010111110000110
76-10,11000111110000110
76-11,11000001011000110
76-12,11001111110000110
76-13,11000000001000110
76-14,11011111110000110
76-15,11010001011000110
76-16,11010000001000110
76-17,11011000001000110
76-18,11001000001000110
76-19,11001001011000110
76-20,11000100001000110
76-21,11001100001000110
76-22,11010100001000110
76-23,11011001011000110
76-24,11011100001000110
76-25,11010010001000110
76-26,11000010001000110
76-27,11000101011000110
76-28,11001010001000110
76-29,11000110001000110
76-30,11011010001000110
76-31,11010101011000110
76-32,11010110001000110
76-33,11011110001000110
76-34,11001110001000110
76-35,11001101011000110
76-36,11000001001000110
76-37,11001001001000110
76-38,11010001001000110
76-39,11011101011000110
76-40,11011001001000110
76-41,11010101001000110
76-42,11000101001000110
76-43,11000011011000110
76-44,11001101001000110
76-45,11000011001000110
76-46,11011101001000110
76-47,11010011011000110
76-48,11010011001000110
76-49,11011011001000110
76-50,11001011001000110
76-51,11001011011000110
76-52,11000111001000110
76-53,11001111001000110
76-54,11010111001000110
76-55,11011011011000110
76-56,11011111001000110
76-57,11010000101000110
76-58,11000000101000110
76-59,11000111011000110
76-60,11001000101000110
76-61,11000100101000110
76-62,11011000101000110
76-63,11010111011000110
76-64,11010100101000110
76-65,11011100101000110
76-66,11001100101000110
76-67,11001111011000110
76-68,11000010101000110
76-69,11001010101000110
76-70,11010010101000110
76-71,11011111011000110
76-72,11011010101000110
76-73,11010110101000110
76-74,11000110101000110
76-75,11000000111000110
76-76,11001110101000110
76-77,11000001101000110
76-78,11011110101000110
76-79,11010000111000110
76-80,11010001101000110
76-81,11011001101000110
76-82,11001001101000110
76-83,11001000111000110
76-84,11000101101000110
76-85,11001101101000110
76-86,11010101101000110
76-87,11011000111000110
76-88,11011101101000110
76-89,11010011101000110
76-90,11000011101000110
76-91,11000100111000110
76-92,11001011101000110
76-93,11000111101000110
76-94,11011011101000110
76-95,11010100111000110
76-96,11010111101000110
76-97,11011111101000110
76-98,11001111101000110
76-99,11001100111000110
76-100,11000000011000110
76-101,11001000011000110
76-102,11010000011000110
76-103,11011100111000110
76-104,11011000011000110
76-105,11010100011000110
76-106,11000100011000110
76-107,11000010111000110
76-108,11001100011000110
76-109,11000010011000110
76-110,11011100011000110
76-111,11010010111000110
76-112,11010010011000110
76-113,11011010011000110
76-114,11001010011000110
76-115,11001010111000110
77-0,11000101101100110
77-1,11001101101100110
77-2,11010101101100110
77-3,11011001011100110
77-4,11000000110100110
77-5,11001000110100110
77-6,11010000110100110
77-7,11011101101100110
77-8,11011000110100110
77-9,11010100110100110
77-10,11000100110100110
77-11,11000011101100110
77-12,11001100110100110
77-13,11000010110100110
77-14,11011100110100110
77-15,11010011101100110
77-16,11010010110100110
77-17,11011010110100110
77-18,11001010110100110
77-19,11001011101100110
77-20,11000110110100110
77-21,11001110110100110
77-22,11010110110100110
77-23,11011011101100110
77-24,11011110110100110
77-25,11010001110100110
77-26,11000001110100110
77-27,11000111101100110
77-28,11001001110100110
77-29,11000101110100110
77-30,11011001110100110
77-31,11010111101100110
77-32,11010101110100110
77-33,11011101110100110
77-34,11001101110100110
77-35,11001111101100110
77-36,11000011110100110
77-37,11001011110100110
77-38,11010011110100110
77-39,11011111101100110
77-40,11011011110100110
77-41,11010111110100110
77-42,11000111110100110
77-43,11000000011100110
77-44,11001111110100110
77-45,11000000001100110
77-46,11011111110100110
77-47,11010000011100110
77-48,11010000001100110
77-49,11011000001100110
77-50,11001000001100110
77-51,11001000011100110
77-52,11000100001100110
77-53,11001100001100110
77-54,11010100001100110
77-55,11011000011100110
77-56,11011100001100110
77-57,11010010001100110
77-58,11000010001100110
77-59,11000100011100110
77-60,11001010001100110
77-61,11000110001100110
77-62,11011010001100110
77-63,11010100011100110
77-64,11010110001100110
77-65,11011110001100110
77-66,11001110001100110
77-67,11001100011100110
77-68,11000001001100110
77-69,11001001001100110
77-70,11010001001100110
77-71,11011100011100110
77-72,11011001001100110
77-73,11010101001100110
77-74,11000101001100110
77-75,11000010011100110
77-76,11001101001100110
77-77,11000011001100110
77-78,11011101001100110
77-79,11010010011100110
77-80,11010011001100110
77-81,11011011001100110
77-82,11001011001100110
77-83,11001010011100110
77-84,11000111001100110
77-85,11001111001100110
77-86,11010111001100110
77-87,11011010011100110
77-88,11011111001100110
77-89,11010000101100110
77-90,11000000101100110
77-91,11000110011100110
77-92,11001000101100110
77-93,11000100101100110
77-94,11011000101100110
77-95,11010110011100110
77-96,11010100101100110
77-97,11011100101100110
77-98,11001100101100110
77-99,11001110011100110
77-100,11000010101100110
77-101,11001010101100110
77-102,11010010101100110
77-103,11011110011100110
77-104,11011010101100110
77-105,11010110101100110
77-106,11000110101100110
77-107,11000001011100110
77-108,11001110101100110
77-109,11000001101100110
77-110,11011110101100110
77-111,11010001011100110
77-112,11010001101100110
77-113,11011001101100110
77-114,11001001101100110
77-115,11001001011100110
78-0,11000000010100110
78-1,11001000010100110
78-2,11010000010100110
78-3,11011111010100110
78-4,11000110111000110
78-5,11001110111000110
78-6,11010110111000110
78-7,11011000010100110
78-8,11011110111000110
78-9,11010001111000110
78-10,11000001111000110
78-11,11000100010100110
78-12,11001001111000110
78-13,11000101111000110
78-14,11011001111000110
78-15,11010100010100110
78-16,11010101111000110
78-17,11011101111000110
78-18,11001101111000110
78-19,11001100010100110
78-20,11000011111000110
78-21,11001011111000110
78-22,11010011111000110
78-23,11011100010100110
78-24,11011011111000110
78-25,11010111111000110
78-26,11000111111000110
78-27,11000010010100110
78-28,11001111111000110
78-29,11000000000100110
78-30,11011111111000110
78-31,11010010010100110
78-32,11010000000100110
78-33,11011000000100110
78-34,11001000000100110
78-35,11001010010100110
78-36,11000100000100110
78-37,11001100000100110
78-38,11010100000100110
78-39,11011010010100110
78-40,11011100000100110
78-41,11010010000100110
78-42,11000010000100110
78-43,11000110010100110
78-44,11001010000100110
78-45,11000110000100110
78-46,11011010000100110
78-47,11010110010100110
78-48,11010110000100110
78-49,11011110000100110
78-50,11001110000100110
78-51,11001110010100110
78-52,11000001000100110
78-53,11001001000100110
78-54,11010001000100110
78-55,11011110010100110
78-56,11011001000100110
78-57,11010101000100110
78-58,11000101000100110
78-59,11000001010100110
78-60,11001101000100110
78-61,11000011000100110
78-62,11011101000100110
78-63,11010001010100110
78-64,11010011000100110
78-65,11011011000100110
78-66,11001011000100110
78-67,11001001010100110
78-68,11000111000100110
78-69,11001111000100110
78-70,11010111000100110
78-71,11011001010100110
78-72,11011111000100110
78-73,11010000100100110
78-74,11000000100100110
78-75,11000101010100110
78-76,11001000100100110
78-77,11000100100100110
78-78,11011000100100110
78-79,11010101010100110
78-80,11010100100100110
78-81,11011100100100110
78-82,11001100100100110
78-83,11001101010100110
78-84,11000010100100110
78-85,11001010100100110
78-86,11010010100100110
78-87,11011101010100110
78-88,11011010100100110
78-89,11010110100100110
78-90,11000110100100110
78-91,11000011010100110
78-92,11001110100100110
78-93,11000001100100110
78-94,11011110100100110
78-95,11010011010100110
78-96,11010001100100110
78-97,11011001100100110
78-98,11001001100100110
78-99,11001011010100110
78-100,11000101100100110
78-101,11001101100100110
78-102,11010101100100110
78-103,11011011010100110
78-104,11011101100100110
78-105,11010011100100110
78-106,11000011100100110
78-107,11000111010100110
78-108,11001011100100110
78-109,11000111100100110
78-110,11011011100100110
78-111,11010111010100110
78-112,11010111100100110
78-113,11011111100100110
78-114,11001111100100110
78-115,11001111010100110
80-0,11000010100010110
80-1,11001010100010110
80-2,11010010100010110
80-3,11011100010010110
80-4,11000101011100110
80-5,11001101011100110
80-6,11010101011100110
80-7,11011010100010110
80-8,11011101011100110
80-9,11010011011100110
80-10,11000011011100110
80-11,11000110100010110
80-12,11001011011100110
80-13,11000111011100110
80-14,11011011011100110
80-15,11010110100010110
80-16,11010111011100110
80-17,11011111011100110
80-18,11001111011100110
80-19,11001110100010110
80-20,11000000111100110
80-21,11001000111100110
80-22,11010000111100110
80-23,11011110100010110
80-24,11011000111100110
80-25,11010100111100110
80-26,11000100111100110
80-27,11000001100010110
80-28,11001100111100110
80-29,11000010111100110
80-30,11011100111100110
80-31,11010001100010110
80-32,11010010111100110
80-33,11011010111100110
80-34,11001010111100110
80-35,11001001100010110
80-36,11000110111100110
80-37,11001110111100110
80-38,11010110111100110
80-39,11011001100010110
80-40,11011110111100110
80-41,11010001111100110
80-42,11000001111100110
80-43,11000101100010110
80-44,11001001111100110
80-45,11000101111100110
80-46,11011001111100110
80-47,11010101100010110
80-48,11010101111100110
80-49,11011101111100110
80-50,11001101111100110
80-51,11001101100010110
80-52,11000011111100110
80-53,11001011111100110
80-54,11010011111100110
80-55,11011101100010110
80-56,11011011111100110
80-57,11010111111100110
80-58,11000111111100110
80-59,11000011100010110
80-60,11001111111100110
80-61,11000000000010110
80-62,11011111111100110
80-63,11010011100010110
80-64,11010000000010110
80-65,11011000000010110
80-66,11001000000010110
80-67,11001011100010110
80-68,11000100000010110
80-69,11001100000010110
80-70,11010100000010110
80-71,11011011100010110
80-72,11011100000010110
80-73,11010010000010110
80-74,11000010000010110
80-75,11000111100010110
80-76,11001010000010110
80-77,11000110000010110
80-78,11011010000010110
80-79,11010111100010110
80-80,11010110000010110
80-81,11011110000010110
80-82,11001110000010110
80-83,11001111100010110
80-84,11000001000010110
80-85,11001001000010110
80-86,11010001000010110
80-87,11011111100010110
80-88,11011001000010110
80-89,11010101000010110
80-90,11000101000010110
80-91,11000000010010110
80-92,11001101000010110
80-93,11000011000010110
80-94,11011101000010110
80-95,11010000010010110
80-96,11010011000010110
80-97,11011011000010110
80-98,11001011000010110
80-99,11001000010010110
80-100,11000111000010110
80-101,11001111000010110
80-102,11010111000010110
80-103,11011000010010110
80-104,11011111000010110
80-105,11010000100010110
80-106,11000000100010110
80-107,11000100010010110
80-108,11001000100010110
80-109,11000100100010110
80-110,11011000100010110
80-111,11010100010010110
80-112,11010100100010110
80-113,11011100100010110
80-114,11001100100010110
80-115,11001100010010110
81-0,11000001000110110
81-1,11001001000110110
81-2,11010001000110110
81-3,11011110100110110
81-4,11000111101010110
81-5,11001111101010110
81-6,11010111101010110
81-7,11011001000110110
81-8,11011111101010110
81-9,11010000011010110
81-10,11000000011010110
81-11,11000101000110110
81-12,11001000011010110
81-13,11000100011010110
81-14,11011000011010110
81-15,11010101000110110
81-16,11010100011010110
81-17,11011100011010110
81-18,11001100011010110
81-19,11001101000110110
81-20,11000010011010110
81-21,11001010011010110
81-22,11010010011010110
81-23,11011101000110110
81-24,11011010011010110
81-25,11010110011010110
81-26,11000110011010110
81-27,11000011000110110
81-28,11001110011010110
81-29,11000001011010110
81-30,11011110011010110
81-31,11010011000110110
81-32,11010001011010110
81-33,11011001011010110
81-34,11001001011010110
81-35,11001011000110110
81-36,11000101011010110
81-37,11001101011010110
81-38,11010101011010110
81-39,11011011000110110
81-40,11011101011010110
81-41,11010011011010110
81-42,11000011011010110
81-43,11000111000110110
81-44,11001011011010110
81-45,11000111011010110
81-46,11011011011010110
81-47,11010111000110110
81-48,11010111011010110
81-49,11011111011010110
81-50,11001111011010110
81-51,11001111000110110
81-52,11000000111010110
81-53,11001000111010110
81-54,11010000111010110
81-55,11011111000110110
81-56,11011000111010110
81-57,11010100111010110
81-58,11000100111010110
81-59,11000000100110110
81-60,11001100111010110
81-61,11000010111010110
81-62,11011100111010110
81-63,11010000100110110
81-64,11010010111010110
81-65,11011010111010110
81-66,11001010111010110
81-67,11001000100110110
81-68,11000110111010110
81-69,11001110111010110
81-70,11010110111010110
81-71,11011000100110110
81-72,11011110111010110
81-73,11010001111010110
81-74,11000001111010110
81-75,11000100100110110
81-76,11001001111010110
81-77,11000101111010110
81-78,11011001111010110
81-79,11010100100110110
81-80,11010101111010110
81-81,11011101111010110
81-82,11001101111010110
81-83,11001100100110110
81-84,11000011111010110
81-85,11001011111010110
81-86,11010011111010110
81-87,11011100100110110
81-88,11011011111010110
81-89,11010111111010110
81-90,11000111111010110
81-91,11000010100110110
81-92,11001111111010110
81-93,11000000000110110
81-94,11011111111010110
81-95,11010010100110110
81-96,11010000000110110
81-97,11011000000110110
81-98,11001000000110110
81-99,11001010100110110
81-100,11000100000110110
81-101,11001100000110110
81-102,11010100000110110
81-103,11011010100110110
81-104,11011100000110110
81-105,11010010000110110
81-106,11000010000110110
81-107,11000110100110110
81-108,11001010000110110
81-109,11000110000110110
81-110,11011010000110110
81-111,11010110100110110
81-112,11010110000110110
81-113,11011110000110110
81-114,11001110000110110
81-115,11001110100110110
82-0,11000111001010110
82-1,11001111001010110
82-2,11010111001010110
82-3,11011011101010110
82-4,11000010010010110
82-5,11001010010010110
82-6,11010010010010110
82-7,11011111001010110
82-8,11011010010010110
82-9,11010110010010110
82-10,11000110010010110
82-11,11000000101010110
82-12,11001110010010110
82-13,11000001010010110
82-14,11011110010010110
82-15,11010000101010110
82-16,11010001010010110
82-17,11011001010010110
82-18,11001001010010110
82-19,11001000101010110
82-20,11000101010010110
82-21,11001101010010110
82-22,11010101010010110
82-23,11011000101010110
82-24,11011101010010110
82-25,11010011010010110
82-26,11000011010010110
82-27,11000100101010110
82-28,11001011010010110
82-29,11000111010010110
82-30,11011011010010110
82-31,11010100101010110
82-32,11010111010010110
82-33,11011111010010110
82-34,11001111010010110
82-35,11001100101010110
82-36,11000000110010110
82-37,11001000110010110
82-38,11010000110010110
82-39,11011100101010110
82-40,11011000110010110
82-41,11010100110010110
82-42,11000100110010110
82-43,11000010101010110
82-44,11001100110010110
82-45,11000010110010110
82-46,11011100110010110
82-47,11010010101010110
82-48,11010010110010110
82-49,11011010110010110
82-50,11001010110010110
82-51,11001010101010110
82-52,11000110110010110
82-53,11001110110010110
82-54,11010110110010110
82-55,11011010101010110
82-56,11011110110010110
82-57,11010001110010110
82-58,11000001110010110
82-59,11000110101010110
82-60,11001001110010110
82-61,11000101110010110
82-62,11011001110010110
82-63,11010110101010110
82-64,11010101110010110
82-65,11011101110010110
82-66,11001101110010110
82-67,11001110101010110
82-68,11000011110010110
82-69,11001011110010110
82-70,11010011110010110
82-71,11011110101010110
82-72,11011011110010110
82-73,11010111110010110
82-74,11000111110010110
82-75,11000001101010110
82-76,11001111110010110
82-77,11000000001010110
82-78,11011111110010110
82-79,11010001101010110
82-80,11010000001010110
82-81,11011000001010110
82-82,11001000001010110
82-83,11001001101010110
82-84,11000100001010110
82-85,11001100001010110
82-86,11010100001010110
82-87,11011001101010110
82-88,11011100001010110
82-89,11010010001010110
82-90,11000010001010110
82-91,11000101101010110
82-92,11001010001010110
82-93,11000110001010110
82-94,11011010001010110
82-95,11010101101010110
82-96,11010110001010110
82-97,11011110001010110
82-98,11001110001010110
82-99,11001101101010110
82-100,11000001001010110
82-101,11001001001010110
82-102,11010001001010110
82-103,11011101101010110
82-104,11011001001010110
82-105,11010101001010110
82-106,11000101001010110
82-107,11000011101010110
82-108,11001101001010110
82-109,11000011001010110
82-110,11011101001010110
82-111,11010011101010110
82-112,11010011001010110
82-113,11011011001010110
82-114,11001011001010110
82-115,11001011101010110
84-0,11000100001110110
84-1,11001100001110110
84-2,11010100001110110
84-3,11011000101110110
84-4,11000001100110110
84-5,11001001100110110
84-6,11010001100110110
84-7,11011100001110110
84-8,11011001100110110
84-9,11010101100110110
84-10,11000101100110110
84-11,11000010001110110
84-12,11001101100110110
84-13,11000011100110110
84-14,11011101100110110
84-15,11010010001110110
84-16,11010011100110110
84-17,11011011100110110
84-18,11001011100110110
84-19,11001010001110110
84-20,11000111100110110
84-21,11001111100110110
84-22,11010111100110110
84-23,11011010001110110
84-24,11011111100110110
84-25,11010000010110110
84-26,11000000010110110
84-27,11000110001110110
84-28,11001000010110110
84-29,11000100010110110
84-30,11011000010110110
84-31,11010110001110110
84-32,11010100010110110
84-33,11011100010110110
84-34,11001100010110110
84-35,11001110001110110
84-36,11000010010110110
84-37,11001010010110110
84-38,11010010010110110
84-39,11011110001110110
84-40,11011010010110110
84-41,11010110010110110
84-42,11000110010110110
84-43,11000001001110110
84-44,11001110010110110
84-45,11000001010110110
84-46,11011110010110110
84-47,11010001001110110
84-48,11010001010110110
84-49,11011001010110110
84-50,11001001010110110
84-51,11001001001110110
84-52,11000101010110110
84-53,11001101010110110
84-54,11010101010110110
84-55,11011001001110110
84-56,11011101010110110
84-57,11010011010110110
84-58,11000011010110110
84-59,11000101001110110
84-60,11001011010110110
84-61,11000111010110110
84-62,11011011010110110
84-63,11010101001110110
84-64,11010111010110110
84-65,11011111010110110
84-66,11001111010110110
84-67,11001101001110110
84-68,11000000110110110
84-69,11001000110110110
84-70,11010000110110110
84-71,11011101001110110
84-72,11011000110110110
84-73,11010100110110110
84-74,11000100110110110
84-75,11000011001110110
84-76,11001100110110110
84-77,11000010110110110
84-78,11011100110110110
84-79,11010011001110110
84-80,11010010110110110
84-81,11011010110110110
84-82,11001010110110110
84-83,11001011001110110
84-84,11000110110110110
84-85,11001110110110110
84-86,11010110110110110
84-87,11011011001110110
84-88,11011110110110110
84-89,11010001110110110
84-90,11000001110110110
84-91,11000111001110110
84-92,11001001110110110
84-93,11000101110110110
84-94,11011001110110110
84-95,11010111001110110
84-96,11010101110110110
84-97,11011101110110110
84-98,11001101110110110
84-99,11001111001110110
84-100,11000011110110110
84-101,11001011110110110
84-102,11010011110110110
84-103,11011111001110110
84-104,11011011110110110
84-105,11010111110110110
84-106,11000111110110110
84-107,11000000101110110
84-108,11001111110110110
84-109,11000000001110110
84-110,11011111110110110
84-111,11010000101110110
84-112,11010000001110110
84-113,11011000001110110
84-114,11001000001110110
84-115,11001000101110110
85-0,11000110110001110
85-1,11001110110001110
85-2,11010110110001110
85-3,11011010001001110
85-4,11000011000001110
85-5,11001011000001110
85-6,11010011000001110
85-7,11011110110001110
85-8,11011011000001110
85-9,11010111000001110
85-10,11000111000001110
85-11,11000001110001110
85-12,11001111000001110
85-13,11000000100001110
85-14,11011111000001110
85-15,11010001110001110
85-16,11010000100001110
85-17,11011000100001110
85-18,11001000100001110
85-19,11001001110001110
85-20,11000100100001110
85-21,11001100100001110
85-22,11010100100001110
85-23,11011001110001110
85-24,11011100100001110
85-25,11010010100001110
85-26,11000010100001110
85-27,11000101110001110
85-28,11001010100001110
85-29,11000110100001110
85-30,11011010100001110
85-31,11010101110001110
85-32,11010110100001110
85-33,11011110100001110
85-34,11001110100001110
85-35,11001101110001110
85-36,11000001100001110
85-37,11001001100001110
85-38,11010001100001110
85-39,11011101110001110
85-40,11011001100001110
85-41,11010101100001110
85-42,11000101100001110
85-43,11000011110001110
85-44,11001101100001110
85-45,11000011100001110
85-46,11011101100001110
85-47,11010011110001110
85-48,11010011100001110
85-49,11011011100001110
85-50,11001011100001110
85-51,11001011110001110
85-52,11000111100001110
85-53,11001111100001110
85-54,11010111100001110
85-55,11011011110001110
85-56,11011111100001110
85-57,11010000010001110
85-58,11000000010001110
85-59,11000111110001110
85-60,11001000010001110
85-61,11000100010001110
85-62,11011000010001110
85-63,11010111110001110
85-64,11010100010001110
85-65,11011100010001110
85-66,11001100010001110
85-67,11001111110001110
85-68,11000010010001110
85-69,11001010010001110
85-70,11010010010001110
85-71,11011111110001110
85-72,11011010010001110
85-73,11010110010001110
85-74,11000110010001110
85-75,11000000001001110
85-76,11001110010001110
85-77,11000001010001110
85-78,11011110010001110
85-79,11010000001001110
85-80,11010001010001110
85-81,11011001010001110
85-82,11001001010001110
85-83,11001000001001110
85-84,11000101010001110
85-85,11001101010001110
85-86,11010101010001110
85-87,11011000001001110
85-88,11011101010001110
85-89,11010011010001110
85-90,11000011010001110
85-91,11000100001001110
85-92,11001011010001110
85-93,11000111010001110
85-94,11011011010001110
85-95,11010100001001110
85-96,11010111010001110
85-97,11011111010001110
85-98,11001111010001110
85-99,11001100001001110
85-100,11000000110001110
85-101,11001000110001110
85-102,11010000110001110
85-103,11011100001001110
85-104,11011000110001110
85-105,11010100110001110
85-106,11000100110001110
85-107,11000010001001110
85-108,11001100110001110
85-109,11000010110001110
85-110,11011100110001110
85-111,11010010001001110
85-112,11010010110001110
85-113,11011010110001110
85-114,11001010110001110
85-115,11001010001001110
86-0,11000011111110110
86-1,11001011111110110
86-2,11010011111110110
86-3,11011101000001110
86-4,11000100101110110
86-5,11001100101110110
86-6,11010100101110110
86-7,11011011111110110
86-8,11011100101110110
86-9,11010010101110110
86-10,11000010101110110
86-11,11000111111110110
86-12,11001010101110110
86-13,11000110101110110
86-14,11011010101110110
86-15,11010111111110110
86-16,11010110101110110
86-17,11011110101110110
86-18,11001110101110110
86-19,11001111111110110
86-20,11000001101110110
86-21,11001001101110110
86-22,11010001101110110
86-23,11011111111110110
86-24,11011001101110110
86-25,11010101101110110
86-26,11000101101110110
86-27,11000000000001110
86-28,11001101101110110
86-29,11000011101110110
86-30,11011101101110110
86-31,11010000000001110
86-32,11010011101110110
86-33,11011011101110110
86-34,11001011101110110
86-35,11001000000001110
86-36,11000111101110110
86-37,11001111101110110
86-38,11010111101110110
86-39,11011000000001110
86-40,11011111101110110
86-41,11010000011110110
86-42,11000000011110110
86-43,11000100000001110
86-44,11001000011110110
86-45,11000100011110110
86-46,11011000011110110
86-47,11010100000001110
86-48,11010100011110110
86-49,11011100011110110
86-50,11001100011110110
86-51,11001100000001110
86-52,11000010011110110
86-53,11001010011110110
86-54,11010010011110110
86-55,11011100000001110
86-56,11011010011110110
86-57,11010110011110110
86-58,11000110011110110
86-59,11000010000001110
86-60,11001110011110110
86-61,11000001011110110
86-62,11011110011110110
86-63,11010010000001110
86-64,11010001011110110
86-65,11011001011110110
86-66,11001001011110110
86-67,11001010000001110
86-68,11000101011110110
86-69,11001101011110110
86-70,11010101011110110
86-71,11011010000001110
86-72,11011101011110110
86-73,11010011011110110
86-74,11000011011110110
86-75,11000110000001110
86-76,11001011011110110
86-77,11000111011110110
86-78,11011011011110110
86-79,11010110000001110
86-80,11010111011110110
86-81,11011111011110110
86-82,11001111011110110
86-83,11001110000001110
86-84,11000000111110110
86-85,11001000111110110
86-86,11010000111110110
86-87,11011110000001110
86-88,11011000111110110
86-89,11010100111110110
86-90,11000100111110110
86-91,11000001000001110
86-92,11001100111110110
86-93,11000010111110110
86-94,11011100111110110
86-95,11010001000001110
86-96,11010010111110110
86-97,11011010111110110
86-98,11001010111110110
86-99,11001001000001110
86-100,11000110111110110
86-101,11001110111110110
86-102,11010110111110110
86-103,11011001000001110
86-104,11011110111110110
86-105,11010001111110110
86-106,11000001111110110
86-107,11000101000001110
86-108,11001001111110110
86-109,11000101111110110
86-110,11011001111110110
86-111,11010101000001110
86-112,11010101111110110
86-113,11011101111110110
86-114,11001101111110110
86-115,11001101000001110
88-0,11000000111001110
88-1,11001000111001110
88-2,11010000111001110
88-3,11011111111001110
88-4,11000110001001110
88-5,11001110001001110
88-6,11010110001001110
88-7,11011000111001110
88-8,11011110001001110
88-9,11010001001001110
88-10,11000001001001110
88-11,11000100111001110
88-12,11001001001001110
88-13,11000101001001110
88-14,11011001001001110
88-15,11010100111001110
88-16,11010101001001110
88-17,11011101001001110
88-18,11001101001001110
88-19,11001100111001110
88-20,11000011001001110
88-21,11001011001001110
88-22,11010011001001110
88-23,11011100111001110
88-24,11011011001001110
88-25,11010111001001110
88-26,11000111001001110
88-27,11000010111001110
88-28,11001111001001110
88-29,11000000101001110
88-30,11011111001001110
88-31,11010010111001110
88-32,11010000101001110
88-33,11011000101001110
88-34,11001000101001110
88-35,11001010111001110
88-36,11000100101001110
88-37,11001100101001110
88-38,11010100101001110
88-39,11011010111001110
88-40,11011100101001110
88-41,11010010101001110
88-42,11000010101001110
88-43,11000110111001110
88-44,11001010101001110
88-45,11000110101001110
88-46,11011010101001110
88-47,11010110111001110
88-48,11010110101001110
88-49,11011110101001110
88-50,11001110101001110
88-51,11001110111001110
88-52,11000001101001110
88-53,11001001101001110
88-54,11010001101001110
88-55,11011110111001110
88-56,11011001101001110
88-57,11010101101001110
88-58,11000101101001110
88-59,11000001111001110
88-60,11001101101001110
88-61,11000011101001110
88-62,11011101101001110
88-63,11010001111001110
88-64,11010011101001110
88-65,11011011101001110
88-66,11001011101001110
88-67,11001001111001110
88-68,11000111101001110
88-69,11001111101001110
88-70,11010111101001110
88-71,11011001111001110
88-72,11011111101001110
88-73,11010000011001110
88-74,11000000011001110
88-75,11000101111001110
88-76,11001000011001110
88-77,11000100011001110
88-78,11011000011001110
88-79,11010101111001110
88-80,11010100011001110
88-81,11011100011001110
88-82,11001100011001110
88-83,11001101111001110
88-84,11000010011001110
88-85,11001010011001110
88-86,11010010011001110
88-87,11011101111001110
88-88,11011010011001110
88-89,11010110011001110
88-90,11000110011001110
88-91,11000011111001110
88-92,11001110011001110
88-93,11000001011001110
88-94,11011110011001110
88-95,11010011111001110
88-96,11010001011001110
88-97,11011001011001110
88-98,11001001011001110
88-99,11001011111001110
88-100,11000101011001110
88-101,11001101011001110
88-102,11010101011001110
88-103,11011011111001110
88-104,11011101011001110
88-105,11010011011001110
88-106,11000011011001110
88-107,11000111111001110
88-108,11001011011001110
88-109,11000111011001110
88-110,11011011011001110
88-111,11010111111001110
88-112,11010111011001110
88-113,11011111011001110
88-114,11001111011001110
88-115,11001111111001110
89-0,11000010011101110
89-1,11001010011101110
89-2,11010010011101110
89-3,11011100111101110
89-4,11000101110101110
89-5,11001101110101110
89-6,11010101110101110
89-7,11011010011101110
89-8,11011101110101110
89-9,11010011110101110
89-10,11000011110101110
89-11,11000110011101110
89-12,11001011110101110
89-13,11000111110101110
89-14,11011011110101110
89-15,11010110011101110
89-16,11010111110101110
89-17,11011111110101110
89-18,11001111110101110
89-19,11001110011101110
89-20,11000000001101110
89-21,11001000001101110
89-22,11010000001101110
89-23,11011110011101110
89-24,11011000001101110
89-25,11010100001101110
89-26,11000100001101110
89-27,11000001011101110
89-28,11001100001101110
89-29,11000010001101110
89-30,11011100001101110
89-31,11010001011101110
89-32,11010010001101110
89-33,11011010001101110
89-34,11001010001101110
89-35,11001001011101110
89-36,11000110001101110
89-37,11001110001101110
89-38,11010110001101110
89-39,11011001011101110
89-40,11011110001101110
89-41,11010001001101110
89-42,11000001001101110
89-43,11000101011101110
89-44,11001001001101110
89-45,11000101001101110
89-46,11011001001101110
89-47,11010101011101110
89-48,11010101001101110
89-49,11011101001101110
89-50,11001101001101110
89-51,11001101011101110
89-52,11000011001101110
89-53,11001011001101110
89-54,11010011001101110
89-55,11011101011101110
89-56,11011011001101110
89-57,11010111001101110
89-58,11000111001101110
89-59,11000011011101110
89-60,11001111001101110
89-61,11000000101101110
89-62,11011111001101110
89-63,11010011011101110
89-64,11010000101101110
89-65,11011000101101110
89-66,11001000101101110
89-67,11001011011101110
89-68,11000100101101110
89-69,11001100101101110
89-70,11010100101101110
89-71,11011011011101110
89-72,11011100101101110
89-73,11010010101101110
89-74,11000010101101110
89-75,11000111011101110
89-76,11001010101101110
89-77,11000110101101110
89-78,11011010101101110
89-79,11010111011101110
89-80,11010110101101110
89-81,11011110101101110
89-82,11001110101101110
89-83,11001111011101110
89-84,11000001101101110
89-85,11001001101101110
89-86,11010001101101110
89-87,11011111011101110
89-88,11011001101101110
89-89,11010101101101110
89-90,11000101101101110
89-91,11000000111101110
89-92,11001101101101110
89-93,11000011101101110
89-94,11011101101101110
89-95,11010000111101110
89-96,11010011101101110
89-97,11011011101101110
89-98,11001011101101110
89-99,11001000111101110
89-100,11000111101101110
89-101,11001111101101110
89-102,11010111101101110
89-103,11011000111101110
89-104,11011111101101110
89-105,11010000011101110
89-106,11000000011101110
89-107,11000100111101110
89-108,11001000011101110
89-109,11000100011101110
89-110,11011000011101110
89-111,11010100111101110
89-112,11010100011101110
89-113,11011100011101110
89-114,11001100011101110
89-115,11001100111101110
90-0,11000101010101110
90-1,11001101010101110
90-2,11010101010101110
90-3,11011001110101110
90-4,11000000000101110
90-5,11001000000101110
90-6,11010000000101110
90-7,11011101010101110
90-8,11011000000101110
90-9,11010100000101110
90-10,11000100000101110
90-11,11000011010101110
90-12,11001100000101110
90-13,11000010000101110
90-14,11011100000101110
90-15,11010011010101110
90-16,11010010000101110
90-17,11011010000101110
90-18,11001010000101110
90-19,11001011010101110
90-20,11000110000101110
90-21,11001110000101110
90-22,11010110000101110
90-23,11011011010101110
90-24,11011110000101110
90-25,11010001000101110
90-26,11000001000101110
90-27,11000111010101110
90-28,11001001000101110
90-29,11000101000101110
90-30,11011001000101110
90-31,11010111010101110
90-32,11010101000101110
90-33,11011101000101110
90-34,11001101000101110
90-35,11001111010101110
90-36,11000011000101110
90-37,11001011000101110
90-38,11010011000101110
90-39,11011111010101110
90-40,11011011000101110
90-41,11010111000101110
90-42,11000111000101110
90-43,11000000110101110
90-44,11001111000101110
90-45,11000000100101110
90-46,11011111000101110
90-47,11010000110101110
90-48,11010000100101110
90-49,11011000100101110
90-50,11001000100101110
90-51,11001000110101110
90-52,11000100100101110
90-53,11001100100101110
90-54,11010100100101110
90-55,11011000110101110
90-56,11011100100101110
90-57,11010010100101110
90-58,11000010100101110
90-59,11000100110101110
90-60,11001010100101110
90-61,11000110100101110
90-62,11011010100101110
90-63,11010100110101110
90-64,11010110100101110
90-65,11011110100101110
90-66,11001110100101110
90-67,11001100110101110
90-68,11000001100101110
90-69,11001001100101110
90-70,11010001100101110
90-71,11011100110101110
90-72,11011001100101110
90-73,11010101100101110
90-74,11000101100101110
90-75,11000010110101110
90-76,11001101100101110
90-77,11000011100101110
90-78,11011101100101110
90-79,11010010110101110
90-80,11010011100101110
90-81,11011011100101110
90-82,11001011100101110
90-83,11001010110101110
90-84,11000111100101110
90-85,11001111100101110
90-86,11010111100101110
90-87,11011010110101110
90-88,11011111100101110
90-89,11010000010101110
90-90,11000000010101110
90-91,11000110110101110
90-92,11001000010101110
90-93,11000100010101110
90-94,11011000010101110
90-95,11010110110101110
90-96,11010100010101110
90-97,11011100010101110
90-98,11001100010101110
90-99,11001110110101110
90-100,11000010010101110
90-101,11001010010101110
90-102,11010010010101110
90-103,11011110110101110
90-104,11011010010101110
90-105,11010110010101110
90-106,11000110010101110
90-107,11000001110101110
90-108,11001110010101110
90-109,11000001010101110
90-110,11011110010101110
90-111,11010001110101110
90-112,11010001010101110
90-113,11011001010101110
90-114,11001001010101110
90-115,11001001110101110
92-0,11000111100011110
92-1,11001111100011110
92-2,11010111100011110
92-3,11011011010011110
92-4,11000010111101110
92-5,11001010111101110
92-6,11010010111101110
92-7,11011111100011110
92-8,11011010111101110
92-9,11010110111101110
92-10,11000110111101110
92-11,11000000010011110
92-12,11001110111101110
92-13,11000001111101110
92-14,11011110111101110
92-15,11010000010011110
92-16,11010001111101110
92-17,11011001111101110
92-18,11001001111101110
92-19,11001000010011110
92-20,11000101111101110
92-21,11001101111101110
92-22,11010101111101110
92-23,11011000010011110
92-24,11011101111101110
92-25,11010011111101110
92-26,11000011111101110
92-27,11000100010011110
92-28,11001011111101110
92-29,11000111111101110
92-30,11011011111101110
92-31,11010100010011110
92-32,11010111111101110
92-33,11011111111101110
92-34,11001111111101110
92-35,11001100010011110
92-36,11000000000011110
92-37,11001000000011110
92-38,11010000000011110
92-39,11011100010011110
92-40,11011000000011110
92-41,11010100000011110
92-42,11000100000011110
92-43,11000010010011110
92-44,11001100000011110
92-45,11000010000011110
92-46,11011100000011110
92-47,11010010010011110
92-48,11010010000011110
92-49,11011010000011110
92-50,11001010000011110
92-51,11001010010011110
92-52,11000110000011110
92-53,11001110000011110
92-54,11010110000011110
92-55,11011010010011110
92-56,11011110000011110
92-57,11010001000011110
92-58,11000001000011110
92-59,11000110010011110
92-60,11001001000011110
92-61,11000101000011110
92-62,11011001000011110
92-63,11010110010011110
92-64,11010101000011110
92-65,11011101000011110
92-66,11001101000011110
92-67,11001110010011110
92-68,11000011000011110
92-69,11001011000011110
92-70,11010011000011110
92-71,11011110010011110
92-72,11011011000011110
92-73,11010111000011110
92-74,11000111000011110
92-75,11000001010011110
92-76,11001111000011110
92-77,11000000100011110
92-78,11011111000011110
92-79,11010001010011110
92-80,11010000100011110
92-81,11011000100011110
92-82,11001000100011110
92-83,11001001010011110
92-84,11000100100011110
92-85,11001100100011110
92-86,11010100100011110
92-87,11011001010011110
92-88,11011100100011110
92-89,11010010100011110
92-90,11000010100011110
92-91,11000101010011110
92-92,11001010100011110
92-93,11000110100011110
92-94,11011010100011110
92-95,11010101010011110
92-96,11010110100011110
92-97,11011110100011110
92-98,11001110100011110
92-99,11001101010011110
92-100,11000001100011110
92-101,11001001100011110
92-102,11010001100011110
92-103,11011101010011110
92-104,11011001100011110
92-105,11010101100011110
92-106,11000101100011110
92-107,11000011010011110
92-108,11001101100011110
92-109,11000011100011110
92-110,11011101100011110
92-111,11010011010011110
92-112,11010011100011110
92-113,11011011100011110
92-114,11001011100011110
92-115,11001011010011110
93-0,11000100100111110
93-1,11001100100111110
93-2,11010100100111110
93-3,11011000010111110
93-4,11000001011011110
93-5,11001001011011110
93-6,11010001011011110
93-7,11011100100111110
93-8,11011001011011110
93-9,11010101011011110
93-10,11000101011011110
93-11,11000010100111110
93-12,11001101011011110
93-13,11000011011011110
93-14,11011101011011110
93-15,11010010100111110
93-16,11010011011011110
93-17,11011011011011110
93-18,11001011011011110
93-19,11001010100111110
93-20,11000111011011110
93-21,11001111011011110
93-22,11010111011011110
93-23,11011010100111110
93-24,11011111011011110
93-25,11010000111011110
93-26,11000000111011110
93-27,11000110100111110
93-28,11001000111011110
93-29,11000100111011110
93-30,11011000111011110
93-31,11010110100111110
93-32,11010100111011110
93-33,11011100111011110
93-34,11001100111011110
93-35,11001110100111110
93-36,11000010111011110
93-37,11001010111011110
93-38,11010010111011110
93-39,11011110100111110
93-40,11011010111011110
93-41,11010110111011110
93-42,11000110111011110
93-43,11000001100111110
93-44,11001110111011110
93-45,11000001111011110
93-46,11011110111011110
93-47,11010001100111110
93-48,11010001111011110
93-49,11011001111011110
93-50,11001001111011110
93-51,11001001100111110
93-52,11000101111011110
93-53,11001101111011110
93-54,11010101111011110
93-55,11011001100111110
93-56,11011101111011110
93-57,11010011111011110
93-58,11000011111011110
93-59,11000101100111110
93-60,11001011111011110
93-61,11000111111011110
93-62,11011011111011110
93-63,11010101100111110
93-64,11010111111011110
93-65,11011111111011110
93-66,11001111111011110
93-67,11001101100111110
93-68,11000000000111110
93-69,11001000000111110
93-70,11010000000111110
93-71,11011101100111110
93-72,11011000000111110
93-73,11010100000111110
93-74,11000100000111110
93-75,11000011100111110
93-76,11001100000111110
93-77,11000010000111110
93-78,11011100000111110
93-79,11010011100111110
93-80,11010010000111110
93-81,11011010000111110
93-82,11001010000111110
93-83,11001011100111110
93-84,11000110000111110
93-85,11001110000111110
93-86,11010110000111110
93-87,11011011100111110
93-88,11011110000111110
93-89,11010001000111110
93-90,11000001000111110
93-91,11000111100111110
93-92,11001001000111110
93-93,11000101000111110
93-94,11011001000111110
93-95,11010111100111110
93-96,11010101000111110
93-97,11011101000111110
93-98,11001101000111110
93-99,11001111100111110
93-100,11000011000111110
93-101,11001011000111110
93-102,11010011000111110
93-103,11011111100111110
93-104,11011011000111110
93-105,11010111000111110
93-106,11000111000111110
93-107,11000000010111110
93-108,11001111000111110
93-109,11000000100111110
93-110,11011111000111110
93-111,11010000010111110
93-112,11010000100111110
93-113,11011000100111110
93-114,11001000100111110
93-115,11001000010111110
94-0,11000001101011110
94-1,11001001101011110
94-2,11010001101011110
94-3,11011110011011110
94-4,11000111010011110
94-5,11001111010011110
94-6,11010111010011110
94-7,11011001101011110
94-8,11011111010011110
94-9,11010000110011110
94-10,11000000110011110
94-11,11000101101011110
94-12,11001000110011110
94-13,11000100110011110
94-14,11011000110011110
94-15,11010101101011110
94-16,11010100110011110
94-17,11011100110011110
94-18,11001100110011110
94-19,11001101101011110
94-20,11000010110011110
94-21,11001010110011110
94-22,11010010110011110
94-23,11011101101011110
94-24,11011010110011110
94-25,11010110110011110
94-26,11000110110011110
94-27,11000011101011110
94-28,11001110110011110
94-29,11000001110011110
94-30,11011110110011110
94-31,11010011101011110
94-32,11010001110011110
94-33,11011001110011110
94-34,11001001110011110
94-35,11001011101011110
94-36,11000101110011110
94-37,11001101110011110
94-38,11010101110011110
94-39,11011011101011110
94-40,11011101110011110
94-41,11010011110011110
94-42,11000011110011110
94-43,11000111101011110
94-44,11001011110011110
94-45,11000111110011110
94-46,11011011110011110
94-47,11010111101011110
94-48,11010111110011110
94-49,11011111110011110
94-50,11001111110011110
94-51,11001111101011110
94-52,11000000001011110
94-53,11001000001011110
94-54,11010000001011110
94-55,11011111101011110
94-56,11011000001011110
94-57,11010100001011110
94-58,11000100001011110
94-59,11000000011011110
94-60,11001100001011110
94-61,11000010001011110
94-62,11011100001011110
94-63,11010000011011110
94-64,11010010001011110
94-65,11011010001011110
94-66,11001010001011110
94-67,11001000011011110
94-68,11000110001011110
94-69,11001110001011110
94-70,11010110001011110
94-71,11011000011011110
94-72,11011110001011110
94-73,11010001001011110
94-74,11000001001011110
94-75,11000100011011110
94-76,11001001001011110
94-77,11000101001011110
94-78,11011001001011110
94-79,11010100011011110
94-80,11010101001011110
94-81,11011101001011110
94-82,11001101001011110
94-83,11001100011011110
94-84,11000011001011110
94-85,11001011001011110
94-86,11010011001011110
94-87,11011100011011110
94-88,11011011001011110
94-89,11010111001011110
94-90,11000111001011110
94-91,11000010011011110
94-92,11001111001011110
94-93,11000000101011110
94-94,11011111001011110
94-95,11010010011011110
94-96,11010000101011110
94-97,11011000101011110
94-98,11001000101011110
94-99,11001010011011110
94-100,11000100101011110
94-101,11001100101011110
94-102,11010100101011110
94-103,11011010011011110
94-104,11011100101011110
94-105,11010010101011110
94-106,11000010101011110
94-107,11000110011011110
94-108,11001010101011110
94-109,11000110101011110
94-110,11011010101011110
94-111,11010110011011110
94-112,11010110101011110
94-113,11011110101011110
94-114,11001110101011110
94-115,11001110011011110
96-0,11000011001111110
96-1,11001011001111110
96-2,11010011001111110
96-3,11011101101111110
96-4,11000100010111110
96-5,11001100010111110
96-6,11010100010111110
96-7,11011011001111110
96-8,11011100010111110
96-9,11010010010111110
96-10,11000010010111110
96-11,11000111001111110
96-12,11001010010111110
96-13,11000110010111110
96-14,11011010010111110
96-15,11010111001111110
96-16,11010110010111110
96-17,11011110010111110
96-18,11001110010111110
96-19,11001111001111110
96-20,11000001010111110
96-21,11001001010111110
96-22,11010001010111110
96-23,11011111001111110
96-24,11011001010111110
96-25,11010101010111110
96-26,11000101010111110
96-27,11000000101111110
96-28,11001101010111110
96-29,11000011010111110
96-30,11011101010111110
96-31,11010000101111110
96-32,11010011010111110
96-33,11011011010111110
96-34,11001011010111110
96-35,11001000101111110
96-36,11000111010111110
96-37,11001111010111110
96-38,11010111010111110
96-39,11011000101111110
96-40,11011111010111110
96-41,11010000110111110
96-42,11000000110111110
96-43,11000100101111110
96-44,11001000110111110
96-45,11000100110111110
96-46,11011000110111110
96-47,11010100101111110
96-48,11010100110111110
96-49,11011100110111110
96-50,11001100110111110
96-51,11001100101111110
96-52,11000010110111110
96-53,11001010110111110
96-54,11010010110111110
96-55,11011100101111110
96-56,11011010110111110
96-57,11010110110111110
96-58,11000110110111110
96-59,11000010101111110
96-60,11001110110111110
96-61,11000001110111110
96-62,11011110110111110
96-63,11010010101111110
96-64,11010001110111110
96-65,11011001110111110
96-66,11001001110111110
96-67,11001010101111110
96-68,11000101110111110
96-69,11001101110111110
96-70,11010101110111110
96-71,11011010101111110
96-72,11011101110111110
96-73,11010011110111110
96-74,11000011110111110
96-75,11000110101111110
96-76,11001011110111110
96-77,11000111110111110
96-78,11011011110111110
96-79,11010110101111110
96-80,11010111110111110
96-81,11011111110111110
96-82,11001111110111110
96-83,11001110101111110
96-84,11000000001111110
96-85,11001000001111110
96-86,11010000001111110
96-87,11011110101111110
96-88,11011000001111110
96-89,11010100001111110
96-90,11000100001111110
96-91,11000001101111110
96-92,11001100001111110
96-93,11000010001111110
96-94,11011100001111110
96-95,11010001101111110
96-96,11010010001111110
96-97,11011010001111110
96-98,11001010001111110
96-99,11001001101111110
96-100,11000110001111110
96-101,11001110001111110
96-102,11010110001111110
96-103,11011001101111110
96-104,11011110001111110
96-105,11010001001111110
96-106,11000001001111110
96-107,11000101101111110
96-108,11001001001111110
96-109,11000101001111110
96-110,11011001001111110
96-111,11010101101111110
96-112,11010101001111110
96-113,11011101001111110
96-114,11001101001111110
96-115,11001101101111110
97-0,11000000001000001
97-1,11001000001000001
97-2,11010000001000001
97-3,11011111001000001
97-4,11000110100000001
97-5,11001110100000001
97-6,11010110100000001
97-7,11011000001000001
97-8,11011110100000001
97-9,11010001100000001
97-10,11000001100000001
97-11,11000100001000001
97-12,11001001100000001
97-13,11000101100000001
97-14,11011001100000001
97-15,11010100001000001
97-16,11010101100000001
97-17,11011101100000001
97-18,11001101100000001
97-19,11001100001000001
97-20,11000011100000001
97-21,11001011100000001
97-22,11010011100000001
97-23,11011100001000001
97-24,11011011100000001
97-25,11010111100000001
97-26,11000111100000001
97-27,11000010001000001
97-28,11001111100000001
97-29,11000000010000001
97-30,11011111100000001
97-31,11010010001000001
97-32,11010000010000001
97-33,11011000010000001
97-34,11001000010000001
97-35,11001010001000001
97-36,11000100010000001
97-37,11001100010000001
97-38,11010100010000001
97-39,11011010001000001
97-40,11011100010000001
97-41,11010010010000001
97-42,11000010010000001
97-43,11000110001000001
97-44,11001010010000001
97-45,11000110010000001
97-46,11011010010000001
97-47,11010110001000001
97-48,11010110010000001
97-49,11011110010000001
97-50,11001110010000001
97-51,11001110001000001
97-52,11000001010000001
97-53,11001001010000001
97-54,11010001010000001
97-55,11011110001000001
97-56,11011001010000001
97-57,11010101010000001
97-58,11000101010000001
97-59,11000001001000001
97-60,11001101010000001
97-61,11000011010000001
97-62,11011101010000001
97-63,11010001001000001
97-64,11010011010000001
97-65,11011011010000001
97-66,11001011010000001
97-67,11001001001000001
97-68,11000111010000001
97-69,11001111010000001
97-70,11010111010000001
97-71,11011001001000001
97-72,11011111010000001
97-73,11010000110000001
97-74,11000000110000001
97-75,11000101001000001
97-76,11001000110000001
97-77,11000100110000001
97-78,11011000110000001
97-79,11010101001000001
97-80,11010100110000001
97-81,11011100110000001
97-82,11001100110000001
97-83,11001101001000001
97-84,11000010110000001
97-85,11001010110000001
97-86,11010010110000001
97-87,11011101001000001
97-88,11011010110000001
97-89,11010110110000001
97-90,11000110110000001
97-91,11000011001000001
97-92,11001110110000001
97-93,11000001110000001
97-94,11011110110000001
97-95,11010011001000001
97-96,11010001110000001
97-97,11011001110000001
97-98,11001001110000001
97-99,11001011001000001
97-100,11000101110000001
97-101,11001101110000001
97-102,11010101110000001
97-103,11011011001000001
97-104,11011101110000001
97-105,11010011110000001
97-106,11000011110000001
97-107,11000111001000001
97-108,11001011110000001
97-109,11000111110000001
97-110,11011011110000001
97-111,11010111001000001
97-112,11010111110000001
97-113,11011111110000001
97-114,11001111110000001
97-115,11001111001000001
98-0,11000110000000001
98-1,11001110000000001
98-2,11010110000000001
98-3,11011010100000001
98-4,11000011101111110
98-5,11001011101111110
98-6,11010011101111110
98-7,11011110000000001
98-8,11011011101111110
98-9,11010111101111110
98-10,11000111101111110
98-11,11000001000000001
98-12,11001111101111110
98-13,11000000011111110
98-14,11011111101111110
98-15,11010001000000001
98-16,11010000011111110
98-17,11011000011111110
98-18,11001000011111110
98-19,11001001000000001
98-20,11000100011111110
98-21,11001100011111110
98-22,11010100011111110
98-23,11011001000000001
98-24,11011100011111110
98-25,11010010011111110
98-26,11000010011111110
98-27,11000101000000001
98-28,11001010011111110
98-29,11000110011111110
98-30,11011010011111110
98-31,11010101000000001
98-32,11010110011111110
98-33,11011110011111110
98-34,11001110011111110
98-35,11001101000000001
98-36,11000001011111110
98-37,11001001011111110
98-38,11010001011111110
98-39,11011101000000001
98-40,11011001011111110
98-41,11010101011111110
98-42,11000101011111110
98-43,11000011000000001
98-44,11001101011111110
98-45,11000011011111110
98-46,11011101011111110
98-47,11010011000000001
98-48,11010011011111110
98-49,11011011011111110
98-50,11001011011111110
98-51,11001011000000001
98-52,11000111011111110
98-53,11001111011111110
98-54,11010111011111110
98-55,11011011000000001
98-56,11011111011111110
98-57,11010000111111110
98-58,11000000111111110
98-59,11000111000000001
98-60,11001000111111110
98-61,11000100111111110
98-62,11011000111111110
98-63,11010111000000001
98-64,11010100111111110
98-65,11011100111111110
98-66,11001100111111110
98-67,11001111000000001
98-68,11000010111111110
98-69,11001010111111110
98-70,11010010111111110
98-71,11011111000000001
98-72,11011010111111110
98-73,11010110111111110
98-74,11000110111111110
98-75,11000000100000001
98-76,11001110111111110
98-77,11000001111111110
98-78,11011110111111110
98-79,11010000100000001
98-80,11010001111111110
98-81,11011001111111110
98-82,11001001111111110
98-83,11001000100000001
98-84,11000101111111110
98-85,11001101111111110
98-86,11010101111111110
98-87,11011000100000001
98-88,11011101111111110
98-89,11010011111111110
98-90,11000011111111110
98-91,11000100100000001
98-92,11001011111111110
98-93,11000111111111110
98-94,11011011111111110
98-95,11010100100000001
98-96,11010111111111110
98-97,11011111111111110
98-98,11001111111111110
98-99,11001100100000001
98-100,11000000000000001
98-101,11001000000000001
98-102,11010000000000001
98-103,11011100100000001
98-104,11011000000000001
98-105,11010100000000001
98-106,11000100000000001
98-107,11000010100000001
98-108,11001100000000001
98-109,11000010000000001
98-110,11011100000000001
98-111,11010010100000001
98-112,11010010000000001
98-113,11011010000000001
98-114,11001010000000001
98-115,11001010100000001
100-0,11000101111000001
100-1,11001101111000001
100-2,11010101111000001
100-3,11011001000100001
100-4,11000000101000001
100-5,11001000101000001
100-6,11010000101000001
100-7,11011101111000001
100-8,11011000101000001
100-9,11010100101000001
100-10,11000100101000001
100-11,11000011111000001
100-12,11001100101000001
100-13,11000010101000001
100-14,11011100101000001
100-15,11010011111000001
100-16,11010010101000001
100-17,11011010101000001
100-18,11001010101000001
100-19,11001011111000001
100-20,11000110101000001
100-21,11001110101000001
100-22,11010110101000001
100-23,11011011111000001
100-24,11011110101000001
100-25,11010001101000001
100-26,11000001101000001
100-27,11000111111000001
100-28,11001001101000001
100-29,11000101101000001
100-30,11011001101000001
100-31,11010111111000001
100-32,11010101101000001
100-33,11011101101000001
100-34,11001101101000001
100-35,11001111111000001
100-36,11000011101000001
100-37,11001011101000001
100-38,11010011101000001
100-39,11011111111000001
100-40,11011011101000001
100-41,11010111101000001
100-42,11000111101000001
100-43,11000000000100001
100-44,11001111101000001
100-45,11000000011000001
100-46,11011111101000001
100-47,11010000000100001
100-48,11010000011000001
100-49,11011000011000001
100-50,11001000011000001
100-51,11001000000100001
100-52,11000100011000001
100-53,11001100011000001
100-54,11010100011000001
100-55,11011000000100001
100-56,11011100011000001
100-57,11010010011000001
100-58,11000010011000001
100-59,11000100000100001
100-60,11001010011000001
100-61,11000110011000001
100-62,11011010011000001
100-63,11010100000100001
100-64,11010110011000001
100-65,11011110011000001
100-66,11001110011000001
100-67,11001100000100001
100-68,11000001011000001
100-69,11001001011000001
100-70,11010001011000001
100-71,11011100000100001
100-72,11011001011000001
100-73,11010101011000001
100-74,11000101011000001
100-75,11000010000100001
100-76,11001101011000001
100-77,11000011011000001
100-78,11011101011000001
100-79,11010010000100001
100-80,11010011011000001
100-81,11011011011000001
100-82,11001011011000001
100-83,11001010000100001
100-84,11000111011000001
100-85,11001111011000001
100-86,11010111011000001
100-87,11011010000100001
100-88,11011111011000001
100-89,11010000111000001
100-90,11000000111000001
100-91,11000110000100001
100-92,11001000111000001
100-93,11000100111000001
100-94,11011000111000001
100-95,11010110000100001
100-96,11010100111000001
100-97,11011100111000001
100-98,11001100111000001
100-99,11001110000100001
100-100,11000010111000001
100-101,11001010111000001
100-102,11010010111000001
100-103,11011110000100001
100-104,11011010111000001
100-105,11010110111000001
100-106,11000110111000001
100-107,11000001000100001
100-108,11001110111000001
100-109,11000001111000001
100-110,11011110111000001
100-111,11010001000100001
100-112,11010001111000001
100-113,11011001111000001
100-114,11001001111000001
100-115,11001001000100001
101-0,11000111011100001
101-1,11001111011100001
101-2,11010111011100001
101-3,11011011111100001
101-4,11000010001100001
101-5,11001010001100001
101-6,11010010001100001
101-7,11011111011100001
101-8,11011010001100001
101-9,11010110001100001
101-10,11000110001100001
101-11,11000000111100001
101-12,11001110001100001
101-13,11000001001100001
101-14,11011110001100001
101-15,11010000111100001
101-16,11010001001100001
101-17,11011001001100001
101-18,11001001001100001
101-19,11001000111100001
101-20,11000101001100001
101-21,11001101001100001
101-22,11010101001100001
101-23,11011000111100001
101-24,11011101001100001
101-25,11010011001100001
101-26,11000011001100001
101-27,11000100111100001
101-28,11001011001100001
101-29,11000111001100001
101-30,11011011001100001
101-31,11010100111100001
101-32,11010111001100001
101-33,11011111001100001
101-34,11001111001100001
101-35,11001100111100001
101-36,11000000101100001
101-37,11001000101100001
101-38,11010000101100001
101-39,11011100111100001
101-40,11011000101100001
101-41,11010100101100001
101-42,11000100101100001
101-43,11000010111100001
101-44,11001100101100001
101-45,11000010101100001
101-46,11011100101100001
101-47,11010010111100001
101-48,11010010101100001
101-49,11011010101100001
101-50,11001010101100001
101-51,11001010111100001
101-52,11000110101100001
101-53,11001110101100001
101-54,11010110101100001
101-55,11011010111100001
101-56,11011110101100001
101-57,11010001101100001
101-58,11000001101100001
101-59,11000110111100001
101-60,11001001101100001
101-61,11000101101100001
101-62,11011001101100001
101-63,11010110111100001
101-64,11010101101100001
101-65,11011101101100001
101-66,11001101101100001
101-67,11001110111100001
101-68,11000011101100001
101-69,11001011101100001
101-70,11010011101100001
101-71,11011110111100001
101-72,11011011101100001
101-73,11010111101100001
101-74,11000111101100001
101-75,11000001111100001
101-76,11001111101100001
101-77,11000000011100001
101-78,11011111101100001
101-79,11010001111100001
101-80,11010000011100001
101-81,11011000011100001
101-82,11001000011100001
101-83,11001001111100001
101-84,11000100011100001
101-85,11001100011100001
101-86,11010100011100001
101-87,11011001111100001
101-88,11011100011100001
101-89,11010010011100001
101-90,11000010011100001
101-91,11000101111100001
101-92,11001010011100001
101-93,11000110011100001
101-94,11011010011100001
101-95,11010101111100001
101-96,11010110011100001
101-97,11011110011100001
101-98,11001110011100001
101-99,11001101111100001
101-100,11000001011100001
101-101,11001001011100001
101-102,11010001011100001
101-103,11011101111100001
101-104,11011001011100001
101-105,11010101011100001
101-106,11000101011100001
101-107,11000011111100001
101-108,11001101011100001
101-109,11000011011100001
101-110,11011101011100001
101-111,11010011111100001
101-112,11010011011100001
101-113,11011011011100001
101-114,11001011011100001
101-115,11001011111100001
102-0,11000010110100001
102-1,11001010110100001
102-2,11010010110100001
102-3,11011100001100001
102-4,11000101000100001
102-5,11001101000100001
102-6,11010101000100001
102-7,11011010110100001
102-8,11011101000100001
102-9,11010011000100001
102-10,11000011000100001
102-11,11000110110100001
102-12,11001011000100001
102-13,11000111000100001
102-14,11011011000100001
102-15,11010110110100001
102-16,11010111000100001
102-17,11011111000100001
102-18,11001111000100001
102-19,11001110110100001
102-20,11000000100100001
102-21,11001000100100001
102-22,11010000100100001
102-23,11011110110100001
102-24,11011000100100001
102-25,11010100100100001
102-26,11000100100100001
102-27,11000001110100001
102-28,11001100100100001
102-29,11000010100100001
102-30,11011100100100001
102-31,11010001110100001
102-32,11010010100100001
102-33,11011010100100001
102-34,11001010100100001
102-35,11001001110100001
102-36,11000110100100001
102-37,11001110100100001
102-38,11010110100100001
102-39,11011001110100001
102-40,11011110100100001
102-41,11010001100100001
102-42,11000001100100001
102-43,11000101110100001
102-44,11001001100100001
102-45,11000101100100001
102-46,11011001100100001
102-47,11010101110100001
102-48,11010101100100001
102-49,11011101100100001
102-50,11001101100100001
102-51,11001101110100001
102-52,11000011100100001
102-53,11001011100100001
102-54,11010011100100001
102-55,11011101110100001
102-56,11011011100100001
102-57,11010111100100001
102-58,11000111100100001
102-59,11000011110100001
102-60,11001111100100001
102-61,11000000010100001
102-62,11011111100100001
102-63,11010011110100001
102-64,11010000010100001
102-65,11011000010100001
102-66,11001000010100001
102-67,11001011110100001
102-68,11000100010100001
102-69,11001100010100001
102-70,11010100010100001
102-71,11011011110100001
102-72,11011100010100001
102-73,11010010010100001
102-74,11000010010100001
102-75,11000111110100001
102-76,11001010010100001
102-77,11000110010100001
102-78,11011010010100001
102-79,11010111110100001
102-80,11010110010100001
102-81,11011110010100001
102-82,11001110010100001
102-83,11001111110100001
102-84,11000001010100001
102-85,11001001010100001
102-86,11010001010100001
102-87,11011111110100001
102-88,11011001010100001
102-89,11010101010100001
102-90,11000101010100001
102-91,11000000001100001
102-92,11001101010100001
102-93,11000011010100001
102-94,11011101010100001
102-95,11010000001100001
102-96,11010011010100001
102-97,11011011010100001
102-98,11001011010100001
102-99,11001000001100001
102-100,11000111010100001
102-101,11001111010100001
102-102,11010111010100001
102-103,11011000001100001
102-104,11011111010100001
102-105,11010000110100001
102-106,11000000110100001
102-107,11000100001100001
102-108,11001000110100001
102-109,11000100110100001
102-110,11011000110100001
102-111,11010100001100001
102-112,11010100110100001
102-113,11011100110100001
102-114,11001100110100001
102-115,11001100001100001
104-0,11000001010010001
104-1,11001001010010001
104-2,11010001010010001
104-3,11011110110010001
104-4,11000111111100001
104-5,11001111111100001
104-6,11010111111100001
104-7,11011001010010001
104-8,11011111111100001
104-9,11010000000010001
104-10,11000000000010001
104-11,11000101010010001
104-12,11001000000010001
104-13,11000100000010001
104-14,11011000000010001
104-15,11010101010010001
104-16,11010100000010001
104-17,11011100000010001
104-18,11001100000010001
104-19,11001101010010001
104-20,11000010000010001
104-21,11001010000010001
104-22,11010010000010001
104-23,11011101010010001
104-24,11011010000010001
104-25,11010110000010001
104-26,11000110000010001
104-27,11000011010010001
104-28,11001110000010001
104-29,11000001000010001
104-30,11011110000010001
104-31,11010011010010001
104-32,11010001000010001
104-33,11011001000010001
104-34,11001001000010001
104-35,11001011010010001
104-36,11000101000010001
104-37,11001101000010001
104-38,11010101000010001
104-39,11011011010010001
104-40,11011101000010001
104-41,11010011000010001
104-42,11000011000010001
104-43,11000111010010001
104-44,11001011000010001
104-45,11000111000010001
104-46,11011011000010001
104-47,11010111010010001
104-48,11010111000010001
104-49,11011111000010001
104-50,11001111000010001
104-51,11001111010010001
104-52,11000000100010001
104-53,11001000100010001
104-54,11010000100010001
104-55,11011111010010001
104-56,11011000100010001
104-57,11010100100010001
104-58,11000100100010001
104-59,11000000110010001
104-60,11001100100010001
104-61,11000010100010001
104-62,11011100100010001
104-63,11010000110010001
104-64,11010010100010001
104-65,11011010100010001
104-66,11001010100010001
104-67,11001000110010001
104-68,11000110100010001
104-69,11001110100010001
104-70,11010110100010001
104-71,11011000110010001
104-72,11011110100010001
104-73,11010001100010001
104-74,11000001100010001
104-75,11000100110010001
104-76,11001001100010001
104-77,11000101100010001
104-78,11011001100010001
104-79,11010100110010001
104-80,11010101100010001
104-81,11011101100010001
104-82,11001101100010001
104-83,11001100110010001
104-84,11000011100010001
104-85,11001011100010001
104-86,11010011100010001
104-87,11011100110010001
104-88,11011011100010001
104-89,11010111100010001
104-90,11000111100010001
104-91,11000010110010001
104-92,11001111100010001
104-93,11000000010010001
104-94,11011111100010001
104-95,11010010110010001
104-96,11010000010010001
104-97,11011000010010001
104-98,11001000010010001
104-99,11001010110010001
104-100,11000100010010001
104-101,11001100010010001
104-102,11010100010010001
104-103,11011010110010001
104-104,11011100010010001
104-105,11010010010010001
104-106,11000010010010001
104-107,11000110110010001
104-108,11001010010010001
104-109,11000110010010001
104-110,11011010010010001
104-111,11010110110010001
104-112,11010110010010001
104-113,11011110010010001
104-114,11001110010010001
104-115,11001110110010001
105-0,11000011100110001
105-1,11001011100110001
105-2,11010011100110001
105-3,11011101010110001
105-4,11000100111010001
105-5,11001100111010001
105-6,11010100111010001
105-7,11011011100110001
105-8,11011100111010001
105-9,11010010111010001
105-10,11000010111010001
105-11,11000111100110001
105-12,11001010111010001
105-13,11000110111010001
105-14,11011010111010001
105-15,11010111100110001
105-16,11010110111010001
105-17,11011110111010001
105-18,11001110111010001
105-19,11001111100110001
105-20,11000001111010001
105-21,11001001111010001
105-22,11010001111010001
105-23,11011111100110001
105-24,11011001111010001
105-25,11010101111010001
105-26,11000101111010001
105-27,11000000010110001
105-28,11001101111010001
105-29,11000011111010001
105-30,11011101111010001
105-31,11010000010110001
105-32,11010011111010001
105-33,11011011111010001
105-34,11001011111010001
105-35,11001000010110001
105-36,11000111111010001
105-37,11001111111010001
105-38,11010111111010001
105-39,11011000010110001
105-40,11011111111010001
105-41,11010000000110001
105-42,11000000000110001
105-43,11000100010110001
105-44,11001000000110001
105-45,11000100000110001
105-46,11011000000110001
105-47,11010100010110001
105-48,11010100000110001
105-49,11011100000110001
105-50,11001100000110001
105-51,11001100010110001
105-52,11000010000110001
105-53,11001010000110001
105-54,11010010000110001
105-55,11011100010110001
105-56,11011010000110001
105-57,11010110000110001
105-58,11000110000110001
105-59,11000010010110001
105-60,11001110000110001
105-61,11000001000110001
105-62,11011110000110001
105-63,11010010010110001
105-64,11010001000110001
105-65,11011001000110001
105-66,11001001000110001
105-67,11001010010110001
105-68,11000101000110001
105-69,11001101000110001
105-70,11010101000110001
105-71,11011010010110001
105-72,11011101000110001
105-73,11010011000110001
105-74,11000011000110001
105-75,11000110010110001
105-76,11001011000110001
105-77,11000111000110001
105-78,11011011000110001
105-79,11010110010110001
105-80,11010111000110001
105-81,11011111000110001
105-82,11001111000110001
105-83,11001110010110001
105-84,11000000100110001
105-85,11001000100110001
105-86,11010000100110001
105-87,11011110010110001
105-88,11011000100110001
105-89,11010100100110001
105-90,11000100100110001
105-91,11000001010110001
105-92,11001100100110001
105-93,11000010100110001
105-94,11011100100110001
105-95,11010001010110001
105-96,11010010100110001
105-97,11011010100110001
105-98,11001010100110001
105-99,11001001010110001
105-100,11000110100110001
105-101,11001110100110001
105-102,11010110100110001
105-103,11011001010110001
105-104,11011110100110001
105-105,11010001100110001
105-106,11000001100110001
105-107,11000101010110001
105-108,11001001100110001
105-109,11000101100110001
105-110,11011001100110001
105-111,11010101010110001
105-112,11010101100110001
105-113,11011101100110001
105-114,11001101100110001
105-115,11001101010110001
106-0,11000100011010001
106-1,11001100011010001
106-2,11010100011010001
106-3,11011000111010001
106-4,11000001110010001
106-5,11001001110010001
106-6,11010001110010001
106-7,11011100011010001
106-8,11011001110010001
106-9,11010101110010001
106-10,11000101110010001
106-11,11000010011010001
106-12,11001101110010001
106-13,11000011110010001
106-14,11011101110010001
106-15,11010010011010001
106-16,11010011110010001
106-17,11011011110010001
106-18,11001011110010001
106-19,11001010011010001
106-20,11000111110010001
106-21,11001111110010001
106-22,11010111110010001
106-23,11011010011010001
106-24,11011111110010001
106-25,11010000001010001
106-26,11000000001010001
106-27,11000110011010001
106-28,11001000001010001
106-29,11000100001010001
106-30,11011000001010001
106-31,11010110011010001
106-32,11010100001010001
106-33,11011100001010001
106-34,11001100001010001
106-35,11001110011010001
106-36,11000010001010001
106-37,11001010001010001
106-38,11010010001010001
106-39,11011110011010001
106-40,11011010001010001
106-41,11010110001010001
106-42,11000110001010001
106-43,11000001011010001
106-44,11001110001010001
106-45,11000001001010001
106-46,11011110001010001
106-47,11010001011010001
106-48,11010001001010001
106-49,11011001001010001
106-50,11001001001010001
106-51,11001001011010001
106-52,11000101001010001
106-53,11001101001010001
106-54,11010101001010001
106-55,11011001011010001
106-56,11011101001010001
106-57,11010011001010001
106-58,11000011001010001
106-59,11000101011010001
106-60,11001011001010001
106-61,11000111001010001
106-62,11011011001010001
106-63,11010101011010001
106-64,11010111001010001
106-65,11011111001010001
106-66,11001111001010001
106-67,11001101011010001
106-68,11000000101010001
106-69,11001000101010001
106-70,11010000101010001
106-71,11011101011010001
106-72,11011000101010001
106-73,11010100101010001
106-74,11000100101010001
106-75,11000011011010001
106-76,11001100101010001
106-77,11000010101010001
106-78,11011100101010001
106-79,11010011011010001
106-80,11010010101010001
106-81,11011010101010001
106-82,11001010101010001
106-83,11001011011010001
106-84,11000110101010001
106-85,11001110101010001
106-86,11010110101010001
106-87,11011011011010001
106-88,11011110101010001
106-89,11010001101010001
106-90,11000001101010001
106-91,11000111011010001
106-92,11001001101010001
106-93,11000101101010001
106-94,11011001101010001
106-95,11010111011010001
106-96,11010101101010001
106-97,11011101101010001
106-98,11001101101010001
106-99,11001111011010001
106-100,11000011101010001
106-101,11001011101010001
106-102,11010011101010001
106-103,11011111011010001
106-104,11011011101010001
106-105,11010111101010001
106-106,11000111101010001
106-107,11000000111010001
106-108,11001111101010001
106-109,11000000011010001
106-110,11011111101010001
106-111,11010000111010001
106-112,11010000011010001
106-113,11011000011010001
106-114,11001000011010001
106-115,11001000111010001
108-0,11000110101110001
108-1,11001110101110001
108-2,11010110101110001
108-3,11011010011110001
108-4,11000011010110001
108-5,11001011010110001
108-6,11010011010110001
108-7,11011110101110001
108-8,11011011010110001
108-9,11010111010110001
108-10,11000111010110001
108-11,11000001101110001
108-12,11001111010110001
108-13,11000000110110001
108-14,11011111010110001
108-15,11010001101110001
108-16,11010000110110001
108-17,11011000110110001
108-18,11001000110110001
108-19,11001001101110001
108-20,11000100110110001
108-21,11001100110110001
108-22,11010100110110001
108-23,11011001101110001
108-24,11011100110110001
108-25,11010010110110001
108-26,11000010110110001
108-27,11000101101110001
108-28,11001010110110001
108-29,11000110110110001
108-30,11011010110110001
108-31,11010101101110001
108-32,11010110110110001
108-33,11011110110110001
108-34,11001110110110001
108-35,11001101101110001
108-36,11000001110110001
108-37,11001001110110001
108-38,11010001110110001
108-39,11011101101110001
108-40,11011001110110001
108-41,11010101110110001
108-42,11000101110110001
108-43,11000011101110001
108-44,11001101110110001
108-45,11000011110110001
108-46,11011101110110001
108-47,11010011101110001
108-48,11010011110110001
108-49,11011011110110001
108-50,11001011110110001
108-51,11001011101110001
108-52,11000111110110001
108-53,11001111110110001
108-54,11010111110110001
108-55,11011011101110001
108-56,11011111110110001
108-57,11010000001110001
108-58,11000000001110001
108-59,11000111101110001
108-60,11001000001110001
108-61,11000100001110001
108-62,11011000001110001
108-63,11010111101110001
108-64,11010100001110001
108-65,11011100001110001
108-66,11001100001110001
108-67,11001111101110001
108-68,11000010001110001
108-69,11001010001110001
108-70,11010010001110001
108-71,11011111101110001
108-72,11011010001110001
108-73,11010110001110001
108-74,11000110001110001
108-75,11000000011110001
108-76,11001110001110001
108-77,11000001001110001
108-78,11011110001110001
108-79,11010000011110001
108-80,11010001001110001
108-81,11011001001110001
108-82,11001001001110001
108-83,11001000011110001
108-84,11000101001110001
108-85,11001101001110001
108-86,11010101001110001
108-87,11011000011110001
108-88,11011101001110001
108-89,11010011001110001
108-90,11000011001110001
108-91,11000100011110001
108-92,11001011001110001
108-93,11000111001110001
108-94,11011011001110001
108-95,11010100011110001
108-96,11010111001110001
108-97,11011111001110001
108-98,11001111001110001
108-99,11001100011110001
108-100,11000000101110001
108-101,11001000101110001
108-102,11010000101110001
108-103,11011100011110001
108-104,11011000101110001
108-105,11010100101110001
108-106,11000100101110001
108-107,11000010011110001
108-108,11001100101110001
108-109,11000010101110001
108-110,11011100101110001
108-111,11010010011110001
108-112,11010010101110001
108-113,11011010101110001
108-114,11001010101110001
108-115,11001010011110001
109-0,11000101001001001
109-1,11001101001001001
109-2,11010101001001001
109-3,11011001101001001
109-4,11000000010001001
109-5,11001000010001001
109-6,11010000010001001
109-7,11011101001001001
109-8,11011000010001001
109-9,11010100010001001
109-10,11000100010001001
109-11,11000011001001001
109-12,11001100010001001
109-13,11000010010001001
109-14,11011100010001001
109-15,11010011001001001
109-16,11010010010001001
109-17,11011010010001001
109-18,11001010010001001
109-19,11001011001001001
109-20,11000110010001001
109-21,11001110010001001
109-22,11010110010001001
109-23,11011011001001001
109-24,11011110010001001
109-25,11010001010001001
109-26,11000001010001001
109-27,11000111001001001
109-28,11001001010001001
109-29,11000101010001001
109-30,11011001010001001
109-31,11010111001001001
109-32,11010101010001001
109-33,11011101010001001
109-34,11001101010001001
109-35,11001111001001001
109-36,11000011010001001
109-37,11001011010001001
109-38,11010011010001001
109-39,11011111001001001
109-40,11011011010001001
109-41,11010111010001001
109-42,11000111010001001
109-43,11000000101001001
109-44,11001111010001001
109-45,11000000110001001
109-46,11011111010001001
109-47,11010000101001001
109-48,11010000110001001
109-49,11011000110001001
109-50,11001000110001001
109-51,11001000101001001
109-52,11000100110001001
109-53,11001100110001001
109-54,11010100110001001
109-55,11011000101001001
109-56,11011100110001001
109-57,11010010110001001
109-58,11000010110001001
109-59,11000100101001001
109-60,11001010110001001
109-61,11000110110001001
109-62,11011010110001001
109-63,11010100101001001
109-64,11010110110001001
109-65,11011110110001001
109-66,11001110110001001
109-67,11001100101001001
109-68,11000001110001001
109-69,11001001110001001
109-70,11010001110001001
109-71,11011100101001001
109-72,11011001110001001
109-73,11010101110001001
109-74,11000101110001001
109-75,11000010101001001
109-76,11001101110001001
109-77,11000011110001001
109-78,11011101110001001
109-79,11010010101001001
109-80,11010011110001001
109-81,11011011110001001
109-82,11001011110001001
109-83,11001010101001001
109-84,11000111110001001
109-85,11001111110001001
109-86,11010111110001001
109-87,11011010101001001
109-88,11011111110001001
109-89,11010000001001001
109-90,11000000001001001
109-91,11000110101001001
109-92,11001000001001001
109-93,11000100001001001
109-94,11011000001001001
109-95,11010110101001001
109-96,11010100001001001
109-97,11011100001001001
109-98,11001100001001001
109-99,11001110101001001
109-100,11000010001001001
109-101,11001010001001001
109-102,11010010001001001
109-103,11011110101001001
109-104,11011010001001001
109-105,11010110001001001
109-106,11000110001001001
109-107,11000001101001001
109-108,11001110001001001
109-109,11000001001001001
109-110,11011110001001001
109-111,11010001101001001
109-112,11010001001001001
109-113,11011001001001001
109-114,11001001001001001
109-115,11001001101001001
110-0,11000000100001001
110-1,11001000100001001
110-2,11010000100001001
110-3,11011111100001001
110-4,11000110011110001
110-5,11001110011110001
110-6,11010110011110001
110-7,11011000100001001
110-8,11011110011110001
110-9,11010001011110001
110-10,11000001011110001
110-11,11000100100001001
110-12,11001001011110001
110-13,11000101011110001
110-14,11011001011110001
110-15,11010100100001001
110-16,11010101011110001
110-17,11011101011110001
110-18,11001101011110001
110-19,11001100100001001
110-20,11000011011110001
110-21,11001011011110001
110-22,11010011011110001
110-23,11011100100001001
110-24,11011011011110001
110-25,11010111011110001
110-26,11000111011110001
110-27,11000010100001001
110-28,11001111011110001
110-29,11000000111110001
110-30,11011111011110001
110-31,11010010100001001
110-32,11010000111110001
110-33,11011000111110001
110-34,11001000111110001
110-35,11001010100001001
110-36,11000100111110001
110-37,11001100111110001
110-38,11010100111110001
110-39,11011010100001001
110-40,11011100111110001
110-41,11010010111110001
110-42,11000010111110001
110-43,11000110100001001
110-44,11001010111110001
110-45,11000110111110001
110-46,11011010111110001
110-47,11010110100001001
110-48,11010110111110001
110-49,11011110111110001
110-50,11001110111110001
110-51,11001110100001001
110-52,11000001111110001
110-53,11001001111110001
110-54,11010001111110001
110-55,11011110100001001
110-56,11011001111110001
110-57,11010101111110001
110-58,11000101111110001
110-59,11000001100001001
110-60,11001101111110001
110-61,11000011111110001
110-62,11011101111110001
110-63,11010001100001001
110-64,11010011111110001
110-65,11011011111110001
110-66,11001011111110001
110-67,11001001100001001
110-68,11000111111110001
110-69,11001111111110001
110-70,11010111111110001
110-71,11011001100001001
110-72,11011111111110001
110-73,11010000000001001
110-74,11000000000001001
110-75,11000101100001001
110-76,11001000000001001
110-77,11000100000001001
110-78,11011000000001001
110-79,11010101100001001
110-80,11010100000001001
110-81,11011100000001001
110-82,11001100000001001
110-83,11001101100001001
110-84,11000010000001001
110-85,11001010000001001
110-86,11010010000001001
110-87,11011101100001001
110-88,11011010000001001
110-89,11010110000001001
110-90,11000110000001001
110-91,11000011100001001
110-92,11001110000001001
110-93,11000001000001001
110-94,11011110000001001
110-95,11010011100001001
110-96,11010001000001001
110-97,11011001000001001
110-98,11001001000001001
110-99,11001011100001001
110-100,11000101000001001
110-101,11001101000001001
110-102,11010101000001001
110-103,11011011100001001
110-104,11011101000001001
110-105,11010011000001001
110-106,11000011000001001
110-107,11000111100001001
110-108,11001011000001001
110-109,11000111000001001
110-110,11011011000001001
110-111,11010111100001001
110-112,11010111000001001
110-113,11011111000001001
110-114,11001111000001001
110-115,11001111100001001
112-0,11000010000101001
112-1,11001010000101001
112-2,11010010000101001
112-3,11011100100101001
112-4,11000101101001001
112-5,11001101101001001
112-6,11010101101001001
112-7,11011010000101001
112-8,11011101101001001
112-9,11010011101001001
112-10,11000011101001001
112-11,11000110000101001
112-12,11001011101001001
112-13,11000111101001001
112-14,11011011101001001
112-15,11010110000101001
112-16,11010111101001001
112-17,11011111101001001
112-18,11001111101001001
112-19,11001110000101001
112-20,11000000011001001
112-21,11001000011001001
112-22,11010000011001001
112-23,11011110000101001
112-24,11011000011001001
112-25,11010100011001001
112-26,11000100011001001
112-27,11000001000101001
112-28,11001100011001001
112-29,11000010011001001
112-30,11011100011001001
112-31,11010001000101001
112-32,11010010011001001
112-33,11011010011001001
112-34,11001010011001001
112-35,11001001000101001
112-36,11000110011001001
112-37,11001110011001001
112-38,11010110011001001
112-39,11011001000101001
112-40,11011110011001001
112-41,11010001011001001
112-42,11000001011001001
112-43,11000101000101001
112-44,11001001011001001
112-45,11000101011001001
112-46,11011001011001001
112-47,11010101000101001
112-48,11010101011001001
112-49,11011101011001001
112-50,11001101011001001
112-51,11001101000101001
112-52,11000011011001001
112-53,11001011011001001
112-54,11010011011001001
112-55,11011101000101001
112-56,11011011011001001
112-57,11010111011001001
112-58,11000111011001001
112-59,11000011000101001
112-60,11001111011001001
112-61,11000000111001001
112-62,11011111011001001
112-63,11010011000101001
112-64,11010000111001001
112-65,11011000111001001
112-66,11001000111001001
112-67,11001011000101001
112-68,11000100111001001
112-69,11001100111001001
112-70,11010100111001001
112-71,11011011000101001
112-72,11011100111001001
112-73,11010010111001001
112-74,11000010111001001
112-75,11000111000101001
112-76,11001010111001001
112-77,11000110111001001
112-78,11011010111001001
112-79,11010111000101001
112-80,11010110111001001
112-81,11011110111001001
112-82,11001110111001001
112-83,11001111000101001
112-84,11000001111001001
112-85,11001001111001001
112-86,11010001111001001
112-87,11011111000101001
112-88,11011001111001001
112-89,11010101111001001
112-90,11000101111001001
112-91,11000000100101001
112-92,11001101111001001
112-93,11000011111001001
112-94,11011101111001001
112-95,11010000100101001
112-96,11010011111001001
112-97,11011011111001001
112-98,11001011111001001
112-99,11001000100101001
112-100,11000111111001001
112-101,11001111111001001
112-102,11010111111001001
112-103,11011000100101001
112-104,11011111111001001
112-105,11010000000101001
112-106,11000000000101001
112-107,11000100100101001
112-108,11001000000101001
112-109,11000100000101001
112-110,11011000000101001
112-111,11010100100101001
112-112,11010100000101001
112-113,11011100000101001
112-114,11001100000101001
112-115,11001100100101001
113-0,11000001111101001
113-1,11001001111101001
113-2,11010001111101001
113-3,11011110000011001
113-4,11000111001101001
113-5,11001111001101001
113-6,11010111001101001
113-7,11011001111101001
113-8,11011111001101001
113-9,11010000101101001
113-10,11000000101101001
113-11,11000101111101001
113-12,11001000101101001
113-13,11000100101101001
113-14,11011000101101001
113-15,11010101111101001
113-16,11010100101101001
113-17,11011100101101001
113-18,11001100101101001
113-19,11001101111101001
113-20,11000010101101001
113-21,11001010101101001
113-22,11010010101101001
113-23,11011101111101001
113-24,11011010101101001
113-25,11010110101101001
113-26,11000110101101001
113-27,11000011111101001
113-28,11001110101101001
113-29,11000001101101001
113-30,11011110101101001
113-31,11010011111101001
113-32,11010001101101001
113-33,11011001101101001
113-34,11001001101101001
113-35,11001011111101001
113-36,11000101101101001
113-37,11001101101101001
113-38,11010101101101001
113-39,11011011111101001
113-40,11011101101101001
113-41,11010011101101001
113-42,11000011101101001
113-43,11000111111101001
113-44,11001011101101001
113-45,11000111101101001
113-46,11011011101101001
113-47,11010111111101001
113-48,11010111101101001
113-49,11011111101101001
113-50,11001111101101001
113-51,11001111111101001
113-52,11000000011101001
113-53,11001000011101001
113-54,11010000011101001
113-55,11011111111101001
113-56,11011000011101001
113-57,11010100011101001
113-58,11000100011101001
113-59,11000000000011001
113-60,11001100011101001
113-61,11000010011101001
113-62,11011100011101001
113-63,11010000000011001
113-64,11010010011101001
113-65,11011010011101001
113-66,11001010011101001
113-67,11001000000011001
113-68,11000110011101001
113-69,11001110011101001
113-70,11010110011101001
113-71,11011000000011001
113-72,11011110011101001
113-73,11010001011101001
113-74,11000001011101001
113-75,11000100000011001
113-76,11001001011101001
113-77,11000101011101001
113-78,11011001011101001
113-79,11010100000011001
113-80,11010101011101001
113-81,11011101011101001
113-82,11001101011101001
113-83,11001100000011001
113-84,11000011011101001
113-85,11001011011101001
113-86,11010011011101001
113-87,11011100000011001
113-88,11011011011101001
113-89,11010111011101001
113-90,11000111011101001
113-91,11000010000011001
113-92,11001111011101001
113-93,11000000111101001
113-94,11011111011101001
113-95,11010010000011001
113-96,11010000111101001
113-97,11011000111101001
113-98,11001000111101001
113-99,11001010000011001
113-100,11000100111101001
113-101,11001100111101001
113-102,11010100111101001
113-103,11011010000011001
113-104,11011100111101001
113-105,11010010111101001
113-106,11000010111101001
113-107,11000110000011001
113-108,11001010111101001
113-109,11000110111101001
113-110,11011010111101001
113-111,11010110000011001
113-112,11010110111101001
113-113,11011110111101001
113-114,11001110111101001
113-115,11001110000011001
114-0,11000111110101001
114-1,11001111110101001
114-2,11010111110101001
114-3,11011011001101001
114-4,11000010100101001
114-5,11001010100101001
114-6,11010010100101001
114-7,11011111110101001
114-8,11011010100101001
114-9,11010110100101001
114-10,11000110100101001
114-11,11000000001101001
114-12,11001110100101001
114-13,11000001100101001
114-14,11011110100101001
114-15,11010000001101001
114-16,11010001100101001
114-17,11011001100101001
114-18,11001001100101001
114-19,11001000001101001
114-20,11000101100101001
114-21,11001101100101001
114-22,11010101100101001
114-23,11011000001101001
114-24,11011101100101001
114-25,11010011100101001
114-26,11000011100101001
114-27,11000100001101001
114-28,11001011100101001
114-29,11000111100101001
114-30,11011011100101001
114-31,11010100001101001
114-32,11010111100101001
114-33,11011111100101001
114-34,11001111100101001
114-35,11001100001101001
114-36,11000000010101001
114-37,11001000010101001
114-38,11010000010101001
114-39,11011100001101001
114-40,11011000010101001
114-41,11010100010101001
114-42,11000100010101001
114-43,11000010001101001
114-44,11001100010101001
114-45,11000010010101001
114-46,11011100010101001
114-47,11010010001101001
114-48,11010010010101001
114-49,11011010010101001
114-50,11001010010101001
114-51,11001010001101001
114-52,11000110010101001
114-53,11001110010101001
114-54,11010110010101001
114-55,11011010001101001
114-56,11011110010101001
114-57,11010001010101001
114-58,11000001010101001
114-59,11000110001101001
114-60,11001001010101001
114-61,11000101010101001
114-62,11011001010101001
114-63,11010110001101001
114-64,11010101010101001
114-65,11011101010101001
114-66,11001101010101001
114-67,11001110001101001
114-68,11000011010101001
114-69,11001011010101001
114-70,11010011010101001
114-71,11011110001101001
114-72,11011011010101001
114-73,11010111010101001
114-74,11000111010101001
114-75,11000001001101001
114-76,11001111010101001
114-77,11000000110101001
114-78,11011111010101001
114-79,11010001001101001
114-80,11010000110101001
114-81,11011000110101001
114-82,11001000110101001
114-83,11001001001101001
114-84,11000100110101001
114-85,11001100110101001
114-86,11010100110101001
114-87,11011001001101001
114-88,11011100110101001
114-89,11010010110101001
114-90,11000010110101001
114-91,11000101001101001
114-92,11001010110101001
114-93,11000110110101001
114-94,11011010110101001
114-95,11010101001101001
114-96,11010110110101001
114-97,11011110110101001
114-98,11001110110101001
114-99,11001101001101001
114-100,11000001110101001
114-101,11001001110101001
114-102,11010001110101001
114-103,11011101001101001
114-104,11011001110101001
114-105,11010101110101001
114-106,11000101110101001
114-107,11000011001101001
114-108,11001101110101001
114-109,11000011110101001
114-110,11011101110101001
114-111,11010011001101001
114-112,11010011110101001
114-113,11011011110101001
114-114,11001011110101001
114-115,11001011001101001
